strat,period,fill,cost,end,total,cagr,vol,sharpe,mdd,dd_days,pos_months,n_months,years,bps,gross_bps,turn,breakeven
cls|15m,full,A,0.0,1221121.7833093505,0.2211217833093504,0.05059316538442693,0.02642663916095603,1.9131940416520454,-0.024180715033801703,174,0.72,50,4.0476190476190474,0.025722063788985394,0.025722063788985394,0.3238179529539076,0.07943371747719832
cls|15m,full,A,0.25,648340.4708469188,-0.3516595291530813,-0.10152850494619392,0.026461800206510466,-4.102700974637771,-0.3597314340455261,1011,0.12,50,4.0476190476190474,-0.055232424449491474,0.025722063788985394,0.3238179529539076,0.07943371747719832
cls|15m,full,A,0.87,134860.26272362386,-0.8651397372763762,-0.390420764321057,0.026960323037311742,-18.6641949788128,-0.8656777780348547,1018,0.0,50,4.0476190476190474,-0.25599955528091417,0.025722063788985394,0.3238179529539076,0.07943371747719832
cls|15m,full,A,cs,2226.140819692893,-0.9977738591803071,-0.7788487114886453,0.031002023032415577,-49.49713891728095,-0.997772633178494,1019,0.0,50,4.0476190476190474,-0.7806834761661668,0.025722063788985394,0.3238179529539076,0.07943371747719832
cls|15m,full,A,ar,13888.783238010921,-0.9861112167619891,-0.6523607515722367,0.028914312285585126,-37.15977398468719,-0.9861041198653862,1019,0.0,50,4.0476190476190474,-0.5466266328118676,0.025722063788985394,0.3238179529539076,0.07943371747719832
cls|15m,full,A,tick,227819.92309833269,-0.7721800769016673,-0.30611522026711424,0.026735037181233223,-13.892643406873793,-0.7735040939661347,1017,0.0,50,4.0476190476190474,-0.188960285932227,0.025722063788985394,0.3238179529539076,0.07943371747719832
cls|15m,full,B,0.0,1138348.8982611098,0.13834889826110985,0.03253155288195453,0.02627265619586991,1.2527630914899397,-0.030698477629935494,411,0.58,50,4.0476190476190474,0.016744716115990186,0.016744716115990186,0.3238179529539076,0.051710277219786015
cls|15m,full,B,0.25,604392.1319491372,-0.3956078680508628,-0.11697524175510599,0.026318943907568684,-4.795432845907801,-0.4028661111666778,1013,0.08,50,4.0476190476190474,-0.06420977212248671,0.016744716115990186,0.3238179529539076,0.051710277219786015
cls|15m,full,B,0.87,125718.10568248673,-0.8742818943175132,-0.40090142439307463,0.026846681207746692,-19.400483673040174,-0.8747813547355804,1018,0.0,50,4.0476190476190474,-0.26497690295390935,0.016744716115990186,0.3238179529539076,0.051710277219786015
cls|15m,full,B,cs,2075.2088013427406,-0.9979247911986573,-0.7826516013160422,0.030960517611118066,-50.133442044937595,-0.9979237284779339,1019,0.0,50,4.0476190476190474,-0.789660823839162,0.016744716115990186,0.3238179529539076,0.051710277219786015
cls|15m,full,B,ar,12947.18611996115,-0.9870528138800388,-0.6583383191602072,0.028843525357403144,-37.862749802903096,-0.9870466981877413,1019,0.0,50,4.0476190476190474,-0.5556039804848629,0.016744716115990186,0.3238179529539076,0.051710277219786015
cls|15m,full,B,tick,212376.35741261012,-0.7876236425873899,-0.3180451201021678,0.026610964207653413,-14.620522938531028,-0.7888648900720324,1017,0.0,50,4.0476190476190474,-0.19793763360522218,0.016744716115990186,0.3238179529539076,0.051710277219786015
cls|15m,full,C,0.0,976824.6667948244,-0.02317533320517562,-0.005776313528319754,0.025961376201244238,-0.2140273996413759,-0.07022893714974787,562,0.54,50,4.0476190476190474,-0.0028268446476718534,-0.0028268446476718534,0.3238179529539076,-0.008729734166635993
cls|15m,full,C,0.25,518630.757604188,-0.481369242395812,-0.14973712001586592,0.02603538960582946,-6.325259211183116,-0.48606655966412016,1015,0.06,50,4.0476190476190474,-0.08378133288614874,-0.0028268446476718534,0.3238179529539076,-0.008729734166635993
cls|15m,full,C,0.87,107878.01150791883,-0.8921219884920811,-0.4231305394202869,0.02663467655584969,-20.999258583465668,-0.8923066744137217,1018,0.0,50,4.0476190476190474,-0.2845484637175714,-0.0028268446476718534,0.3238179529539076,-0.008729734166635993
cls|15m,full,C,cs,1780.6716279919583,-0.998219328372008,-0.7907177104423323,0.03095647004496443,-51.38270522656222,-0.9982191404710379,1019,0.0,50,4.0476190476190474,-0.809232384602824,-0.0028268446476718534,0.3238179529539076,-0.008729734166635993
cls|15m,full,C,ar,11109.763649371434,-0.9888902363506286,-0.6710164884306127,0.028721855390255548,-39.36253520243218,-0.9888892643818396,1019,0.0,50,4.0476190476190474,-0.5751755412485249,-0.0028268446476718534,0.3238179529539076,-0.008729734166635993
cls|15m,full,C,tick,182239.523633754,-0.817760476366246,-0.3433480722824178,0.026378332921585954,-16.207850349087717,-0.8183974141620607,1018,0.0,50,4.0476190476190474,-0.21750919436888427,-0.0028268446476718534,0.3238179529539076,-0.008729734166635993
cls|15m,hold,A,0.0,1151580.1200105404,0.15158012001054044,0.04797429394606256,0.027502322516592792,1.7461043429289755,-0.024180715033806255,174,0.7297297297297297,37,3.011904761904762,0.024431178666491676,0.024431178666491676,0.3247679109564402,0.07522657824950117
cls|15m,hold,A,0.25,717756.1898325868,-0.2822438101674132,-0.10425979216844716,0.027539607562738416,-4.0512206429583815,-0.2863167057565733,758,0.08108108108108109,37,3.011904761904762,-0.05676079907261835,0.024431178666491676,0.3247679109564402,0.07522657824950117
cls|15m,hold,A,0.87,222212.66547005653,-0.7777873345299435,-0.3931003084531344,0.028030021349022802,-18.100399565194518,-0.7783544817102892,758,0.0,37,3.011904761904762,-0.2581169038656112,0.024431178666491676,0.3247679109564402,0.07522657824950117
cls|15m,hold,A,cs,10193.051426409536,-0.9898069485735904,-0.7818649216274698,0.03202168053529853,-48.3286132009267,-0.989804382943441,758,0.0,37,3.011904761904762,-0.7873236735012652,0.024431178666491676,0.3247679109564402,0.07522657824950117
cls|15m,hold,A,ar,45380.48416968285,-0.9546195158303171,-0.6418546521262081,0.029789516462750472,-35.03040340898979,-0.9546088112307538,758,0.0,37,3.011904761904762,-0.5309008847420085,0.024431178666491676,0.3247679109564402,0.07522657824950117
cls|15m,hold,A,tick,332268.11783735926,-0.6677318821626408,-0.30637190846704077,0.02780405994399879,-13.363332231988618,-0.669091712640945,758,0.0,37,3.011904761904762,-0.18902873953489147,0.024431178666491676,0.3247679109564402,0.07522657824950117
cls|15m,hold,B,0.0,1096826.8259416586,0.09682682594165848,0.031160982811151205,0.02733413895864398,1.1550659033148853,-0.030698477629938936,411,0.5945945945945946,37,3.011904761904762,0.01606264342063528,0.01606264342063528,0.3247679109564402,0.04945883776919604
cls|15m,hold,B,0.25,683628.7626868568,-0.3163712373131432,-0.11863106951530178,0.027381677384897784,-4.675324222722809,-0.32015059802480983,758,0.08108108108108109,37,3.011904761904762,-0.06512933431847474,0.01606264342063528,0.3247679109564402,0.04945883776919604
cls|15m,hold,B,0.87,211646.4011065242,-0.7883535988934758,-0.4028380156142055,0.027899275053533963,-18.77481684066738,-0.7888627576824482,758,0.0,37,3.011904761904762,-0.2664854391114676,0.01606264342063528,0.3247679109564402,0.04945883776919604
cls|15m,hold,B,cs,9708.295164256773,-0.9902917048357432,-0.7853654447476666,0.031960943011885574,-48.93512074821197,-0.9902892612206047,758,0.0,37,3.011904761904762,-0.7956922087471215,0.01606264342063528,0.3247679109564402,0.04945883776919604
cls|15m,hold,B,ar,43222.45418008803,-0.9567775458199119,-0.6476015751909412,0.029698090910352883,-35.6921249627743,-0.9567673502683967,758,0.0,37,3.011904761904762,-0.5392694199878648,0.01606264342063528,0.3247679109564402,0.04945883776919604
cls|15m,hold,B,tick,316469.0247669988,-0.6835309752330012,-0.31750093397802615,0.02766347701036565,-14.025860999456098,-0.6847798366916735,758,0.0,37,3.011904761904762,-0.1973972747807479,0.01606264342063528,0.3247679109564402,0.04945883776919604
cls|15m,hold,C,0.0,997527.6201760465,-0.002472379823953541,-0.0008215479609747778,0.027002995702398593,-0.017445542982072546,-0.07022893714975631,562,0.5405405405405406,37,3.011904761904762,-0.00023966316756761846,-0.00023966316756761846,0.3247679109564402,-0.0007379521174423033
cls|15m,hold,C,0.25,621736.0403491532,-0.3782639596508468,-0.14596839446326149,0.027074536693922437,-5.91190295057184,-0.38130566577510894,758,0.05405405405405406,37,3.011904761904762,-0.08143164090667766,-0.00023966316756761846,0.3247679109564402,-0.0007379521174423033
cls|15m,hold,C,0.87,192483.60907931576,-0.8075163909206842,-0.42136138564224257,0.0276547937504426,-20.09950238512903,-0.8077862510096931,758,0.0,37,3.011904761904762,-0.2827877456996705,-0.00023966316756761846,0.3247679109564402,-0.0007379521174423033
cls|15m,hold,C,cs,8829.113944992974,-0.991170886055007,-0.7920245805909263,0.03190736332533072,-50.02157035257223,-0.9911701233993299,758,0.0,37,3.011904761904762,-0.8119945153353244,-0.00023966316756761846,0.3247679109564402,-0.0007379521174423033
cls|15m,hold,C,ar,39308.769366837485,-0.9606912306331625,-0.6585333647588705,0.029513786851571862,-37.00073430935408,-0.9606876044087092,758,0.0,37,3.011904761904762,-0.5555717265760677,-0.00023966316756761846,0.3247679109564402,-0.0007379521174423033
cls|15m,hold,C,tick,287816.00093773426,-0.7121839990622658,-0.33867094011074494,0.027400556538223403,-15.329903848954618,-0.7130757975027016,758,0.0,37,3.011904761904762,-0.2136995813689508,-0.00023966316756761846,0.3247679109564402,-0.0007379521174423033
cls|15m,learn,A,0.0,1060388.037350081,0.060388037350080914,0.05824621157610532,0.02300691433102082,2.519006967093511,-0.017614650379038088,87,0.6923076923076923,13,1.0357142857142858,0.029484420783050972,0.029484420783050972,0.3210492471468465,0.09183768859474985
cls|15m,learn,A,0.25,903287.8852610651,-0.09671211473893493,-0.09353838005009463,0.023035079066017507,-4.332914259627553,-0.10747222613456853,252,0.23076923076923078,13,1.0357142857142858,-0.05077789100366066,0.029484420783050972,0.3210492471468465,0.09183768859474985
cls|15m,learn,A,0.87,606897.2821074214,-0.39310271789257856,-0.38256111204220167,0.023567701499366447,-20.836259772253907,-0.3939860038213304,259,0.0,13,1.0357142857142858,-0.24982842423470553,0.029484420783050972,0.3210492471468465,0.09183768859474985
cls|15m,learn,A,cs,218397.87974826567,-0.7816021202517344,-0.7698383537878656,0.02781674989488113,-53.79746890976279,-0.78150400188637,260,0.0,13,1.0357142857142858,-0.7613302491048611,0.029484420783050972,0.3210492471468465,0.09183768859474985
cls|15m,learn,A,ar,306051.89636318287,-0.6939481036368171,-0.6811941520849918,0.026187328638626866,-44.46959053145152,-0.6938227695478858,260,0.0,13,1.0357142857142858,-0.5924602063859842,0.029484420783050972,0.3210492471468465,0.09183768859474985
cls|15m,learn,A,tick,685650.8670803217,-0.31434913291967836,-0.30536821927380675,0.023342310767131166,-15.895092016359799,-0.31557090833774426,258,0.0,13,1.0357142857142858,-0.18876077407306469,0.029484420783050972,0.3210492471468465,0.09183768859474985
cls|15m,learn,B,0.0,1037856.5433825755,0.03785654338257549,0.036527594003422204,0.02290053372248178,1.6078623969573,-0.02090949531145081,145,0.5384615384615384,13,1.0357142857142858,0.018732655190593733,0.018732655190593733,0.3210492471468465,0.05834822961607974
cls|15m,learn,B,0.25,884094.0652843587,-0.11590593471564126,-0.11214232057300932,0.022943016672503855,-5.27143813438769,-0.12465407310830834,254,0.07692307692307693,13,1.0357142857142858,-0.06152965659611791,0.018732655190593733,0.3210492471468465,0.05834822961607974
cls|15m,learn,B,0.87,594000.6776643039,-0.40599932233569613,-0.3952339670375935,0.023512075749278168,-21.784398220986333,-0.40694100487309925,259,0.0,13,1.0357142857142858,-0.2605801898271627,0.018732655190593733,0.3210492471468465,0.05834822961607974
cls|15m,learn,B,cs,213756.25341337695,-0.786243746586623,-0.7745630624642603,0.027839681784173672,-54.51227567377506,-0.7861559693876564,260,0.0,13,1.0357142857142858,-0.7720820146973183,0.018732655190593733,0.3210492471468465,0.05834822961607974
cls|15m,learn,B,ar,299547.6857009631,-0.7004523142990369,-0.6877381946801224,0.026183564088107073,-45.283119140353136,-0.7003412122378274,260,0.0,13,1.0357142857142858,-0.6032119719784415,0.018732655190593733,0.3210492471468465,0.05834822961607974
cls|15m,learn,B,tick,671081.024656258,-0.3289189753437419,-0.31962517401466906,0.023274020937972567,-16.84976777376362,-0.3302400959180537,258,0.0,13,1.0357142857142858,-0.19951253966552193,0.018732655190593733,0.3210492471468465,0.05834822961607974
cls|15m,learn,C,0.0,979245.7341907201,-0.02075426580927986,-0.020045823792275708,0.02265423054696195,-0.8995239884049501,-0.0415834421772634,251,0.5384615384615384,13,1.0357142857142858,-0.010367329983642893,-0.010367329983642893,0.3210492471468465,-0.03229202396759062
cls|15m,learn,C,0.25,834165.5042434447,-0.1658344957565554,-0.16060250907679674,0.022737771798910355,-7.834612179208599,-0.1708367081241311,256,0.07692307692307693,13,1.0357142857142858,-0.09062964177035453,-0.010367329983642893,0.3210492471468465,-0.03229202396759062
cls|15m,learn,C,0.87,560452.975834777,-0.43954702416522295,-0.4282446431554555,0.023409750239714876,-24.322999867669054,-0.4397413047786449,259,0.0,13,1.0357142857142858,-0.2896801750013994,-0.010367329983642893,0.3210492471468465,-0.03229202396759062
cls|15m,learn,C,cs,201681.80398235956,-0.7983181960176404,-0.7868704210034276,0.028001881122616524,-56.2391980757176,-0.7982840285241561,260,0.0,13,1.0357142857142858,-0.8011819998715549,-0.010367329983642893,0.3210492471468465,-0.03229202396759062
cls|15m,learn,C,ar,282628.1216207215,-0.7173718783792785,-0.7047846196010348,0.026262227783431725,-47.32547418400678,-0.7173352243664102,260,0.0,13,1.0357142857142858,-0.6323119571526781,-0.010367329983642893,0.3210492471468465,-0.03229202396759062
cls|15m,learn,C,tick,633180.6537509988,-0.36681934624900125,-0.35676226869099703,0.023142785286644145,-19.416884063836452,-0.3671620745858637,259,0.0,13,1.0357142857142858,-0.22861252483975855,-0.010367329983642893,0.3210492471468465,-0.03229202396759062
cls|1h,full,A,0.0,1072344.0917771303,0.0723440917771303,0.017406066096062434,0.01905352333888053,0.9308948145538545,-0.03935541228792894,324,0.66,50,4.0476190476190474,0.00902361928934917,0.00902361928934917,0.08759319661370796,0.10301735338126719
cls|1h,full,A,0.25,903562.0087420214,-0.09643799125797858,-0.024743112772474873,0.019077866155328096,-1.3264832940325315,-0.09890930020530708,1019,0.3,50,4.0476190476190474,-0.012874679864077816,0.00902361928934917,0.08759319661370796,0.10301735338126719
cls|1h,full,A,0.87,590877.1785735965,-0.40912282142640344,-0.12189515956257158,0.019350528689656955,-6.824301752284221,-0.4103273203927682,1019,0.0,50,4.0476190476190474,-0.06718246176457675,0.00902361928934917,0.08759319661370796,0.10301735338126719
cls|1h,full,A,cs,195817.44453440898,-0.804182555465591,-0.33158585061926193,0.021454282578316,-19.091420185510188,-0.8043130067870143,1019,0.0,50,4.0476190476190474,-0.2083805064516187,0.00902361928934917,0.08759319661370796,0.10301735338126719
cls|1h,full,A,ar,320020.1887935367,-0.6799798112064633,-0.24534282601576163,0.02035230121701003,-14.060312091647008,-0.6802169885772709,1019,0.0,50,4.0476190476190474,-0.14558389646640632,0.00902361928934917,0.08759319661370796,0.10301735338126719
cls|1h,full,A,tick,680955.3696158129,-0.31904463038418707,-0.09056745944552802,0.019228253447496558,-5.013155065461588,-0.32066414723349645,1019,0.04,50,4.0476190476190474,-0.04904060651724493,0.00902361928934917,0.08759319661370796,0.10301735338126719
cls|1h,full,B,0.0,1069265.5580918354,0.06926555809183532,0.01668367172447982,0.01899989802074619,0.8954369472911952,-0.04024367313106625,325,0.64,50,4.0476190476190474,0.008655479590222318,0.008655479590222318,0.08759319661370796,0.09881451899048256
cls|1h,full,B,0.25,900967.9486985872,-0.0990320513014128,-0.0254355993908999,0.01902530743162291,-1.3681821556359821,-0.10159943782280656,1019,0.26,50,4.0476190476190474,-0.013242819563204668,0.008655479590222318,0.08759319661370796,0.09881451899048256
cls|1h,full,B,0.87,589180.6943625865,-0.41081930563741353,-0.12251870672509269,0.019301152260356728,-6.879250546599323,-0.4120878646213515,1019,0.02,50,4.0476190476190474,-0.06755060146370359,0.008655479590222318,0.08759319661370796,0.09881451899048256
cls|1h,full,B,cs,195255.18146763204,-0.804744818532368,-0.3320605341700106,0.02141206671983804,-19.16285542365474,-0.8048854550990842,1019,0.0,50,4.0476190476190474,-0.20874864615074556,0.008655479590222318,0.08759319661370796,0.09881451899048256
cls|1h,full,B,ar,319101.3354867209,-0.6808986645132791,-0.24587873231096247,0.02030642064509303,-14.127714938097489,-0.6811524166581773,1019,0.0,50,4.0476190476190474,-0.14595203616553315,0.008655479590222318,0.08759319661370796,0.09881451899048256
cls|1h,full,B,tick,679000.310396589,-0.32099968960341096,-0.09121323570641604,0.019177643558997266,-5.064117041498416,-0.32269233938280517,1019,0.06,50,4.0476190476190474,-0.04940874621637178,0.008655479590222318,0.08759319661370796,0.09881451899048256
cls|1h,full,C,0.0,1068994.4732219435,0.06899447322194341,0.016619985225716283,0.018617295543767627,0.9100294857554831,-0.0469037280607979,334,0.64,50,4.0476190476190474,0.008619397583360144,0.008619397583360144,0.08759319661370796,0.09840259194298254
cls|1h,full,C,0.25,900739.53592222,-0.09926046407778,-0.02549664626315784,0.01864316945988445,-1.4000306644364513,-0.1022432071249304,1019,0.3,50,4.0476190476190474,-0.013278901570066842,0.008619397583360144,0.08759319661370796,0.09840259194298254
cls|1h,full,C,0.87,589031.3330567519,-0.4109686669432481,-0.1225736695798727,0.01892444598635732,-7.019935226928957,-0.4124801945974266,1019,0.0,50,4.0476190476190474,-0.06758668347056576,0.008619397583360144,0.08759319661370796,0.09840259194298254
cls|1h,full,C,cs,195205.71544672345,-0.8047942845532765,-0.332102344472367,0.021071229875968114,-19.47618929138272,-0.8049566847192883,1019,0.0,50,4.0476190476190474,-0.20878472815760776,0.008619397583360144,0.08759319661370796,0.09840259194298254
cls|1h,full,C,ar,319020.7231053774,-0.6809792768946226,-0.24592580358949656,0.01993761056582749,-14.392609592419861,-0.6813052134053288,1019,0.0,50,4.0476190476190474,-0.14598811817239535,0.008619397583360144,0.08759319661370796,0.09840259194298254
cls|1h,full,C,tick,678828.1771013747,-0.32117182289862534,-0.09127016014092393,0.01879849521038977,-5.1700284127994065,-0.32314431774369967,1019,0.06,50,4.0476190476190474,-0.04944482822323394,0.008619397583360144,0.08759319661370796,0.09840259194298254
cls|1h,hold,A,0.0,1044475.0144807227,0.04447501448072266,0.014552331371280536,0.019994859227216312,0.7446554548231079,-0.03935541228792927,324,0.6486486486486487,37,3.011904761904762,0.007574929279592382,0.007574929279592382,0.08806585286844933,0.08601437484410251
cls|1h,hold,A,0.25,918804.3232745548,-0.08119567672544514,-0.027724226322558887,0.02001470275270162,-1.4182713307474728,-0.08550169751898518,745,0.2972972972972973,37,3.011904761904762,-0.014441533937519959,0.007574929279592382,0.08806585286844933,0.08601437484410251
cls|1h,hold,A,0.87,668564.2064913914,-0.33143579350860863,-0.12512752747904032,0.02026873670171634,-6.695516851970176,-0.3337099177847763,758,0.0,37,3.011904761904762,-0.06904236271595855,0.007574929279592382,0.08806585286844933,0.08601437484410251
cls|1h,hold,A,cs,291665.3059219272,-0.7083346940780728,-0.3357473678198817,0.022292486976593324,-18.647090497402647,-0.7088402855148814,758,0.0,37,3.011904761904762,-0.21148251020792927,0.007574929279592382,0.08806585286844933,0.08601437484410251
cls|1h,hold,A,ar,435596.39616945037,-0.5644036038305495,-0.241124950635644,0.021136586380514553,-13.261978505760151,-0.565201569348357,758,0.0,37,3.011904761904762,-0.1426093580909273,0.007574929279592382,0.08806585286844933,0.08601437484410251
cls|1h,hold,A,tick,745672.90026139,-0.25432709973861,-0.09283969060303332,0.02015047145286244,-4.906305967725663,-0.2571630878637643,758,0.02702702702702703,37,3.011904761904762,-0.050297302778624646,0.007574929279592382,0.08806585286844933,0.08601437484410251
cls|1h,hold,B,0.0,1041965.0521519603,0.041965052151960336,0.013742207812230456,0.019937609739424367,0.7059993019624677,-0.040243673131063806,325,0.6216216216216216,37,3.011904761904762,0.00716114090294755,0.00716114090294755,0.08806585286844933,0.08131575031294697
cls|1h,hold,B,0.25,916596.2932377785,-0.08340370676222153,-0.028500614802429824,0.019958624101296316,-1.463007740038843,-0.08956743474432693,647,0.2702702702702703,37,3.011904761904762,-0.014855322314164785,0.00716114090294755,0.08806585286844933,0.08131575031294697
cls|1h,hold,B,0.87,666957.425031973,-0.3330425749680269,-0.12582618789591726,0.020216090269630012,-6.753185644046879,-0.3353802777804997,758,0.0,37,3.011904761904762,-0.06945615109260338,0.00716114090294755,0.08806585286844933,0.08131575031294697
cls|1h,hold,B,cs,290964.29019530053,-0.7090357098046995,-0.3362778661158481,0.022246594770807634,-18.72211764491623,-0.7095526219105572,758,0.0,37,3.011904761904762,-0.21189629858457407,0.00716114090294755,0.08806585286844933,0.08131575031294697
cls|1h,hold,B,ar,434549.500051167,-0.565450499948833,-0.2417309850500854,0.021086332306345795,-13.332157181837482,-0.5662652669963437,758,0.0,37,3.011904761904762,-0.14302314646757214,0.00716114090294755,0.08806585286844933,0.08131575031294697
cls|1h,hold,B,tick,743880.8524181059,-0.256119147581894,-0.09356411483208671,0.020096428833943164,-4.959971823772021,-0.2590252940954023,758,0.05405405405405406,37,3.011904761904762,-0.05071109115526949,0.00716114090294755,0.08806585286844933,0.08131575031294697
cls|1h,hold,C,0.0,1034582.1736508051,0.03458217365080518,0.011351703838554883,0.019519006824781547,0.5977387175174441,-0.04690372806079657,334,0.5945945945945946,37,3.011904761904762,0.005935727567490417,0.005935727567490417,0.08806585286844933,0.06740101156298418
cls|1h,hold,C,0.25,910101.577602515,-0.08989842239748502,-0.030791556142343746,0.01954291100990417,-1.6173790064785152,-0.09560274012867087,647,0.2972972972972973,37,3.011904761904762,-0.016080735649621918,0.005935727567490417,0.08806585286844933,0.06740101156298418
cls|1h,hold,C,0.87,662231.3168772911,-0.3377686831227089,-0.1278877327441873,0.01981175073221419,-7.012589897665673,-0.3399146940847896,758,0.0,37,3.011904761904762,-0.0706815644280605,0.005935727567490417,0.08806585286844933,0.06740101156298418
cls|1h,hold,C,cs,288902.18843798095,-0.711097811562019,-0.3378433417294271,0.021894828951518994,-19.132921196945478,-0.7114330179818231,758,0.0,37,3.011904761904762,-0.2131217119200312,0.005935727567490417,0.08806585286844933,0.06740101156298418
cls|1h,hold,C,ar,431470.23761577666,-0.5685297623842234,-0.24351920203093147,0.020698726759689215,-13.698184069032639,-0.5691097245809102,758,0.0,37,3.011904761904762,-0.1442485598030293,0.005935727567490417,0.08806585286844933,0.06740101156298418
cls|1h,hold,C,tick,738609.7315263334,-0.26139026847366664,-0.09570171327301435,0.019688168938728413,-5.185164427665948,-0.2641357451781918,758,0.05405405405405406,37,3.011904761904762,-0.051936504490726614,0.005935727567490417,0.08806585286844933,0.06740101156298418
cls|1h,learn,A,0.0,1026682.378142155,0.026682378142155017,0.02575055201385057,0.01599732736551708,1.6275315945450652,-0.011988809931879674,94,0.6923076923076923,13,1.0357142857142858,0.013245907466249193,0.013245907466249193,0.08621561348502506,0.15363699138497575
cls|1h,learn,A,0.25,983410.7065602421,-0.0165892934397579,-0.016021856559151892,0.01603849674180687,-1.0181874906215282,-0.027325674873441952,260,0.3076923076923077,13,1.0357142857142858,-0.008307995905007068,0.013245907466249193,0.08621561348502506,0.15363699138497575
cls|1h,learn,A,0.87,883800.1987490742,-0.11619980125092577,-0.1124272632731601,0.01638360834966345,-7.40976885414855,-0.11702808834067557,260,0.0,13,1.0357142857142858,-0.0617616762657226,0.013245907466249193,0.08621561348502506,0.15363699138497575
cls|1h,learn,A,cs,671377.2277969404,-0.3286227722030597,-0.3193352263165151,0.018799231533118344,-20.842437338471875,-0.3288096212460325,260,0.0,13,1.0357142857142858,-0.19933954275561847,0.013245907466249193,0.08621561348502506,0.15363699138497575
cls|1h,learn,A,ar,734671.3416541835,-0.26532865834581654,-0.25747585839048226,0.017871117842968604,-16.965944580925843,-0.2655622909980213,260,0.0,13,1.0357142857142858,-0.15425335517043154,0.013245907466249193,0.08621561348502506,0.15363699138497575
cls|1h,learn,A,tick,913209.2226727173,-0.08679077732728269,-0.08392731433201528,0.01624477985917784,-5.4906739849530855,-0.08799554076582139,260,0.07692307692307693,13,1.0357142857142858,-0.045377894873869375,0.013245907466249193,0.08621561348502506,0.15363699138497575
cls|1h,learn,B,0.0,1026200.9804297398,0.02620098042973984,0.025286172322454448,0.015955844084446898,1.602801749195031,-0.011902336160664051,94,0.6923076923076923,13,1.0357142857142858,0.013010813394604533,0.013010813394604533,0.08621561348502506,0.15091017587973674
cls|1h,learn,B,0.25,982949.5878889324,-0.017050412111067614,-0.016467335083452217,0.015997715093682866,-1.049668503268791,-0.027381512874977254,260,0.23076923076923078,13,1.0357142857142858,-0.00854308997665173,0.013010813394604533,0.08621561348502506,0.15091017587973674
cls|1h,learn,B,0.87,883385.7638429343,-0.11661423615706568,-0.1128291186014645,0.016345131830746547,-7.455482955842468,-0.11740714655042517,260,0.07692307692307693,13,1.0357142857142858,-0.06199677033736726,0.013010813394604533,0.08621561348502506,0.15091017587973674
cls|1h,learn,B,cs,671062.3538598957,-0.32893764614010423,-0.319643450654828,0.018769224945949396,-20.900378533335633,-0.3291263261883348,260,0.0,13,1.0357142857142858,-0.19957463682726312,0.013010813394604533,0.08621561348502506,0.15091017587973674
cls|1h,learn,B,ar,734326.7808365823,-0.2656732191634177,-0.25781209648390724,0.017839823925216027,-17.021608346762193,-0.26590884159163486,260,0.0,13,1.0357142857142858,-0.15448844924207622,0.013010813394604533,0.08621561348502506,0.15091017587973674
cls|1h,learn,B,tick,912781.0027498014,-0.08721899725019866,-0.08434206783176401,0.016205648424209153,-5.532447003932686,-0.08840941210900488,260,0.07692307692307693,13,1.0357142857142858,-0.045612988945514035,0.013010813394604533,0.08621561348502506,0.15091017587973674
cls|1h,learn,C,0.0,1033262.0263982832,0.03326202639828324,0.0320968502617236,0.01569637014550108,2.058860363248405,-0.00861794984086317,67,0.7692307692307693,13,1.0357142857142858,0.016441104161298216,0.016441104161298216,0.08621561348502506,0.19069752561876627
cls|1h,learn,C,0.25,989713.1903617058,-0.010286809638294203,-0.009933859889763252,0.015729815900554438,-0.6388961060084188,-0.0212461903975264,260,0.3076923076923077,13,1.0357142857142858,-0.005112799209958049,0.016441104161298216,0.08621561348502506,0.19069752561876627
cls|1h,learn,C,0.87,889464.6297222731,-0.11053537027772686,-0.10693541799554052,0.01606088894144421,-7.167615233740882,-0.11127689259849938,260,0.0,13,1.0357142857142858,-0.05856647957067358,0.016441104161298216,0.08621561348502506,0.19069752561876627
cls|1h,learn,C,cs,675680.9856725254,-0.3243190143274747,-0.31512285510371585,0.018461759108866285,-20.883238934230192,-0.3244640737790375,260,0.0,13,1.0357142857142858,-0.1961443460605695,0.016441104161298216,0.08621561348502506,0.19069752561876627
cls|1h,learn,C,ar,739380.5998490608,-0.2606194001509392,-0.252880894308783,0.01753209155737784,-16.9357954427441,-0.26080749415200444,260,0.0,13,1.0357142857142858,-0.15105815847538254,0.016441104161298216,0.08621561348502506,0.19069752561876627
cls|1h,learn,C,tick,919062.0541900975,-0.08093794580990255,-0.07825921028180027,0.015924441455819643,-5.206732793129643,-0.08226049839666905,260,0.07692307692307693,13,1.0357142857142858,-0.04218269817882035,0.016441104161298216,0.08621561348502506,0.19069752561876627
cls|2h,full,A,0.0,1065301.3514032462,0.06530135140324611,0.015751139217055954,0.019884466308196607,0.8095192003748841,-0.029992609497181744,405,0.66,50,4.0476190476190474,0.008189284323205452,0.008189284323205452,0.05019748731318784,0.1631413196463714
cls|2h,full,A,0.25,965715.9498419053,-0.03428405015809477,-0.008581744227526222,0.019895941003062346,-0.4307505736315144,-0.07493494743046247,915,0.54,50,4.0476190476190474,-0.004360087505091511,0.008189284323205452,0.05019748731318784,0.1631413196463714
cls|2h,full,A,0.87,757076.4152681761,-0.24292358473182385,-0.06644394374050178,0.02004696095873821,-3.479054027316017,-0.26094508218573,958,0.16,50,4.0476190476190474,-0.03548252963926798,0.008189284323205452,0.05019748731318784,0.1631413196463714
cls|2h,full,A,cs,402868.8540462233,-0.5971311459537767,-0.2011739727526699,0.02126975522239692,-10.732434182208264,-0.5994860485235068,1018,0.0,50,4.0476190476190474,-0.1161356573036505,0.008189284323205452,0.05019748731318784,0.1631413196463714
cls|2h,full,A,ar,533795.7746784431,-0.4662042253215569,-0.14366120237173596,0.02060477709678003,-7.646935072449717,-0.4694323142816721,1018,0.02,50,4.0476190476190474,-0.08016045616675616,0.008189284323205452,0.05019748731318784,0.1631413196463714
cls|2h,full,A,tick,821354.9216948344,-0.17864507830516563,-0.04745808366110427,0.019977863731276743,-2.4659279403203427,-0.20059593013276722,958,0.22,50,4.0476190476190474,-0.025063071002679956,0.008189284323205452,0.05019748731318784,0.1631413196463714
cls|2h,full,B,0.0,1062438.3786764545,0.06243837867645463,0.015076032718499333,0.019845132707831413,0.7770014777317519,-0.029891513648642287,406,0.66,50,4.0476190476190474,0.00784477891726075,0.00784477891726075,0.05019748731318784,0.15627831864006023
cls|2h,full,B,0.25,963120.5440323728,-0.036879455967627206,-0.009240695086689343,0.019857463815272924,-0.46568624835264144,-0.076936598347085,915,0.52,50,4.0476190476190474,-0.004704592911036211,0.00784477891726075,0.05019748731318784,0.15627831864006023
cls|2h,full,B,0.87,755041.6083675983,-0.24495839163240174,-0.067064475711622,0.020010825936215296,-3.519176085451928,-0.26285490252732213,958,0.16,50,4.0476190476190474,-0.03582703504521269,0.00784477891726075,0.05019748731318784,0.15627831864006023
cls|2h,full,B,cs,401785.8846547077,-0.5982141153452923,-0.20170503452712785,0.02124052470115438,-10.77908437024332,-0.6004643174708282,1018,0.0,50,4.0476190476190474,-0.11648016270959523,0.00784477891726075,0.05019748731318784,0.15627831864006023
cls|2h,full,B,ar,532360.977617547,-0.4676390223824529,-0.14423045006120205,0.02057189965388486,-7.692072931019676,-0.4707281246137174,1018,0.02,50,4.0476190476190474,-0.08050496157270084,0.00784477891726075,0.05019748731318784,0.15627831864006023
cls|2h,full,B,tick,819147.3976668649,-0.18085260233313505,-0.04809122247615294,0.019940940526413542,-2.504452190840305,-0.20266166049700451,958,0.2,50,4.0476190476190474,-0.02540757640862466,0.00784477891726075,0.05019748731318784,0.15627831864006023
cls|2h,full,C,0.0,1069180.1261711677,0.06918012617116776,0.01666360234829778,0.01967829226008225,0.8642135261553727,-0.026120571754298716,320,0.7,50,4.0476190476190474,0.008651936478836823,0.008651936478836823,0.05019748731318784,0.17235795937068335
cls|2h,full,C,0.25,969232.2160051527,-0.030767783994847364,-0.007691118660057672,0.019688861948041557,-0.389093028490703,-0.06566839649387124,915,0.56,50,4.0476190476190474,-0.003897435349460139,0.008651936478836823,0.05019748731318784,0.17235795937068335
cls|2h,full,C,0.87,759833.1659058059,-0.24016683409419415,-0.06560524876332618,0.01983893504534972,-3.4696958795664377,-0.2535434776179568,955,0.1,50,4.0476190476190474,-0.03501987748363661,0.008651936478836823,0.05019748731318784,0.17235795937068335
cls|2h,full,C,cs,404336.377036273,-0.595663622963727,-0.20045604775033676,0.021057934627936894,-10.797206038302829,-0.5977148141643087,1018,0.0,50,4.0476190476190474,-0.11567300514801913,0.008651936478836823,0.05019748731318784,0.17235795937068335
cls|2h,full,C,ar,535739.6765038309,-0.4642603234961691,-0.14289180511275745,0.020398412355670942,-7.679715501030924,-0.46710694677297127,1018,0.02,50,4.0476190476190474,-0.07969780401112479,0.008651936478836823,0.05019748731318784,0.17235795937068335
cls|2h,full,C,tick,824345.6548585456,-0.1756543451414544,-0.046602353600795676,0.019770219029135384,-2.4458294171904993,-0.19272807308210704,955,0.2,50,4.0476190476190474,-0.024600418847048586,0.008651936478836823,0.05019748731318784,0.17235795937068335
cls|2h,hold,A,0.0,1008077.5486086324,0.008077548608632412,0.002674670906882115,0.02037595707846146,0.1434738546503635,-0.029992609497175415,405,0.5945945945945946,37,3.011904761904762,0.0014872899390706265,0.0014872899390706265,0.050495157060574336,0.02945411056522635
cls|2h,hold,A,0.25,936636.2444647643,-0.06336375553523577,-0.02149937125692236,0.020389370523587774,-1.0735938635283178,-0.07295566386040686,743,0.4864864864864865,37,3.011904761904762,-0.011136499326072956,0.0014872899390706265,0.050495157060574336,0.02945411056522635
cls|2h,hold,A,0.87,780546.1733704822,-0.21945382662951785,-0.07896818193635691,0.020543592493430525,-4.060971183464221,-0.22459560541345758,755,0.08108108108108109,37,3.011904761904762,-0.04244349670362904,0.0014872899390706265,0.050495157060574336,0.02945411056522635
cls|2h,hold,A,cs,485275.36455643375,-0.5147246354435662,-0.21341957807729584,0.021777971717557243,-11.19669967038053,-0.5165222801182201,755,0.0,37,3.011904761904762,-0.12405444075678147,0.0014872899390706265,0.050495157060574336,0.02945411056522635
cls|2h,hold,A,ar,611183.9622689238,-0.3888160377310762,-0.1508083667153406,0.021055070214726787,-7.8833894178931665,-0.3913496171035341,755,0.02702702702702703,37,3.011904761904762,-0.08444511483708525,0.0014872899390706265,0.050495157060574336,0.02945411056522635
cls|2h,hold,A,tick,830904.3193666091,-0.16909568063339087,-0.0596497040155316,0.020473172176148448,-3.044129886119096,-0.17567790664178407,748,0.16216216216216217,37,3.011904761904762,-0.03170685555813769,0.0014872899390706265,0.050495157060574336,0.02945411056522635
cls|2h,hold,B,0.0,1006950.2291387442,0.006950229138744213,0.002302249914178933,0.020331216506689977,0.12516660808364286,-0.029891513648639734,406,0.5945945945945946,37,3.011904761904762,0.0012946629061643038,0.0012946629061643038,0.050495157060574336,0.025639348039084565
cls|2h,hold,B,0.25,935588.7865316276,-0.06441121346837231,-0.02186282386417371,0.02034517563434739,-1.0945361775896993,-0.07395683357781146,743,0.4594594594594595,37,3.011904761904762,-0.011329126358979279,0.0012946629061643038,0.050495157060574336,0.025639348039084565
cls|2h,hold,B,0.87,779673.2112599737,-0.2203267887400263,-0.07931031298561819,0.020501000521324506,-4.087876819931884,-0.22544824725952373,748,0.08108108108108109,37,3.011904761904762,-0.042636123736535365,0.0012946629061643038,0.050495157060574336,0.025639348039084565
cls|2h,hold,B,cs,484732.5118386033,-0.5152674881613968,-0.21371183041997377,0.02174155391481118,-11.232869435382826,-0.5169646831557496,755,0.0,37,3.011904761904762,-0.12424706778968778,0.0012946629061643038,0.050495157060574336,0.025639348039084565
cls|2h,hold,B,ar,610500.3598516803,-0.3894996401483196,-0.1511238369726723,0.021014892171900963,-7.916478659933402,-0.3919064636715449,755,0.02702702702702703,37,3.011904761904762,-0.08463774186999158,0.0012946629061643038,0.050495157060574336,0.025639348039084565
cls|2h,hold,B,tick,829975.0583660929,-0.17002494163390713,-0.05999900307518413,0.02043002113082203,-3.069092419408243,-0.17660161132368424,748,0.13513513513513514,37,3.011904761904762,-0.03189948259104401,0.0012946629061643038,0.050495157060574336,0.025639348039084565
cls|2h,hold,C,0.0,1024059.2949421842,0.024059294942184284,0.00792472239090869,0.02020221344660985,0.4073675268782219,-0.026120571754293276,320,0.6486486486486487,37,3.011904761904762,0.004186877151613462,0.004186877151613462,0.050495157060574336,0.08291641011415916
cls|2h,hold,C,0.25,951485.727583836,-0.04851427241616402,-0.016375777812159154,0.020210028478556515,-0.820562646309506,-0.0588354363836302,743,0.5135135135135135,37,3.011904761904762,-0.008436912113530122,0.004186877151613462,0.050495157060574336,0.08291641011415916
cls|2h,hold,C,0.87,792921.708663559,-0.20707829133644096,-0.07414522847132321,0.020351540030046893,-3.838561031761834,-0.21240409982976582,743,0.05405405405405406,37,3.011904761904762,-0.039743909491086214,0.004186877151613462,0.050495157060574336,0.08291641011415916
cls|2h,hold,C,cs,492970.9568670406,-0.5070290431329594,-0.2092998407984703,0.02154926079948197,-11.069293854028146,-0.5085869276838859,755,0.0,37,3.011904761904762,-0.12135485354423865,0.004186877151613462,0.050495157060574336,0.08291641011415916
cls|2h,hold,C,ar,620875.2565964101,-0.3791247434035899,-0.1463611494022511,0.020842972787668734,-7.709025518368598,-0.381360776194987,755,0.02702702702702703,37,3.011904761904762,-0.08174552762454243,0.004186877151613462,0.050495157060574336,0.08291641011415916
cls|2h,hold,C,tick,844078.0521904714,-0.1559219478095285,-0.05472567522400196,0.020284685642699873,-2.8108242673516908,-0.163121234825099,743,0.13513513513513514,37,3.011904761904762,-0.02900726834559485,0.004186877151613462,0.050495157060574336,0.08291641011415916
cls|2h,learn,A,0.0,1056765.2784982536,0.056765278498253524,0.05475523468700527,0.018374901786133865,2.9655443667733947,-0.01093494668626993,99,0.8461538461538461,13,1.0357142857142858,0.027722622345280664,0.027722622345280664,0.04932991216146734,0.5619840200513351
cls|2h,learn,A,0.25,1031046.9571821106,0.03104695718211059,0.029960495453083436,0.018380096861979764,1.6458491961657828,-0.015253852552713831,156,0.6923076923076923,13,1.0357142857142858,0.01539014430491383,0.027722622345280664,0.04932991216146734,0.5619840200513351
cls|2h,learn,A,0.87,969931.6210840482,-0.03006837891595182,-0.029046747284312002,0.018521256404984164,-1.6125318075000563,-0.05061395939302937,199,0.38461538461538464,13,1.0357142857142858,-0.015194401235195925,0.027722622345280664,0.04932991216146734,0.5619840200513351
cls|2h,learn,A,cs,830186.0829355442,-0.1698139170644558,-0.16446912623173238,0.0197108856948227,-9.279680171475636,-0.1729207173955275,259,0.0,13,1.0357142857142858,-0.09305591938566797,0.027722622345280664,0.04932991216146734,0.5619840200513351
cls|2h,learn,A,ar,873379.8784523258,-0.1266201215476742,-0.12253327032486827,0.019231758884027672,-6.9165395149369875,-0.1300208829705196,259,0.0,13,1.0357142857142858,-0.06767257848143968,0.027722622345280664,0.04932991216146734,0.5619840200513351
cls|2h,learn,A,tick,988507.2234561803,-0.01149277654381975,-0.011098681450447456,0.018456403214498384,-0.6069827619694586,-0.03606163631458237,199,0.38461538461538464,13,1.0357142857142858,-0.0056993887867105315,0.027722622345280664,0.04932991216146734,0.5619840200513351
cls|2h,learn,B,0.0,1055105.1560762697,0.055105156076269646,0.05315536329784232,0.018352992622627556,2.8847795632197477,-0.0111525397727672,103,0.8461538461538461,13,1.0357142857142858,0.026935458914162987,0.026935458914162987,0.04932991216146734,0.5460268979599533
cls|2h,learn,B,0.25,1029427.1991040261,0.029427199104026025,0.028398196721864055,0.018360057945963373,1.5633730182123131,-0.01612394764290126,156,0.6923076923076923,13,1.0357142857142858,0.014602980873796152,0.026935458914162987,0.04932991216146734,0.5460268979599533
cls|2h,learn,B,0.87,968407.7860613479,-0.03159221393865208,-0.03051962590160595,0.018505957107624642,-1.6974730528886504,-0.05213311215591099,199,0.38461538461538464,13,1.0357142857142858,-0.0159815646663136,0.026935458914162987,0.04932991216146734,0.5460268979599533
cls|2h,learn,B,cs,828881.6508938578,-0.1711183491061422,-0.16573672064544187,0.01970480519583351,-9.361065067706257,-0.17419689408577432,259,0.0,13,1.0357142857142858,-0.09384308281678565,0.026935458914162987,0.04932991216146734,0.5460268979599533
cls|2h,learn,B,ar,872007.63935157,-0.12799236064843,-0.12386442668312536,0.019222132034818845,-7.000496534909527,-0.13136319376504046,259,0.0,13,1.0357142857142858,-0.06845974191255734,0.026935458914162987,0.04932991216146734,0.5460268979599533
cls|2h,learn,B,tick,986954.2336361902,-0.01304576636380983,-0.012598758342452498,0.018439568931701077,-0.6914460466287553,-0.03762186423091851,199,0.38461538461538464,13,1.0357142857142858,-0.006486552217828207,0.026935458914162987,0.04932991216146734,0.5460268979599533
cls|2h,learn,C,0.0,1044060.7603991596,0.044060760399159626,0.04250958675506711,0.01806406425448425,2.3574931232661527,-0.011270269787266085,128,0.8461538461538461,13,1.0357142857142858,0.02166560198320337,0.02166560198320337,0.04932991216146734,0.4391980653094866
cls|2h,learn,C,0.25,1018651.3448461099,0.018651344846109863,0.018002440935446673,0.018083619723922317,1.0144643993907452,-0.019511859124412,156,0.6923076923076923,13,1.0357142857142858,0.009333123942836532,0.02166560198320337,0.04932991216146734,0.4391980653094866
cls|2h,learn,C,0.87,958270.1010752815,-0.041729898924718456,-0.040320351675731336,0.01826214148158363,-2.2873437013794247,-0.056501072427473376,196,0.23076923076923078,13,1.0357142857142858,-0.021251421597273223,0.02166560198320337,0.04932991216146734,0.4391980653094866
cls|2h,learn,C,cs,820203.2420042412,-0.17979675799575878,-0.17417180479684902,0.0195543088907427,-9.962837114657479,-0.18277493959620328,259,0.0,13,1.0357142857142858,-0.09911293974774527,0.02166560198320337,0.04932991216146734,0.4391980653094866
cls|2h,learn,C,ar,862878.123764687,-0.13712187623531302,-0.13272246315175573,0.019043859506109366,-7.609954244848581,-0.14041876811967013,259,0.0,13,1.0357142857142858,-0.07372959884351697,0.02166560198320337,0.04932991216146734,0.4391980653094866
cls|2h,learn,C,tick,976622.5442295119,-0.02337745577048811,-0.02258050842150705,0.01818723729109045,-1.2705831816566056,-0.04227151215884439,196,0.38461538461538464,13,1.0357142857142858,-0.011756409148787832,0.02166560198320337,0.04932991216146734,0.4391980653094866
cls|30m,full,A,0.0,1121506.038614699,0.12150603861469889,0.028735978124717176,0.023387399835141418,1.244055094704213,-0.025890862794343605,196,0.7,50,4.0476190476190474,0.01480220488237289,0.01480220488237289,0.16190590423692425,0.09142473804236412
cls|30m,full,A,0.25,817196.9238222467,-0.18280307617775327,-0.04865170677535857,0.023400034356779075,-2.1566356124008177,-0.18765961291186695,1016,0.24,50,4.0476190476190474,-0.025674271176858166,0.01480220488237289,0.16190590423692425,0.09142473804236412
cls|30m,full,A,0.87,372713.12100399623,-0.6272868789960038,-0.21638212659266287,0.023723540112862814,-10.44429028613273,-0.6282489966364497,1019,0.0,50,4.0476190476190474,-0.12605593180375116,0.01480220488237289,0.16190590423692425,0.09142473804236412
cls|30m,full,A,cs,48218.03161852279,-0.9517819683814772,-0.5272023789596734,0.026499021175498752,-28.744489437448674,-0.9517851510250147,1019,0.0,50,4.0476190476190474,-0.38751568695657956,0.01480220488237289,0.16190590423692425,0.09142473804236412
cls|30m,full,A,ar,119303.95778674497,-0.880696042213255,-0.4086025687539062,0.02504798269459311,-21.320956502701353,-0.8807155446517605,1019,0.0,50,4.0476190476190474,-0.2716966572608038,0.01480220488237289,0.16190590423692425,0.09142473804236412
cls|30m,full,A,tick,485853.00762215804,-0.5141469923778419,-0.16334142160044796,0.02357004925146756,-7.68562421622923,-0.5156498469944588,1019,0.02,50,4.0476190476190474,-0.09216043004924437,0.01480220488237289,0.16190590423692425,0.09142473804236412
cls|30m,full,B,0.0,1094007.83481004,0.09400783481003994,0.022445910193994,0.023245170312774892,0.9831070410434225,-0.029548849367490138,253,0.7,50,4.0476190476190474,0.011626216221378981,0.011626216221378981,0.16190590423692425,0.071808475893293
cls|30m,full,B,0.25,797159.597893662,-0.2028404021063379,-0.05446873775647021,0.023263262652136484,-2.437666271720231,-0.2068433603918005,1016,0.24,50,4.0476190476190474,-0.028850259837852072,0.011626216221378981,0.16190590423692425,0.071808475893293
cls|30m,full,B,0.87,363573.8124708009,-0.6364261875291991,-0.22117385313441407,0.02360179875300133,-10.762665402068162,-0.637202812321162,1019,0.0,50,4.0476190476190474,-0.12923192046474508,0.011626216221378981,0.16190590423692425,0.071808475893293
cls|30m,full,B,cs,47035.472728185145,-0.9529645272718148,-0.5300939796565037,0.026425065758370326,-29.061178678454215,-0.9529588751176616,1019,0.0,50,4.0476190476190474,-0.3906916756175734,0.011626216221378981,0.16190590423692425,0.071808475893293
cls|30m,full,B,ar,116378.28175423748,-0.8836217182457625,-0.4122191661056851,0.024948174196895805,-21.65648149479056,-0.8836181694477728,1019,0.0,50,4.0476190476190474,-0.2748726459217977,0.011626216221378981,0.16190590423692425,0.071808475893293
cls|30m,full,B,tick,473939.6223513239,-0.5260603776486761,-0.16845738602829696,0.02344321786369204,-7.993495846279358,-0.5273113931184674,1019,0.02,50,4.0476190476190474,-0.09533641871023828,0.011626216221378981,0.16190590423692425,0.071808475893293
cls|30m,full,C,0.0,987460.6107433467,-0.01253938925665321,-0.00311269945115511,0.0228633453944746,-0.1272869711397449,-0.05417304697932357,646,0.58,50,4.0476190476190474,-0.0014805687756331454,-0.0014805687756331454,0.16190590423692425,-0.009144624975915406
cls|30m,full,C,0.25,719520.9961552504,-0.28047900384474966,-0.07810527868850636,0.022906440490527803,-3.600330979468945,-0.28411755231660274,1015,0.06,50,4.0476190476190474,-0.04195704483486419,-0.0014805687756331454,0.16190590423692425,-0.009144624975915406
cls|30m,full,C,0.87,328161.71885355643,-0.6718382811464436,-0.24064431222131155,0.02331041459044273,-12.00240168917202,-0.6727799460214907,1018,0.0,50,4.0476190476190474,-0.1423387054617572,-0.0014805687756331454,0.16190590423692425,-0.009144624975915406
cls|30m,full,C,cs,42453.35779098224,-0.9575466422090178,-0.5418438039637687,0.026333356502755447,-30.14071731041875,-0.9575572492012884,1019,0.0,50,4.0476190476190474,-0.40379846061458563,-0.0014805687756331454,0.16190590423692425,-0.009144624975915406
cls|30m,full,C,ar,105042.10581449083,-0.8949578941855092,-0.42691479353848993,0.024747597301377145,-22.873023288709845,-0.894990196860439,1019,0.0,50,4.0476190476190474,-0.2879794309188098,-0.0014805687756331454,0.16190590423692425,-0.009144624975915406
cls|30m,full,C,tick,427778.8242005956,-0.5722211757994045,-0.18924530972549913,0.023130071388629648,-9.21553408225775,-0.5736973331810955,1018,0.0,50,4.0476190476190474,-0.10844320370725041,-0.0014805687756331454,0.16190590423692425,-0.009144624975915406
cls|30m,hold,A,0.0,1102410.3706062592,0.10241037060625913,0.03290086652986468,0.02459266041181718,1.3506346095271067,-0.025890862794342495,196,0.7567567567567568,37,3.011904761904762,0.016898503404836902,0.016898503404836902,0.16188834394131338,0.1043836943008252
cls|30m,hold,A,0.25,870960.7366798853,-0.12903926332011473,-0.0448346069037745,0.024599623813418972,-1.883615549232008,-0.14091967104939174,647,0.24324324324324326,37,3.011904761904762,-0.023573582580491435,0.016898503404836902,0.16188834394131338,0.1043836943008252
cls|30m,hold,A,0.87,485481.8911361496,-0.5145181088638504,-0.21330844895501822,0.024895279715782634,-9.785992709831394,-0.5157560078722672,758,0.0,37,3.011904761904762,-0.1239443558241057,0.016898503404836902,0.16188834394131338,0.1043836943008252
cls|30m,hold,A,cs,105094.41447329748,-0.8949055855267025,-0.5266864150418871,0.027549769510848542,-27.591082568654922,-0.8949112130113032,758,0.0,37,3.011904761904762,-0.3867154890726669,0.016898503404836902,0.16188834394131338,0.1043836943008252
cls|30m,hold,A,ar,218971.36258110814,-0.7810286374188918,-0.3960539268154898,0.02604837915480701,-19.669873155304412,-0.7810564696958655,758,0.0,37,3.011904761904762,-0.260667640352223,0.016898503404836902,0.16188834394131338,0.1043836943008252
cls|30m,hold,A,tick,594674.7437588692,-0.4053252562411308,-0.15849398747163435,0.024749135302606407,-7.076796321141063,-0.40714954953412286,758,0.02702702702702703,37,3.011904761904762,-0.08910489909488573,0.016898503404836902,0.16188834394131338,0.1043836943008252
cls|30m,hold,B,0.0,1081046.0891441521,0.08104608914415201,0.026211347911915484,0.024429738854060336,1.0890576805575825,-0.02954884936749269,253,0.7567567567567568,37,3.011904761904762,0.013535508105937316,0.013535508105937316,0.16188834394131338,0.0836101462057337
cls|30m,hold,B,0.25,854081.455608189,-0.14591854439181107,-0.05102082517188078,0.024442178459714175,-2.1661955200514544,-0.15313334042210502,647,0.24324324324324326,37,3.011904761904762,-0.02693657787939102,0.013535508105937316,0.16188834394131338,0.0836101462057337
cls|30m,hold,B,0.87,476072.6604994003,-0.5239273395005997,-0.2184038342124952,0.02475301485793763,-10.109286921351945,-0.5249416311756461,758,0.0,37,3.011904761904762,-0.1273073511230053,0.013535508105937316,0.16188834394131338,0.0836101462057337
cls|30m,hold,B,cs,103057.19868265283,-0.8969428013173472,-0.529752599878145,0.02745772695182623,-27.924316904526393,-0.8969318212270132,758,0.0,37,3.011904761904762,-0.3900784843715665,0.013535508105937316,0.16188834394131338,0.0836101462057337
cls|30m,hold,B,ar,214727.16168804077,-0.7852728383119593,-0.3999659229383433,0.025925303242736394,-20.018227465912137,-0.785264081219052,758,0.0,37,3.011904761904762,-0.2640306356511226,0.013535508105937316,0.16188834394131338,0.0836101462057337
cls|30m,hold,B,tick,583149.4496995793,-0.41685055030042073,-0.1639442967766208,0.024601612080296185,-7.3879261500100935,-0.4183951148975661,758,0.02702702702702703,37,3.011904761904762,-0.09246789439378533,0.013535508105937316,0.16188834394131338,0.0836101462057337
cls|30m,hold,C,0.0,986253.0570179214,-0.01374694298207868,-0.004585320011007976,0.02400404387966469,-0.18266596477144392,-0.05417304697931957,646,0.5675675675675675,37,3.011904761904762,-0.0022307294636218084,-0.0022307294636218084,0.16188834394131338,-0.013779432226636877
cls|30m,hold,C,0.25,779188.2670106576,-0.22081173298934242,-0.0795004827575373,0.024045156688568207,-3.490792558917382,-0.223259411205472,758,0.08108108108108109,37,3.011904761904762,-0.042702815448950146,-0.0022307294636218084,0.16188834394131338,-0.013779432226636877
cls|30m,hold,C,0.87,434323.94529643405,-0.565676054703566,-0.24186168340197411,0.02443056676847917,-11.511212515009994,-0.5665667714541841,758,0.0,37,3.011904761904762,-0.14307358869256442,-0.0022307294636218084,0.16188834394131338,-0.013779432226636877
cls|30m,hold,C,cs,94017.93063674592,-0.9059820693632541,-0.5438688682696633,0.02737068771317364,-29.145354103160738,-0.905986644725126,758,0.0,37,3.011904761904762,-0.4058447219411257,-0.0022307294636218084,0.16188834394131338,-0.013779432226636877
cls|30m,hold,C,ar,195895.3444041454,-0.8041046555958546,-0.41797610790311956,0.025704153565217006,-21.396103653333,-0.8041208065352592,758,0.0,37,3.011904761904762,-0.2797968732206817,-0.0022307294636218084,0.16188834394131338,-0.013779432226636877
cls|30m,hold,C,tick,532011.796380991,-0.46798820361900895,-0.1890360930970536,0.02425403682883078,-8.771529922567769,-0.46935493645991366,758,0.0,37,3.011904761904762,-0.10823413196334444,-0.0022307294636218084,0.16188834394131338,-0.013779432226636877
cls|30m,learn,A,0.0,1017321.7419915344,0.017321741991534356,0.01671947535097451,0.019453486158364307,0.878291493338936,-0.012652582378115618,65,0.5384615384615384,13,1.0357142857142858,0.008692425421590409,0.008692425421590409,0.16195708470206252,0.05367116503474399
cls|30m,learn,A,0.25,938270.6813367975,-0.061729318663202415,-0.059665548714653016,0.019487272915628333,-3.207215308397102,-0.06362176367926375,257,0.23076923076923078,13,1.0357142857142858,-0.03179684575392522,0.008692425421590409,0.16195708470206252,0.05367116503474399
cls|30m,learn,A,0.87,767717.8650922723,-0.23228213490772776,-0.225252451267837,0.019919360004137802,-13.046224591952987,-0.23225948126632756,260,0.0,13,1.0357142857142858,-0.13221023826920397,0.008692425421590409,0.16195708470206252,0.05367116503474399
cls|30m,learn,A,cs,458806.7963476242,-0.5411932036523758,-0.5286996318684654,0.023166870129547348,-33.07676197438393,-0.5410953061096154,260,0.0,13,1.0357142857142858,-0.3898479085096168,0.008692425421590409,0.16195708470206252,0.05367116503474399
cls|30m,learn,A,ar,544838.1760083173,-0.4551618239916827,-0.44363249932591453,0.021867164721623835,-27.31175051406088,-0.4550672171982768,260,0.0,13,1.0357142857142858,-0.3038413447938867,0.008692425421590409,0.16195708470206252,0.05367116503474399
cls|30m,learn,A,tick,817006.2924669129,-0.18299370753308708,-0.17727989248795495,0.019735733037798124,-10.065763627501205,-0.18298571605567682,260,0.0,13,1.0357142857142858,-0.10106594616093924,0.008692425421590409,0.16195708470206252,0.05367116503474399
cls|30m,learn,B,0.0,1011990.0028278177,0.011990002827817703,0.011574171135191547,0.01938438007310885,0.6146413386292994,-0.012913983879263458,66,0.5384615384615384,13,1.0357142857142858,0.006061478081316003,0.006061478081316003,0.16195708470206252,0.03742644597775234
cls|30m,learn,B,0.25,933353.127689686,-0.06664687231031396,-0.06442440572229635,0.01942359930257827,-3.483971690920135,-0.06794619081151121,257,0.23076923076923078,13,1.0357142857142858,-0.034427793094199625,0.006061478081316003,0.16195708470206252,0.03742644597775234
cls|30m,learn,B,0.87,763693.953963681,-0.236306046036319,-0.22917353660082984,0.019869952770366094,-13.338926241902055,-0.2362635954590101,260,0.0,13,1.0357142857142858,-0.13484118560947841,0.006061478081316003,0.16195708470206252,0.03742644597775234
cls|30m,learn,B,cs,456401.622879565,-0.543598377120435,-0.5310853201465474,0.023154679943269064,-33.31751684534962,-0.5434890863242277,260,0.0,13,1.0357142857142858,-0.39247885584989123,0.006061478081316003,0.16195708470206252,0.03742644597775234
cls|30m,learn,B,ar,541982.1173965433,-0.45801788260345677,-0.4464486811624986,0.02184700710196914,-27.573659614209156,-0.45790963381383765,260,0.0,13,1.0357142857142858,-0.30647229213416105,0.006061478081316003,0.16195708470206252,0.03742644597775234
cls|30m,learn,B,tick,812724.1183121606,-0.18727588168783937,-0.18144369751333445,0.019681946043919145,-10.35601933930507,-0.18723975718664643,260,0.0,13,1.0357142857142858,-0.10369689350121365,0.006061478081316003,0.16195708470206252,0.03742644597775234
cls|30m,learn,C,0.0,1001224.3852800615,0.001224385280061524,0.0011821401529072961,0.019155564013989036,0.07242559099351341,-0.01325581544727561,163,0.6153846153846154,13,1.0357142857142858,0.0007058165672197935,0.0007058165672197935,0.16195708470206252,0.0043580468771601995
cls|30m,learn,C,0.25,923423.8073369453,-0.07657619266305471,-0.07403593288610433,0.019206756658399732,-4.071398402596393,-0.07906350028846576,256,0.0,13,1.0357142857142858,-0.03978345460829583,0.0007058165672197935,0.16195708470206252,0.0043580468771601995
cls|30m,learn,C,0.87,755569.0226325875,-0.24443097736741248,-0.23709302169653834,0.019685885846311788,-13.998400928334515,-0.2450046743717672,259,0.0,13,1.0357142857142858,-0.1401968471235746,0.0007058165672197935,0.16195708470206252,0.0043580468771601995
cls|30m,learn,C,cs,451545.33293237083,-0.5484546670676291,-0.5359035914587079,0.02304558510183249,-33.93203183495972,-0.5484435612758205,260,0.0,13,1.0357142857142858,-0.3978345173639874,0.0007058165672197935,0.16195708470206252,0.0043580468771601995
cls|30m,learn,C,ar,536215.4273446301,-0.4637845726553699,-0.4521364185051302,0.021717807270707806,-28.22241757885526,-0.46379268138195473,260,0.0,13,1.0357142857142858,-0.3118279536482573,0.0007058165672197935,0.16195708470206252,0.0043580468771601995
cls|30m,learn,C,tick,804077.7048752609,-0.19592229512473902,-0.18985341464482963,0.019488408488088173,-10.999035773963364,-0.1966420255806126,259,0.0,13,1.0357142857142858,-0.10905255501530986,0.0007058165672197935,0.16195708470206252,0.0043580468771601995
cls|4h,full,A,0.0,1120449.2214832243,0.12044922148322423,0.02849639476426291,0.01975440271528095,1.4568840781356585,-0.03874952054307135,367,0.72,50,4.0476190476190474,0.014641775940665767,0.014641775940665767,0.02587319299233103,0.5659052574224479
cls|4h,full,A,0.25,1065179.8712767228,0.06517987127672287,0.015722521229536213,0.019763913701917695,0.8128849374090468,-0.039854336804210355,367,0.62,50,4.0476190476190474,0.008173477692583014,0.014641775940665767,0.02587319299233103,0.5659052574224479
cls|4h,full,A,0.87,939586.7749849046,-0.060413225015095384,-0.015277590852461831,0.019854876151357583,-0.7789093208094092,-0.07937893055053902,413,0.44,50,4.0476190476190474,-0.007867901962662223,0.014641775940665767,0.02587319299233103,0.5659052574224479
cls|4h,full,A,cs,678013.6842886062,-0.3219863157113938,-0.09153966017319826,0.02055840401747394,-4.740440338938794,-0.32402071496877893,1019,0.1,50,4.0476190476190474,-0.04958073245250043,0.014641775940665767,0.02587319299233103,0.5659052574224479
cls|4h,full,A,ar,783417.327329523,-0.21658267267047693,-0.05852221262841928,0.020186157544394782,-3.0290835842508024,-0.21901886212100208,1019,0.26,50,4.0476190476190474,-0.03110783396765707,0.014641775940665767,0.02587319299233103,0.5659052574224479
cls|4h,full,A,tick,980330.0552987471,-0.01966994470125283,-0.004896039027777244,0.019813509035872957,-0.24209919599300614,-0.06179596945408494,413,0.44,50,4.0476190476190474,-0.0024403920468991664,0.014641775940665767,0.02587319299233103,0.5659052574224479
cls|4h,full,B,0.0,1118644.4869998142,0.11864448699981422,0.028086862803999413,0.019731687034605688,1.438004814757835,-0.03899245386286443,367,0.74,50,4.0476190476190474,0.014435419698340316,0.014435419698340316,0.02587319299233103,0.5579295799563302
cls|4h,full,B,0.25,1063464.1176519236,0.0634641176519235,0.015318065537459624,0.01974170933914957,0.7932531906733495,-0.040096996965195975,367,0.62,50,4.0476190476190474,0.007967121450257556,0.014435419698340316,0.02587319299233103,0.5579295799563302
cls|4h,full,B,0.87,938073.2285632195,-0.06192677143678049,-0.015669726734249156,0.019834008803748554,-0.8001792317811348,-0.07975691139263308,413,0.44,50,4.0476190476190474,-0.008074258204987677,0.014435419698340316,0.02587319299233103,0.5579295799563302
cls|4h,full,B,cs,676921.280698612,-0.323078719301388,-0.09190149852444818,0.020542076922281917,-4.763953611350747,-0.3251401166532938,1019,0.1,50,4.0476190476190474,-0.04978708869482587,0.014435419698340316,0.02587319299233103,0.5579295799563302
cls|4h,full,B,ar,782155.2412980589,-0.2178447587019411,-0.05889715955636321,0.020167299804657684,-3.052028425864243,-0.2203120016416119,1019,0.26,50,4.0476190476190474,-0.031314190209982516,0.014435419698340316,0.02587319299233103,0.5579295799563302
cls|4h,full,B,tick,978750.9038669884,-0.021249096133011625,-0.005292302301632468,0.019792259733730163,-0.26285267611125024,-0.062181162130459544,413,0.44,50,4.0476190476190474,-0.00264674828922462,0.014435419698340316,0.02587319299233103,0.5579295799563302
cls|4h,full,C,0.0,1123063.8258440148,0.12306382584401487,0.029088823023437405,0.01951694822646574,1.5043867493893504,-0.03875983564324126,367,0.76,50,4.0476190476190474,0.014937443172778309,0.014937443172778309,0.02587319299233103,0.5773328084093006
cls|4h,full,C,0.25,1067665.5655378208,0.06766556553782088,0.01630760630727046,0.019525850033843647,0.8525596189219854,-0.039864640257957995,367,0.64,50,4.0476190476190474,0.00846914492469555,0.014937443172778309,0.02587319299233103,0.5773328084093006
cls|4h,full,C,0.87,941779.5235106841,-0.05822047648931583,-0.014710327260126554,0.019616127066087438,-0.7587626515786617,-0.07542143622334363,410,0.36,50,4.0476190476190474,-0.007572234730549686,0.014937443172778309,0.02587319299233103,0.5773328084093006
cls|4h,full,C,cs,679596.1537290843,-0.32040384627091567,-0.09101627434029291,0.02032515054566796,-4.766248790114965,-0.3223793214522802,1019,0.1,50,4.0476190476190474,-0.04928506522038788,0.014937443172778309,0.02587319299233103,0.5773328084093006
cls|4h,full,C,ar,785245.9847965622,-0.21475401520343773,-0.05797975184151749,0.019945595255400225,-3.036479691875261,-0.2171202897535074,1019,0.24,50,4.0476190476190474,-0.03081216673554453,0.014937443172778309,0.02587319299233103,0.5773328084093006
cls|4h,full,C,tick,982617.8229647655,-0.01738217703523448,-0.0043228112557986975,0.01957507881148585,-0.215359086752234,-0.05802330337961936,367,0.5,50,4.0476190476190474,-0.002144724814786629,0.014937443172778309,0.02587319299233103,0.5773328084093006
cls|4h,hold,A,0.0,1079346.494757099,0.07934649475709898,0.025675397213771545,0.020833419142350394,1.2476507439306588,-0.038749520543069904,367,0.7297297297297297,37,3.011904761904762,0.013223865939953543,0.013223865939953543,0.025870785978687298,0.5111505290503173
cls|4h,hold,A,0.25,1039454.3470135033,0.039454347013503366,0.01293053930937349,0.020840417091746243,0.6372198120211906,-0.03985433680420736,367,0.6216216216216216,37,3.011904761904762,0.006756169445281722,0.013223865939953543,0.025870785978687298,0.5111505290503173
cls|4h,hold,A,0.87,946764.7957966668,-0.053235204203333275,-0.017998837572806292,0.02092170084542911,-0.872208046725791,-0.07937893055053746,413,0.43243243243243246,37,3.011904761904762,-0.0092837178615044,0.013223865939953543,0.025870785978687298,0.5111505290503173
cls|4h,hold,A,cs,741506.2378080558,-0.2584937621919442,-0.09452583609524334,0.02158119280632094,-4.667310294550681,-0.26588884439284177,742,0.10810810810810811,37,3.011904761904762,-0.05124446650062314,0.013223865939953543,0.025870785978687298,0.5111505290503173
cls|4h,hold,A,ar,834179.5213896993,-0.1658204786103007,-0.05842066794133194,0.02119917206146903,-2.8765217727601966,-0.17531677971273318,742,0.2702702702702703,37,3.011904761904762,-0.031023544973191552,0.013223865939953543,0.025870785978687298,0.5111505290503173
cls|4h,hold,A,tick,977891.4005593525,-0.02210859944064747,-0.007395283075613435,0.020883014281691214,-0.3509564724769752,-0.06179596945408383,413,0.43243243243243246,37,3.011904761904762,-0.003728647246127723,0.013223865939953543,0.025870785978687298,0.5111505290503173
cls|4h,hold,B,0.0,1077745.0392635933,0.07774503926359322,0.025169877575568878,0.020807203231796394,1.225106643418763,-0.038992453862862875,367,0.7567567567567568,37,3.011904761904762,0.012968581049164695,0.012968581049164695,0.025870785978687298,0.501282839255382
cls|4h,hold,B,0.25,1037912.0420880814,0.03791204208808141,0.01243128870263055,0.020814797103582406,0.6138968646546145,-0.040096996965193754,367,0.6216216216216216,37,3.011904761904762,0.006500884554492874,0.012968581049164695,0.025870785978687298,0.501282839255382
cls|4h,hold,B,0.87,945359.9333451153,-0.054640066654884745,-0.018482873758477014,0.02089763080348016,-0.8972243785063485,-0.07975691139262941,413,0.43243243243243246,37,3.011904761904762,-0.00953900275229325,0.012968581049164695,0.025870785978687298,0.501282839255382
cls|4h,hold,B,cs,740405.7413412492,-0.25959425865875074,-0.09497223597752658,0.02156217063869983,-4.694699482308859,-0.26691545319259546,742,0.10810810810810811,37,3.011904761904762,-0.05149975139141199,0.012968581049164695,0.025870785978687298,0.501282839255382
cls|4h,hold,B,ar,832941.6215588058,-0.1670583784411942,-0.0588848165335758,0.021177239447898726,-2.903195580892405,-0.17646991709657356,742,0.2702702702702703,37,3.011904761904762,-0.03127882986398041,0.012968581049164695,0.025870785978687298,0.501282839255382
cls|4h,hold,B,tick,976440.3762585096,-0.023559623741490454,-0.007884537220390508,0.02085848860242576,-0.37542590729284736,-0.062181162130453216,413,0.43243243243243246,37,3.011904761904762,-0.003983932136916571,0.012968581049164695,0.025870785978687298,0.501282839255382
cls|4h,hold,C,0.0,1076072.2621096508,0.07607226210965079,0.02464130828363631,0.0206044540184778,1.2115091157438636,-0.038759835643245255,367,0.7567567567567568,37,3.011904761904762,0.012699676367679661,0.012699676367679661,0.025870785978687298,0.49088869499913246
cls|4h,hold,C,0.25,1036301.0501432423,0.036301050143242364,0.01190927438148126,0.02061274708075933,0.5942720584690233,-0.039864640257959105,367,0.6486486486486487,37,3.011904761904762,0.006231979873007837,0.012699676367679661,0.025870785978687298,0.49088869499913246
cls|4h,hold,C,0.87,943892.5056835517,-0.05610749431644835,-0.018988979712521448,0.020697931871599698,-0.9314178330196915,-0.0754214362233474,410,0.35135135135135137,37,3.011904761904762,-0.009807907433778285,0.012699676367679661,0.025870785978687298,0.49088869499913246
cls|4h,hold,C,cs,739256.0277382387,-0.26074397226176127,-0.0954390736906735,0.021377723121386204,-4.759930222647964,-0.26756497935210255,742,0.10810810810810811,37,3.011904761904762,-0.051768656072897025,0.012699676367679661,0.025870785978687298,0.49088869499913246
cls|4h,hold,C,ar,831648.4970450376,-0.16835150295496237,-0.059370163869768344,0.02098399946667404,-2.9551195481609245,-0.1771971722375557,742,0.24324324324324326,37,3.011904761904762,-0.031547734545465445,0.012699676367679661,0.025870785978687298,0.49088869499913246
cls|4h,hold,C,tick,974924.7074473909,-0.025075292552609096,-0.008396106972372253,0.02065836338629557,-0.4046485142088106,-0.05802330337961237,367,0.4864864864864865,37,3.011904761904762,-0.004252836818401604,0.012699676367679661,0.025870785978687298,0.49088869499913246
cls|4h,learn,A,0.0,1038081.123092325,0.03808112309232503,0.03674415112482299,0.016205076008552727,2.2772414220884687,-0.010042541713328856,65,0.6923076923076923,13,1.0357142857142858,0.018774354057167448,0.018774354057167448,0.025880208368416396,0.7254328786656614
cls|4h,learn,A,0.25,1024749.0660240388,0.024749066024038813,0.023885539427495273,0.016224236839057538,1.4906917460860634,-0.011180524926648783,74,0.6153846153846154,13,1.0357142857142858,0.012304301965063349,0.018774354057167448,0.025880208368416396,0.7254328786656614
cls|4h,learn,A,0.87,992418.3695426428,-0.007581630457357158,-0.007321154315190204,0.016353584810578074,-0.44969646933125657,-0.01723854460770624,200,0.46153846153846156,13,1.0357142857142858,-0.003741427223354815,0.018774354057167448,0.025880208368416396,0.7254328786656614
cls|4h,learn,A,cs,914373.540933192,-0.08562645906680799,-0.08279964480496793,0.01723489774888491,-5.101544786120214,-0.08828085441833733,260,0.07692307692307693,13,1.0357142857142858,-0.04473168638081952,0.018774354057167448,0.025880208368416396,0.7254328786656614
cls|4h,learn,A,ar,939147.1586648283,-0.06085284133517177,-0.05881744702308844,0.01689105235421976,-3.6485848406389425,-0.06364067554130226,260,0.23076923076923078,13,1.0357142857142858,-0.03135349896318933,0.018774354057167448,0.025880208368416396,0.7254328786656614
cls|4h,learn,A,tick,1002493.7889197128,0.002493788919712747,0.002407692760782121,0.01630123997702289,0.15847799704099055,-0.01316887010377965,185,0.46153846153846156,13,1.0357142857142858,0.0013142998885038212,0.018774354057167448,0.025880208368416396,0.7254328786656614
cls|4h,learn,B,0.0,1037949.0939379965,0.0379490939379965,0.036616838601002843,0.016194895403818608,2.2709354113743467,-0.01023889091570418,65,0.6923076923076923,13,1.0357142857142858,0.018710603101361075,0.018710603101361075,0.025880208368416396,0.7229695694488711
cls|4h,learn,B,0.25,1024618.7292638383,0.024618729263838235,0.023759802806360808,0.016214256483554325,1.4838809962207604,-0.011376653324329578,74,0.6153846153846154,13,1.0357142857142858,0.012240551009256981,0.018710603101361075,0.025880208368416396,0.7229695694488711
cls|4h,learn,B,0.87,992292.1370740633,-0.007707862925936726,-0.007443066196660686,0.016344146518150658,-0.4576230530393905,-0.017411566031636738,200,0.46153846153846156,13,1.0357142857142858,-0.0038051781791611852,0.018710603101361075,0.025880208368416396,0.7229695694488711
cls|4h,learn,B,cs,914257.2010211176,-0.08574279897888237,-0.08291232050922182,0.0172280689804197,-5.110840438875863,-0.08840556439344027,260,0.07692307692307693,13,1.0357142857142858,-0.04479543733662589,0.018710603101361075,0.025880208368416396,0.7229695694488711
cls|4h,learn,B,ar,939027.683397893,-0.060972316602107,-0.05893305271426208,0.01688305730974591,-3.6577348111665766,-0.06376873936892224,260,0.23076923076923078,13,1.0357142857142858,-0.0314172499189957,0.018710603101361075,0.025880208368416396,0.7229695694488711
cls|4h,learn,B,tick,1002366.2761850742,0.002366276185074234,0.002284587320433129,0.01629169682008939,0.1508792490588848,-0.013364612653856356,185,0.46153846153846156,13,1.0357142857142858,0.0012505489326974512,0.018710603101361075,0.025880208368416396,0.7229695694488711
cls|4h,learn,C,0.0,1043669.5242401349,0.043669524240134816,0.04213240028153509,0.0159294151019016,2.6479862124922726,-0.00773600244052719,61,0.7692307692307693,13,1.0357142857142858,0.021459539867166075,0.021459539867166075,0.025880208368416396,0.8291872909862193
cls|4h,learn,C,0.25,1030265.8338426254,0.030265833842625378,0.029207092280424174,0.015940845489321145,1.84829199871484,-0.008876579381763117,69,0.6153846153846154,13,1.0357142857142858,0.014989487775061976,0.021459539867166075,0.025880208368416396,0.8291872909862193
cls|4h,learn,C,0.87,997761.4165170867,-0.002238583482913281,-0.0021614744351104997,0.016052627942842197,-0.12933384673745413,-0.01435599361002593,153,0.38461538461538464,13,1.0357142857142858,-0.001056241413356188,0.021459539867166075,0.025880208368416396,0.8291872909862193
cls|4h,learn,C,cs,919297.4128439837,-0.0807025871560163,-0.07803130611854925,0.016887245775718936,-4.894024912033773,-0.08322128271274498,260,0.07692307692307693,13,1.0357142857142858,-0.04204650057082089,0.021459539867166075,0.025880208368416396,0.8291872909862193
cls|4h,learn,C,ar,944204.1771092528,-0.05579582289074725,-0.053924679926124264,0.016551993886530628,-3.4044500451252246,-0.05844462959486274,260,0.23076923076923078,13,1.0357142857142858,-0.028668313153190697,0.021459539867166075,0.025880208368416396,0.8291872909862193
cls|4h,learn,C,tick,1007890.9842561356,0.007890984256135658,0.0076178476001194095,0.016004997952820902,0.49118338609914186,-0.012159883016651607,133,0.5384615384615384,13,1.0357142857142858,0.003999485698502447,0.021459539867166075,0.025880208368416396,0.8291872909862193
cls|5m,full,A,0.0,4091720.9341400405,3.0917209341400405,0.4163701908949209,0.03939245124123228,9.009533373826244,-0.021526874863214807,49,0.98,50,4.0476190476190474,0.18055942416295548,0.18055942416295548,0.9514742196036345,0.18976806774457114
cls|5m,full,A,0.25,636817.3083599772,-0.3631826916400228,-0.10550041877247451,0.03938223109392605,-2.860346512869209,-0.3973902437552902,1019,0.3,50,4.0476190476190474,-0.05730913073795316,0.18055942416295548,0.9514742196036345,0.18976806774457114
cls|5m,full,A,0.87,6314.80144851243,-0.9936851985514876,-0.713872595540423,0.03938897884956515,-32.29791313935943,-0.993711205317897,1019,0.0,50,4.0476190476190474,-0.6472231468922066,0.18055942416295548,0.9514742196036345,0.18976806774457114
cls|5m,full,A,cs,0.03869382421128233,-0.9999999613061757,-0.9852527355709235,0.04016073572268015,-106.78296926563067,-0.9999999613140022,1019,0.0,50,4.0476190476190474,-2.181767708770894,0.18055942416295548,0.9514742196036345,0.18976806774457114
cls|5m,full,A,ar,8.349256931348137,-0.9999916507430686,-0.9443649751495028,0.03998287835925662,-73.48089822058128,-0.9999916527632271,1019,0.0,50,4.0476190476190474,-1.494697708222638,0.18055942416295548,0.9514742196036345,0.18976806774457114
cls|5m,full,A,tick,29228.877436311966,-0.970771122563688,-0.5822029672004598,0.039402713230934555,-22.51329455827251,-0.9709872704811212,1019,0.0,50,4.0476190476190474,-0.4513048887684021,0.18055942416295548,0.9514742196036345,0.18976806774457114
cls|5m,full,B,0.0,2141606.7613816494,1.1416067613816492,0.20701361359160075,0.03849436840012536,4.991662469711042,-0.02571664782608596,83,0.92,50,4.0476190476190474,0.09775686509876699,0.09775686509876699,0.9514742196036345,0.10274252637080443
cls|5m,full,B,0.25,333304.54526595806,-0.666695454734042,-0.23772141844239758,0.03849383014925558,-7.154485183917599,-0.6694243264943494,1019,0.0,50,4.0476190476190474,-0.14011168980214161,0.09775686509876699,0.9514742196036345,0.10274252637080443
cls|5m,full,B,0.87,3304.972556912776,-0.9966950274430872,-0.756169219107645,0.038525320766601916,-37.24663413761518,-0.9967006766106006,1019,0.0,50,4.0476190476190474,-0.7300257059563952,0.09775686509876699,0.9514742196036345,0.10274252637080443
cls|5m,full,B,cs,0.02024894932881324,-0.9999999797510507,-0.9874330799724074,0.03937539071251032,-113.0462260287463,-0.999999979754009,1019,0.0,50,4.0476190476190474,-2.264570267835083,0.09775686509876699,0.9514742196036345,0.10274252637080443
cls|5m,full,B,ar,4.369442516748683,-0.9999956305574833,-0.9525899994435718,0.039222822056682684,-79.05434547514133,-0.9999956313693165,1019,0.0,50,4.0476190476190474,-1.5775002672868266,0.09775686509876699,0.9514742196036345,0.10274252637080443
cls|5m,full,B,tick,15297.72543858175,-0.9847022745614182,-0.6439622496446915,0.038523437840449405,-27.252022620821545,-0.9847768461170155,1019,0.0,50,4.0476190476190474,-0.5341074478325907,0.09775686509876699,0.9514742196036345,0.10274252637080443
cls|5m,full,C,0.0,1247559.2542055831,0.2475592542055831,0.0561674105658474,0.03824222811755192,1.4728435531460986,-0.05036282322548513,107,0.6,50,4.0476190476190474,0.028655280393202486,0.028655280393202486,0.9514742196036345,0.030116717618623143
cls|5m,full,C,0.25,194158.90633514448,-0.8058410936648555,-0.33298901832243666,0.03823852759524973,-10.754326545340962,-0.806008346430484,1019,0.02,50,4.0476190476190474,-0.20921327450770616,0.028655280393202486,0.9514742196036345,0.030116717618623143
cls|5m,full,C,0.87,1925.1767808741488,-0.9980748232191259,-0.7866441747411369,0.038262400021622046,-41.052432718217105,-0.998074655714173,1019,0.0,50,4.0476190476190474,-0.7991272906619595,0.028655280393202486,0.9514742196036345,0.030116717618623143
cls|5m,full,C,cs,0.011794378830379102,-0.9999999882056212,-0.9890039331618652,0.03903189568382181,-117.52094826527151,-0.9999999882024266,1019,0.0,50,4.0476190476190474,-2.3336718525406472,0.028655280393202486,0.9514742196036345,0.030116717618623143
cls|5m,full,C,ar,2.5451496566247513,-0.9999974548503434,-0.9585158576921586,0.03889883184903292,-83.20457058549712,-0.9999974542621011,1019,0.0,50,4.0476190476190474,-1.646601851992391,0.028655280393202486,0.9514742196036345,0.030116717618623143
cls|5m,full,C,tick,8911.157655004376,-0.9910888423449956,-0.6884604865437479,0.03826186597266194,-30.988234478792947,-0.9910881390557768,1019,0.0,50,4.0476190476190474,-0.6032090325381549,0.028655280393202486,0.9514742196036345,0.030116717618623143
cls|5m,hold,A,0.0,2866127.8280213987,1.8661278280213986,0.4185000469487017,0.042028430679098804,8.47855324909037,-0.02152687486321503,49,0.972972972972973,37,3.011904761904762,0.18128830254804762,0.18128830254804762,0.9530356482067482,0.190221953280723
cls|5m,hold,A,0.25,715811.6315246361,-0.2841883684753639,-0.10506624365557193,0.04201634242627003,-2.665187485961155,-0.3438392739915125,665,0.32432432432432434,37,3.011904761904762,-0.05697060950363941,0.18128830254804762,0.9530356482067482,0.190221953280723
cls|5m,hold,A,0.87,22937.339846183608,-0.9770626601538164,-0.714455123490806,0.04201742019128369,-30.306936592359673,-0.9771555335621389,758,0.0,37,3.011904761904762,-0.6478527113918233,0.18128830254804762,0.9530356482067482,0.190221953280723
cls|5m,hold,A,cs,2.843237903754031,-0.9999971567620962,-0.9855928427729463,0.04275901352551845,-100.78907943396287,-0.9999971567252534,758,0.0,37,3.011904761904762,-2.1925323619970354,0.18128830254804762,0.9530356482067482,0.190221953280723
cls|5m,hold,A,ar,225.54524324086415,-0.9997744547567592,-0.9384517197226983,0.042516818729976806,-66.64441503145689,-0.9997744589662946,758,0.0,37,3.011904761904762,-1.4415488976687998,0.18128830254804762,0.9530356482067482,0.190221953280723
cls|5m,hold,A,tick,74478.45730836275,-0.9255215426916372,-0.5778212693966658,0.04203388513431028,-20.837072147983633,-0.9260703745555838,758,0.0,37,3.011904761904762,-0.44559579629816864,0.18128830254804762,0.9530356482067482,0.190221953280723
cls|5m,hold,B,0.0,1756488.027261526,0.7564880272615262,0.2056633858934267,0.04105001919006358,4.6529839478007595,-0.02571664782608174,83,0.918918918918919,37,3.011904761904762,0.09717393180111876,0.09717393180111876,0.9530356482067482,0.10196253622198001
cls|5m,hold,B,0.25,438674.9147745651,-0.5613250852254349,-0.2393484546814978,0.041047564877289985,-6.755982675453313,-0.564857048769531,758,0.0,37,3.011904761904762,-0.1410849802505683,0.09717393180111876,0.9530356482067482,0.10196253622198001
cls|5m,hold,B,0.87,14056.37182789966,-0.9859436281721004,-0.7573028748261952,0.041073263993390514,-35.02897887256914,-0.9859648615955267,758,0.0,37,3.011904761904762,-0.7319670821387522,0.09717393180111876,0.9530356482067482,0.10196253622198001
cls|5m,hold,B,cs,1.742238488132823,-0.9999982577615119,-0.9877550596255482,0.041886163611597055,-106.83663606381332,-0.9999982574155786,758,0.0,37,3.011904761904762,-2.276646732743964,0.09717393180111876,0.9530356482067482,0.10196253622198001
cls|5m,hold,B,ar,138.21077277614393,-0.9998617892272239,-0.9476882932095616,0.04167902450223583,-71.95090950934052,-0.9998617661567909,758,0.0,37,3.011904761904762,-1.5256632684157287,0.09717393180111876,0.9530356482067482,0.10196253622198001
cls|5m,hold,B,tick,45642.15167369997,-0.9543578483263,-0.6411703242357976,0.04107214160860519,-25.35047512900321,-0.9545732733373499,758,0.0,37,3.011904761904762,-0.5297101670450974,0.09717393180111876,0.9530356482067482,0.10196253622198001
cls|5m,hold,C,0.0,1177813.4325590178,0.17781343255901771,0.055841000944665264,0.0407147553327455,1.3772985129437214,-0.038925108240951856,107,0.5945945945945946,37,3.011904761904762,0.028528882770989944,0.028528882770989944,0.9530356482067482,0.029934748846667473
cls|5m,hold,C,0.25,294150.8444135764,-0.7058491555864236,-0.33387325496185005,0.04070991057447732,-10.126412456739498,-0.7059767954596401,758,0.02702702702702703,37,3.011904761904762,-0.20973002928069712,0.028528882770989944,0.9530356482067482,0.029934748846667473
cls|5m,hold,C,0.87,9425.200337993394,-0.9905747996620066,-0.7874640263508561,0.04072994767128382,-38.637005324096194,-0.9905731593917407,758,0.0,37,3.011904761904762,-0.8006121311688811,0.028528882770989944,0.9530356482067482,0.029934748846667473
cls|5m,hold,C,cs,1.1681601593474402,-0.9999988318398406,-0.9892769828850625,0.04147023745207962,-111.1617827503899,-0.9999988312516318,758,0.0,37,3.011904761904762,-2.345291781774093,0.028528882770989944,0.9530356482067482,0.029934748846667473
cls|5m,hold,C,ar,92.67197164238989,-0.9999073280283576,-0.9541897031382357,0.04128559630696075,-75.90473940286104,-0.999907284298088,758,0.0,37,3.011904761904762,-1.5943083174458577,0.028528882770989944,0.9530356482067482,0.029934748846667473
cls|5m,hold,C,tick,30604.61552649225,-0.9693953844735077,-0.6857629999831196,0.04072969372486698,-28.876402083018757,-0.9693916359976693,758,0.0,37,3.011904761904762,-0.5983552160752262,0.028528882770989944,0.9530356482067482,0.029934748846667473
cls|5m,learn,A,0.0,1427612.8559711492,0.4276128559711492,0.41019462619159763,0.030434982028812042,11.523974876058865,-0.008988831453882518,7,1.0,13,1.0357142857142858,0.1784350672839505,0.1784350672839505,0.9469233484817254,0.18843665389606148
cls|5m,learn,A,0.25,889643.6999823401,-0.11035630001765995,-0.10676182341061091,0.03043186711710361,-3.765334698316489,-0.13235718598754254,260,0.23076923076923078,13,1.0357142857142858,-0.058295769836480875,0.1784350672839505,0.9469233484817254,0.18843665389606148
cls|5m,learn,A,0.87,275306.6175441117,-0.7246933824558883,-0.7121718158151884,0.03046169242449145,-41.644932870228935,-0.7246657820134469,260,0.0,13,1.0357142857142858,-0.6453882458951506,0.1784350672839505,0.9469233484817254,0.18843665389606148
cls|5m,learn,A,cs,13609.070194299651,-0.9863909298057003,-0.984217376474585,0.031380695570774206,-134.69470430433913,-0.9863870634599446,260,0.0,13,1.0357142857142858,-2.1503935239977183,0.1784350672839505,0.9469233484817254,0.18843665389606148
cls|5m,learn,A,ar,37018.10249410564,-0.9629818975058944,-0.9585256887346891,0.03135393818066121,-103.41474263437799,-0.9629728512958421,260,0.0,13,1.0357142857142858,-1.6496028935323954,0.1784350672839505,0.9469233484817254,0.18843665389606148
cls|5m,learn,A,tick,392447.40684270795,-0.607552593157292,-0.5946884316521361,0.03046383469701816,-30.192897260327992,-0.6075164220648595,260,0.0,13,1.0357142857142858,-0.46794435854837424,0.1784350672839505,0.9469233484817254,0.18843665389606148
cls|5m,learn,B,0.0,1219254.9725036123,0.21925497250361237,0.210948736426255,0.029822424596855062,6.555148847177032,-0.012074593090520613,22,0.9230769230769231,13,1.0357142857142858,0.09945585684579691,0.09945585684579691,0.9469233484817254,0.10503052544354523
cls|5m,learn,B,0.25,759798.5069131219,-0.2402014930868781,-0.23297011928173272,0.029829527445409013,-9.045657921387889,-0.24389499155122674,260,0.0,13,1.0357142857142858,-0.13727498027463444,0.09945585684579691,0.9469233484817254,0.10503052544354523
cls|5m,learn,B,0.87,235122.73276329576,-0.7648772672367042,-0.7528423162170722,0.029885411909169646,-47.64253129574157,-0.7648517337943738,260,0.0,13,1.0357142857142858,-0.7243674563333042,0.09945585684579691,0.9469233484817254,0.10503052544354523
cls|5m,learn,B,cs,11622.37516088514,-0.9883776248391148,-0.9864478294241736,0.03091112299937882,-141.7630490776803,-0.9883742259163278,260,0.0,13,1.0357142857142858,-2.2293727344358714,0.09945585684579691,0.9469233484817254,0.10503052544354523
cls|5m,learn,B,ar,31614.341118153505,-0.9683856588818465,-0.9643866958877607,0.030875656635192535,-110.04465504036476,-0.9683776693760016,260,0.0,13,1.0357142857142858,-1.7285821039705487,0.09945585684579691,0.9469233484817254,0.10503052544354523
cls|5m,learn,B,tick,335166.6141409461,-0.6648333858590538,-0.6519584684890083,0.029879821386548287,-35.978560691259425,-0.6647996980517805,260,0.0,13,1.0357142857142858,-0.5469235689865277,0.09945585684579691,0.9469233484817254,0.10503052544354523
cls|5m,learn,C,0.0,1059216.357802147,0.05921635780214696,0.05711719826518524,0.02989202667382806,1.9084999804548382,-0.03037094198482493,72,0.6153846153846154,13,1.0357142857142858,0.029023673342875637,0.029023673342875637,0.9469233484817254,0.030650499208211
cls|5m,learn,C,0.25,660065.7792508719,-0.33993422074912816,-0.3304109421142911,0.029892717201664334,-13.657814991085267,-0.3411825405936504,260,0.0,13,1.0357142857142858,-0.20770716377755574,0.029023673342875637,0.9469233484817254,0.030650499208211
cls|5m,learn,C,0.87,204258.44669992782,-0.7957415533000722,-0.7842419935716266,0.029932645856979568,-52.192451663868,-0.795890158436263,260,0.0,13,1.0357142857142858,-0.7947996398362256,0.029023673342875637,0.9469233484817254,0.030650499208211
cls|5m,learn,C,cs,10096.542615327435,-0.9899034573846726,-0.988169739322956,0.03084056290944474,-146.57633065822276,-0.9899051954849335,260,0.0,13,1.0357142857142858,-2.2998049179387934,0.029023673342875637,0.9469233484817254,0.030650499208211
cls|5m,learn,C,ar,27464.07151502285,-0.9725359284849772,-0.9689114394723427,0.03080993264108261,-114.7728079983754,-0.9725419129406376,260,0.0,13,1.0357142857142858,-1.7990142874734705,0.029023673342875637,0.9469233484817254,0.030650499208211
cls|5m,learn,C,tick,291170.3839994558,-0.7088296160005443,-0.6961740377754372,0.029930180492033946,-40.54350649225897,-0.7090718775891122,260,0.0,13,1.0357142857142858,-0.6173557524894491,0.029023673342875637,0.9469233484817254,0.030650499208211
cls|5m@q1,full,A,0.0,1211212.181534726,0.21121218153472587,0.048480341631796486,0.012714376114923832,3.7943632391825513,-0.011211629169380566,52,0.88,50,4.0476190476190474,0.02454363112515652,0.02454363112515652,0.2698293153742038,0.09095983915283261
cls|5m@q1,full,A,0.25,714673.8850236529,-0.2853261149763471,-0.07964352392210139,0.012715879582706504,-6.633529649808339,-0.2856835561393184,1019,0.02,50,4.0476190476190474,-0.04291369771839442,0.02454363112515652,0.2698293153742038,0.09095983915283261
cls|5m@q1,full,A,0.87,193153.09671540072,-0.8068469032845993,-0.3338443617952255,0.012765992511032418,-32.36603776039443,-0.8068704840103318,1019,0.0,50,4.0476190476190474,-0.21020787325040077,0.02454363112515652,0.2698293153742038,0.09095983915283261
cls|5m@q1,full,A,cs,5117.568978428089,-0.9948824310215719,-0.7283535873052809,0.013423418227222273,-98.76021809362253,-0.9948821462009729,1019,0.0,50,4.0476190476190474,-0.6744504027688135,0.02454363112515652,0.2698293153742038,0.09095983915283261
cls|5m@q1,full,A,ar,1066284.0756047443,0.06628407560474425,0.01598255665990367,0.012724774593405676,1.2740399415601031,-0.025528959094671566,345,0.68,50,4.0476190476190474,0.008247797659415981,0.02454363112515652,0.2698293153742038,0.09095983915283261
cls|5m@q1,full,A,tick,285319.45588061307,-0.7146805441193869,-0.26644139948486445,0.01275531424698251,-24.70597076392743,-0.7147245880915719,1019,0.0,50,4.0476190476190474,-0.16032377944172613,0.02454363112515652,0.2698293153742038,0.09095983915283261
cls|5m@q1,full,B,0.0,1147861.0320978132,0.1478610320978131,0.03465648250136111,0.012640799484697544,2.748219273126726,-0.013491180955950255,92,0.82,50,4.0476190476190474,0.01767383433637372,0.01767383433637372,0.2698293153742038,0.06550005254938053
cls|5m@q1,full,B,0.25,677293.371968574,-0.322706628031426,-0.09177820087752431,0.012642879496054377,-7.739885271693542,-0.32311848787713715,1019,0.02,50,4.0476190476190474,-0.04978349450717723,0.01767383433637372,0.2698293153742038,0.06550005254938053
cls|5m@q1,full,B,0.87,183050.182879976,-0.816949817120024,-0.3426276197971557,0.012694683059036973,-33.611541638707756,-0.8169818922920589,1019,0.0,50,4.0476190476190474,-0.21707767003918355,0.01767383433637372,0.2698293153742038,0.06550005254938053
cls|5m@q1,full,B,cs,4849.879752432642,-0.9951501202475673,-0.7319354305519844,0.01336181203481944,-100.22615052214422,-0.9951498929663974,1019,0.0,50,4.0476190476190474,-0.6813201995575962,0.01767383433637372,0.2698293153742038,0.06550005254938053
cls|5m@q1,full,B,ar,1010513.098387612,0.010513098387612052,0.0025871364209915093,0.012652200292271622,0.2140812229293482,-0.03872940440489392,387,0.64,50,4.0476190476190474,0.0013780008706331757,0.01767383433637372,0.2698293153742038,0.06550005254938053
cls|5m@q1,full,B,tick,270395.841096159,-0.729604158903841,-0.27611331216267054,0.012683385989028432,-25.91072239881129,-0.7296602683525927,1019,0.0,50,4.0476190476190474,-0.1671935762305089,0.01767383433637372,0.2698293153742038,0.06550005254938053
cls|5m@q1,full,C,0.0,1020767.3356450124,0.02076733564501243,0.005091119702966607,0.012390692907642047,0.423136427658662,-0.022537402736729995,513,0.46,50,4.0476190476190474,0.002667355277347972,0.002667355277347972,0.2698293153742038,0.009885342790307419
cls|5m@q1,full,C,0.25,602301.3813139264,-0.3976986186860736,-0.11773089586298036,0.012396290804172138,-10.273328857279374,-0.39782771131682404,1016,0.0,50,4.0476190476190474,-0.06478997356620297,0.002667355277347972,0.2698293153742038,0.009885342790307419
cls|5m@q1,full,C,0.87,162781.9189283821,-0.8372180810716179,-0.36141259831592454,0.012457700028631289,-36.6186858263564,-0.8372146209573963,1019,0.0,50,4.0476190476190474,-0.23208414909820932,0.002667355277347972,0.2698293153742038,0.009885342790307419
cls|5m@q1,full,C,cs,4312.845322231201,-0.9956871546777688,-0.7395960620857995,0.013168542294219227,-103.93707131044177,-0.9956868643642416,1019,0.0,50,4.0476190476190474,-0.6963266786166219,0.002667355277347972,0.2698293153742038,0.009885342790307419
cls|5m@q1,full,C,ar,898626.8413938488,-0.10137315860615126,-0.02606185001336525,0.012399028529914993,-2.1605028702428584,-0.10141660723361834,1018,0.3,50,4.0476190476190474,-0.013628478188392568,0.002667355277347972,0.2698293153742038,0.009885342790307419
cls|5m@q1,full,C,tick,240456.3446298696,-0.7595436553701305,-0.2967988993309991,0.012447008120604041,-28.772571304446895,-0.7595384228013475,1019,0.0,50,4.0476190476190474,-0.18220005528953465,0.002667355277347972,0.2698293153742038,0.009885342790307419
cls|5m@q1,hold,A,0.0,1152856.1373401752,0.15285613734017534,0.048359693451317964,0.013850533077592765,3.4737666833628724,-0.011211629169378012,52,0.8648648648648649,37,3.011904761904762,0.024477777956734427,0.024477777956734427,0.28705117286139964,0.08527322049491616
cls|5m@q1,hold,A,0.25,759107.9601735929,-0.24089203982640706,-0.08744534523790282,0.013851390320317633,-6.710043096251673,-0.24198638133230876,744,0.02702702702702703,37,3.011904761904762,-0.04728501525861548,0.024477777956734427,0.28705117286139964,0.08527322049491616
cls|5m@q1,hold,A,0.87,269306.9545992777,-0.7306930454007223,-0.3531059078571499,0.01390182507002795,-31.84939032791268,-0.7307003526986711,758,0.0,37,3.011904761904762,-0.2252567424326833,0.024477777956734427,0.28705117286139964,0.08527322049491616
cls|5m@q1,hold,A,cs,14465.967727032608,-0.9855340322729674,-0.7549773221884355,0.014606899701089257,-97.88495938025734,-0.9855314582735651,758,0.0,37,3.011904761904762,-0.7274093324748753,0.024477777956734427,0.28705117286139964,0.08527322049491616
cls|5m@q1,hold,A,ar,1084360.096894707,0.08436009689470714,0.027254771751496376,0.013857062184081741,1.9799480876612328,-0.022734474415271433,140,0.7297297297297297,37,3.011904761904762,0.013958213152205648,0.024477777956734427,0.28705117286139964,0.08527322049491616
cls|5m@q1,hold,A,tick,366773.6031361182,-0.6332263968638818,-0.2832408053301626,0.01389250063373615,-24.365103089381478,-0.633251353482845,758,0.0,37,3.011904761904762,-0.17220808410168845,0.024477777956734427,0.28705117286139964,0.08527322049491616
cls|5m@q1,hold,B,0.0,1109788.818541106,0.109788818541106,0.03519105289010516,0.013776834082894242,2.5593735358667407,-0.013491180955955473,92,0.8378378378378378,37,3.011904761904762,0.017938575783367147,0.017938575783367147,0.28705117286139964,0.06249260577670116
cls|5m@q1,hold,B,0.25,730749.6934894203,-0.2692503065105797,-0.09890820488144991,0.013778484851748733,-7.678411880743028,-0.269626142946815,758,0.02702702702702703,37,3.011904761904762,-0.053824217431982756,0.017938575783367147,0.28705117286139964,0.06249260577670116
cls|5m@q1,hold,B,0.87,259246.16234483573,-0.7407538376551643,-0.3612318899253062,0.013831134695059411,-32.94148446695435,-0.7407786397170137,758,0.0,37,3.011904761904762,-0.23179594460605055,0.017938575783367147,0.28705117286139964,0.06249260577670116
cls|5m@q1,hold,B,cs,13925.5158570168,-0.9860744841429832,-0.7580553617422863,0.014546951846497964,-99.171926526442,-0.9860723431208185,758,0.0,37,3.011904761904762,-0.7339485346482426,0.017938575783367147,0.28705117286139964,0.06249260577670116
cls|5m@q1,hold,B,ar,1043851.5270383784,0.04385152703837836,0.01435121404809836,0.013783870207110385,1.0579617887349355,-0.0332496330878278,257,0.6756756756756757,37,3.011904761904762,0.007419010978838366,0.017938575783367147,0.28705117286139964,0.06249260577670116
cls|5m@q1,hold,B,tick,353071.7254370307,-0.6469282745629692,-0.2922443457094446,0.013821026379417843,-25.421097989181938,-0.646976495991314,758,0.0,37,3.011904761904762,-0.17874728627505573,0.017938575783367147,0.28705117286139964,0.06249260577670116
cls|5m@q1,hold,C,0.0,1018247.6778249958,0.01824767782499581,0.006021963536533281,0.013509911972533484,0.4586036735402844,-0.022537402736717116,513,0.43243243243243246,37,3.011904761904762,0.003152063115491315,0.003152063115491315,0.28705117286139964,0.01098084039884158
cls|5m@q1,hold,C,0.25,670473.133207629,-0.3295268667923711,-0.12429894460638324,0.013516047495405432,-9.97786158491423,-0.329520099767856,758,0.0,37,3.011904761904762,-0.06861073009985859,0.003152063115491315,0.28705117286139964,0.01098084039884158
cls|5m@q1,hold,C,0.87,237861.53487962772,-0.7621384651203723,-0.3792313450727154,0.01358070700471468,-35.68904607465334,-0.7621301104234154,758,0.0,37,3.011904761904762,-0.24658245727392633,0.003152063115491315,0.28705117286139964,0.01098084039884158
cls|5m@q1,hold,C,cs,12776.751808425859,-0.9872232481915741,-0.7648734593574454,0.01435449374289697,-102.52633324200721,-0.9872218620711951,758,0.0,37,3.011904761904762,-0.7487350473161184,0.003152063115491315,0.28705117286139964,0.01098084039884158
cls|5m@q1,hold,C,ar,957749.1881468362,-0.042250811853163706,-0.014230677330071884,0.013516082626656304,-1.0714318430853351,-0.06151179580976618,644,0.3783783783783784,37,3.011904761904762,-0.007367501689037464,0.003152063115491315,0.28705117286139964,0.01098084039884158
cls|5m@q1,hold,C,tick,323947.77747110295,-0.6760522225288971,-0.3121876618567332,0.013571234543200333,-28.030613868715808,-0.6760434739434825,758,0.0,37,3.011904761904762,-0.19353379894293155,0.003152063115491315,0.28705117286139964,0.01098084039884158
cls|5m@q1,learn,A,0.0,1050618.6698448032,0.05061866984480323,0.04883127099077411,0.008584503049837178,5.663720318652404,-0.0037280863791907537,24,0.9230769230769231,13,1.0357142857142858,0.02473556387306489,0.02473556387306489,0.2196352471037586,0.11262110339411727
cls|5m@q1,learn,A,0.25,941465.4074503795,-0.05853459254962057,-0.0565743821964515,0.008586693532991583,-6.90702839806927,-0.059619558007439566,260,0.0,13,1.0357142857142858,-0.030173247902874744,0.02473556387306489,0.2196352471037586,0.11262110339411727
cls|5m@q1,learn,A,0.87,717222.8322243313,-0.28277716777566864,-0.2745097986320053,0.008613100786059424,-37.96215440385147,-0.28276244725431465,260,0.0,13,1.0357142857142858,-0.16634710110720508,0.02473556387306489,0.2196352471037586,0.11262110339411727
cls|5m@q1,learn,A,cs,353766.0995098821,-0.6462339004901179,-0.6333280204862963,0.008787399063968774,-116.33770938778237,-0.6462103460985957,260,0.0,13,1.0357142857142858,-0.5200986358254325,0.02473556387306489,0.2196352471037586,0.11262110339411727
cls|5m@q1,learn,A,ar,983330.2411793356,-0.01666975882066435,-0.016099592209663283,0.008609810852053113,-1.9166797509513656,-0.025528959094671566,260,0.5384615384615384,13,1.0357142857142858,-0.00839552814390086,0.02473556387306489,0.2196352471037586,0.11262110339411727
cls|5m@q1,learn,A,tick,777917.0950171433,-0.22208290498285677,-0.21531701494641775,0.008606113367379181,-28.706222677559627,-0.22206654601414988,260,0.0,13,1.0357142857142858,-0.1256863078511952,0.02473556387306489,0.2196352471037586,0.11262110339411727
cls|5m@q1,learn,B,0.0,1034305.8182967688,0.03430581829676882,0.03310349534670998,0.008504412311127292,3.906563225571823,-0.004159020230996235,31,0.7692307692307693,13,1.0357142857142858,0.01690223056051595,0.01690223056051595,0.2196352471037586,0.07695591114540515
cls|5m@q1,learn,B,0.25,926847.2884804562,-0.07315271151954383,-0.07072162145659067,0.008506577674049763,-8.782114135621748,-0.07380415421141984,260,0.0,13,1.0357142857142858,-0.03800658121542369,0.01690223056051595,0.2196352471037586,0.07695591114540515
cls|5m@q1,learn,B,0.87,706086.3745265075,-0.29391362547349253,-0.2853891105025753,0.008533119768658422,-40.12237858807128,-0.29390716518068916,260,0.0,13,1.0357142857142858,-0.174180434419754,0.01690223056051595,0.2196352471037586,0.07695591114540515
cls|5m@q1,learn,B,cs,348272.89719316235,-0.6517271028068377,-0.6388267710453213,0.008713830692824779,-119.0868993348805,-0.6517078760961768,260,0.0,13,1.0357142857142858,-0.5279319691379815,0.01690223056051595,0.2196352471037586,0.07695591114540515
cls|5m@q1,learn,B,ar,968062.0971591963,-0.03193790284080378,-0.03085376622858016,0.00853270040496769,-3.7384940950494467,-0.0336711204812461,260,0.5384615384615384,13,1.0357142857142858,-0.016228861456449802,0.01690223056051595,0.2196352471037586,0.07695591114540515
cls|5m@q1,learn,B,tick,765838.2748192804,-0.23416172518071965,-0.22708392263608324,0.008526015923406762,-30.781810523125227,-0.2341543315605603,260,0.0,13,1.0357142857142858,-0.13351964116374415,0.01690223056051595,0.2196352471037586,0.07695591114540515
cls|5m@q1,learn,C,0.0,1002474.5038706115,0.002474503870611544,0.0023890743063252895,0.008309343383328215,0.2967905275364883,-0.010509766660777853,147,0.5384615384615384,13,1.0357142857142858,0.0012546471338114608,0.0012546471338114608,0.2196352471037586,0.00571241251281835
cls|5m@q1,learn,C,0.25,898322.9177766463,-0.1016770822233537,-0.09834944157295011,0.008311008148383361,-12.689510603004463,-0.10209634434661385,257,0.0,13,1.0357142857142858,-0.05365416464212819,0.0012546471338114608,0.2196352471037586,0.00571241251281835
cls|5m@q1,learn,C,0.87,684355.7913252375,-0.3156442086747625,-0.30663505697175897,0.008336809585055154,-44.756444065590394,-0.31562966191661035,260,0.0,13,1.0357142857142858,-0.18982801784645853,0.0012546471338114608,0.2196352471037586,0.00571241251281835
cls|5m@q1,learn,C,cs,337554.12853735243,-0.6624458714626476,-0.6495650252088272,0.00849247838576829,-125.81250372231428,-0.662423149449137,260,0.0,13,1.0357142857142858,-0.5435795525646858,0.0012546471338114608,0.2196352471037586,0.00571241251281835
cls|5m@q1,learn,C,ar,938269.4890429784,-0.061730510957021645,-0.0596667024269919,0.008323500174289648,-7.5276432690980695,-0.061775876307371025,259,0.07692307692307693,13,1.0357142857142858,-0.03187644488315429,0.0012546471338114608,0.2196352471037586,0.00571241251281835
cls|5m@q1,learn,C,tick,742268.8511925976,-0.25773114880740233,-0.25006324072771335,0.008330243839089327,-35.19742066602449,-0.25771499630028016,260,0.0,13,1.0357142857142858,-0.14916722459044862,0.0012546471338114608,0.2196352471037586,0.00571241251281835
cls|5m@q2,full,A,0.0,1095970.6164641192,0.0959706164641192,0.02289880687713053,0.005770889048685601,3.994099496041035,-0.004257197405017732,239,0.76,50,4.0476190476190474,0.011726447416088671,0.011726447416088671,0.12486077162855928,0.09391618570941533
cls|5m@q2,full,A,0.25,858577.6376474012,-0.14142236235259886,-0.03697034856204484,0.005772439038798375,-6.636203150823463,-0.14373328211583702,1019,0.06,50,4.0476190476190474,-0.019488745491051153,0.011726447416088671,0.12486077162855928,0.09391618570941533
cls|5m@q2,full,A,0.87,468651.0998322827,-0.5313489001677173,-0.17075951029633119,0.005830735396589726,-32.666789257960914,-0.5319266213936111,1019,0.0,50,4.0476190476190474,-0.09690242390075791,0.011726447416088671,0.12486077162855928,0.09391618570941533
cls|5m@q2,full,A,cs,124197.33290090357,-0.8758026670990964,-0.4027000985687912,0.006268585072690935,-83.62942226130899,-0.8758104614567287,1019,0.0,50,4.0476190476190474,-0.2667064245141476,0.011726447416088671,0.12486077162855928,0.09391618570941533
cls|5m@q2,full,A,ar,340142.89720012626,-0.6598571027998738,-0.2338870242780342,0.005997011161909026,-45.19283575977457,-0.6599342310695668,1019,0.02,50,4.0476190476190474,-0.13788255010667966,0.011726447416088671,0.12486077162855928,0.09391618570941533
cls|5m@q2,full,A,tick,588657.0909196314,-0.41134290908036863,-0.1227114315118365,0.005802635604255176,-22.94997730477492,-0.41252745971976357,1019,0.0,50,4.0476190476190474,-0.0677504860732271,0.011726447416088671,0.12486077162855928,0.09391618570941533
cls|5m@q2,full,B,0.0,1048846.3739038904,0.04884637390389046,0.011852136387016099,0.005692908398243513,2.1083781295753323,-0.004872765637514931,407,0.62,50,4.0476190476190474,0.006106432417853256,0.006106432417853256,0.12486077162855928,0.04890593208905444
cls|5m@q2,full,B,0.25,821660.5845209013,-0.1783394154790987,-0.04737051768588696,0.005697473080931645,-8.662398034475908,-0.18021580709007556,1019,0.04,50,4.0476190476190474,-0.02510876048928657,0.006106432417853256,0.12486077162855928,0.04890593208905444
cls|5m@q2,full,B,0.87,448499.84899501386,-0.5515001510049862,-0.17971493607823474,0.005763869695746899,-34.96229382988298,-0.5519018923398165,1019,0.0,50,4.0476190476190474,-0.10252243889899332,0.006106432417853256,0.12486077162855928,0.04890593208905444
cls|5m@q2,full,B,cs,118856.9088964748,-0.8811430911035252,-0.4091508375614509,0.00622270617657616,-86.02123165006373,-0.8811468564169112,1019,0.0,50,4.0476190476190474,-0.27232643951238306,0.006106432417853256,0.12486077162855928,0.04890593208905444
cls|5m@q2,full,B,ar,325517.16045078175,-0.6744828395492182,-0.24216077823055093,0.005941815180399408,-47.47179664906044,-0.6745465366408688,1019,0.02,50,4.0476190476190474,-0.14350256510491502,0.006106432417853256,0.12486077162855928,0.04890593208905444
cls|5m@q2,full,B,tick,563345.8817224778,-0.4366541182775221,-0.13218571387190547,0.005732645789912448,-25.157154687603555,-0.4375859398225207,1019,0.02,50,4.0476190476190474,-0.07337050107146251,0.006106432417853256,0.12486077162855928,0.04890593208905444
cls|5m@q2,full,C,0.0,1022188.4115613964,0.022188411561396393,0.0054366362315965144,0.005601069464931735,0.9875862208433654,-0.006868685739116254,205,0.5,50,4.0476190476190474,0.002814173293423435,0.002814173293423435,0.12486077162855928,0.02253849032580984
cls|5m@q2,full,C,0.25,800776.7969132025,-0.19922320308679753,-0.05341054978290771,0.005606804099297163,-9.956660365522461,-0.19958344888221102,1018,0.02,50,4.0476190476190474,-0.028401019613716383,0.002814173293423435,0.12486077162855928,0.02253849032580984
cls|5m@q2,full,C,0.87,437100.41098774615,-0.5628995890122539,-0.1849159067031806,0.005676944594348098,-36.637555110527664,-0.5628913783241671,1019,0.0,50,4.0476190476190474,-0.10581469802342312,0.002814173293423435,0.12486077162855928,0.02253849032580984
cls|5m@q2,full,C,cs,115835.91650862961,-0.8841640834913704,-0.41289711830985065,0.0061343667821205485,-88.3149203956212,-0.8841577021481221,1019,0.0,50,4.0476190476190474,-0.2756186986368128,0.002814173293423435,0.12486077162855928,0.02253849032580984
cls|5m@q2,full,C,ar,317243.5526365015,-0.6827564473634985,-0.24696581346533553,0.005852752162290216,-49.299867567310926,-0.6827442029997945,1019,0.0,50,4.0476190476190474,-0.14679482422934484,0.002814173293423435,0.12486077162855928,0.02253849032580984
cls|5m@q2,full,C,tick,549027.4774655655,-0.45097252253443443,-0.137688019786102,0.005644184515484128,-26.69797931439892,-0.4509622477132099,1019,0.0,50,4.0476190476190474,-0.07666276019589231,0.002814173293423435,0.12486077162855928,0.02253849032580984
cls|5m@q2,hold,A,0.0,1064523.6466315205,0.06452364663152044,0.020977081341902792,0.005637848119171144,3.746752048572102,-0.004257197405017732,239,0.7297297297297297,37,3.011904761904762,0.01074665190783621,0.01074665190783621,0.11132219541616364,0.09653647116517278
cls|5m@q2,hold,A,0.25,905270.4092879602,-0.0947295907120399,-0.03250279185766125,0.005638776739566894,-5.955211456029238,-0.0973324560180241,758,0.08108108108108109,37,3.011904761904762,-0.0170838969462047,0.01074665190783621,0.11132219541616364,0.09653647116517278
cls|5m@q2,hold,A,0.87,605678.4476342963,-0.39432155236570376,-0.15335579318371695,0.005699830286097388,-29.693050823368885,-0.3950869221311747,758,0.0,37,3.011904761904762,-0.08610365810422616,0.01074665190783621,0.11132219541616364,0.09653647116517278
cls|5m@q2,hold,A,cs,252075.26372686363,-0.7479247362731364,-0.3671532203456752,0.0061334489334927385,-75.84049887482969,-0.7479431835741362,758,0.0,37,3.011904761904762,-0.23665233360774388,0.01074665190783621,0.11132219541616364,0.09653647116517278
cls|5m@q2,hold,A,ar,510950.83092613216,-0.48904916907386786,-0.19983923238981283,0.0058302832858930405,-38.87588804845339,-0.4891725758859242,758,0.02702702702702703,37,3.011904761904762,-0.11531208807140153,0.01074665190783621,0.11132219541616364,0.09653647116517278
cls|5m@q2,hold,A,tick,707068.0344521295,-0.2929319655478705,-0.10871060394772125,0.005667494687360025,-20.643476188705492,-0.29438466874613145,758,0.0,37,3.011904761904762,-0.05952217726298919,0.01074665190783621,0.11132219541616364,0.09653647116517278
cls|5m@q2,hold,B,0.0,1034442.6074721079,0.03444260747210781,0.011306404095297706,0.005560321725883068,2.0586375660642084,-0.004872765637518484,407,0.5945945945945946,37,3.011904761904762,0.005823507928523533,0.005823507928523533,0.11132219541616364,0.05231219081471669
cls|5m@q2,hold,B,0.25,879689.3921044692,-0.12031060789553072,-0.041666950485129584,0.005564397726150506,-7.773894277884864,-0.1223410206609028,758,0.05405405405405406,37,3.011904761904762,-0.022007040925517377,0.005823507928523533,0.11132219541616364,0.05231219081471669
cls|5m@q2,hold,B,0.87,588563.0705377668,-0.4114369294622332,-0.161375319798703,0.005633938978402712,-31.75793753913368,-0.4119718610215446,758,0.0,37,3.011904761904762,-0.09102680208353885,0.005823507928523533,0.11132219541616364,0.05231219081471669
cls|5m@q2,hold,B,cs,244951.8979877964,-0.7550481020122036,-0.3731477778428557,0.006087939721207682,-77.99695471539967,-0.7550540504310628,758,0.0,37,3.011904761904762,-0.24157547758705655,0.005823507928523533,0.11132219541616364,0.05231219081471669
cls|5m@q2,hold,B,ar,496512.1733138755,-0.5034878266861245,-0.20741852081678525,0.005774132711371256,-40.92984763815007,-0.5035834724383838,758,0.02702702702702703,37,3.011904761904762,-0.12023523205071421,0.005823507928523533,0.11132219541616364,0.05231219081471669
cls|5m@q2,hold,B,tick,687087.6586046603,-0.31291234139533974,-0.11715297839538985,0.005598136048902613,-22.62783939641839,-0.31406566101761857,758,0.02702702702702703,37,3.011904761904762,-0.06444532124230186,0.005823507928523533,0.11132219541616364,0.05231219081471669
cls|5m@q2,hold,C,0.0,1011947.6802528413,0.01194768025284132,0.003951093745610423,0.005440186692295918,0.7397056048348367,-0.00686868573911581,205,0.4864864864864865,37,3.011904761904762,0.00204728153624297,0.00204728153624297,0.11132219541616364,0.018390596130353633
cls|5m@q2,hold,C,0.25,860559.6374818155,-0.13944036251818448,-0.04863701144340804,0.005446438665398178,-9.305087847924668,-0.13948162322892688,758,0.02702702702702703,37,3.011904761904762,-0.02578326731779794,0.00204728153624297,0.11132219541616364,0.018390596130353633
cls|5m@q2,hold,C,0.87,575764.0231518925,-0.42423597684810754,-0.16747479370431884,0.0055225702753839475,-33.74241041398343,-0.4242159860546396,758,0.0,37,3.011904761904762,-0.0948030284758194,0.00204728153624297,0.11132219541616364,0.018390596130353633
cls|5m@q2,hold,C,cs,239625.0608070703,-0.7603749391929298,-0.37770703315557874,0.0059778355300511765,-80.67523887490702,-0.760352996932693,758,0.0,37,3.011904761904762,-0.24535170397933712,0.00204728153624297,0.11132219541616364,0.018390596130353633
cls|5m@q2,hold,C,ar,485714.864071827,-0.514285135928173,-0.21318312730796007,0.0056647483165203245,-43.03049475378682,-0.514250784371236,758,0.0,37,3.011904761904762,-0.12401145844299477,0.00204728153624297,0.11132219541616364,0.018390596130353633
cls|5m@q2,hold,C,tick,672146.1290429452,-0.32785387095705476,-0.1235740639158942,0.005484193191986733,-24.45141324096148,-0.3278382265261829,758,0.0,37,3.011904761904762,-0.06822154763458242,0.00204728153624297,0.11132219541616364,0.018390596130353633
cls|5m@q2,learn,A,0.0,1029540.8842557059,0.02954088425570589,0.02850785176744086,0.006142199735333356,4.666505330959059,-0.0028956783372759975,21,0.8461538461538461,13,1.0357142857142858,0.014582116304817067,0.014582116304817067,0.16431971031707468,0.08874234427920495
cls|5m@q2,learn,A,0.25,948421.1886730181,-0.05157881132698183,-0.04984532747743886,0.006144535866436502,-8.476490165117719,-0.05208730208662726,260,0.0,13,1.0357142857142858,-0.02649781127445161,0.014582116304817067,0.16431971031707468,0.08874234427920495
cls|5m@q2,learn,A,0.87,773762.2193141888,-0.22623778068581113,-0.21936388309028032,0.006175520427886482,-40.86067414061684,-0.22621347176550877,260,0.0,13,1.0357142857142858,-0.12837603167103795,0.014582116304817067,0.16431971031707468,0.08874234427920495
cls|5m@q2,learn,A,cs,492699.40677511675,-0.5073005932248833,-0.4951264037083577,0.006492784953511811,-107.25960749714822,-0.5072672263877034,260,0.0,13,1.0357142857142858,-0.3543007558389635,0.014582116304817067,0.16431971031707468,0.08874234427920495
cls|5m@q2,learn,A,ar,665705.7325527837,-0.33429426744721635,-0.32488771534076144,0.006369534522110066,-62.84992408657365,-0.33426016422029914,260,0.0,13,1.0357142857142858,-0.20366542591647732,0.014582116304817067,0.16431971031707468,0.08874234427920495
cls|5m@q2,learn,A,tick,832532.46114535,-0.16746753885465004,-0.16218918338267319,0.006167526086991002,-29.235241242154114,-0.16744144173897157,260,0.0,13,1.0357142857142858,-0.09173235298151236,0.014582116304817067,0.16431971031707468,0.08874234427920495
cls|5m@q2,learn,B,0.0,1013924.1813202,0.013924181320200013,0.013440824986632904,0.006062952414822955,2.247029987355995,-0.003313203037203505,47,0.6923076923076923,13,1.0357142857142858,0.006931031689061672,0.006931031689061672,0.16431971031707468,0.04218016010183691
cls|5m@q2,learn,B,0.25,934034.8899232008,-0.06596511007679917,-0.06376459343030993,0.006067072700489851,-11.06350180316307,-0.06594749474932149,260,0.0,13,1.0357142857142858,-0.034148895890207004,0.006931031689061672,0.16431971031707468,0.04218016010183691
cls|5m@q2,learn,B,0.87,762025.127715231,-0.237974872284769,-0.2307999269689831,0.00610277531439959,-43.81201764751947,-0.2379502996895526,260,0.0,13,1.0357142857142858,-0.13602711628679334,0.006931031689061672,0.16431971031707468,0.04218016010183691
cls|5m@q2,learn,B,cs,485225.5070193322,-0.5147744929806678,-0.5025228326660016,0.006437301471428021,-110.52030742316158,-0.5147412295711362,260,0.0,13,1.0357142857142858,-0.3619518404547188,0.006931031689061672,0.16431971031707468,0.04218016010183691
cls|5m@q2,learn,B,ar,655607.6123535483,-0.34439238764645175,-0.3347779922286077,0.006310214825940269,-65.82402415123232,-0.3443582576149482,260,0.0,13,1.0357142857142858,-0.21131651053223274,0.006931031689061672,0.16431971031707468,0.04218016010183691
cls|5m@q2,learn,B,tick,819903.9448132737,-0.18009605518672622,-0.1744627650271019,0.006093311424274125,-32.05942899340002,-0.1800696734851518,260,0.0,13,1.0357142857142858,-0.09938343759726775,0.006931031689061672,0.16431971031707468,0.04218016010183691
cls|5m@q2,learn,C,0.0,1010119.8229003403,0.010119822900340303,0.009769164591289181,0.0060456319995936475,1.6416725105930983,-0.005058582027313574,147,0.5384615384615384,13,1.0357142857142858,0.005049322274570043,0.005049322274570043,0.16431971031707468,0.03072864639809045
cls|5m@q2,learn,C,0.25,930530.2759218958,-0.06946972407810426,-0.0671565502738295,0.006048871554642122,-11.7082594905763,-0.07004214670337716,259,0.0,13,1.0357142857142858,-0.036030605304698635,0.005049322274570043,0.16431971031707468,0.03072864639809045
cls|5m@q2,learn,C,0.87,759165.8968112196,-0.2408341031887804,-0.2335867373400231,0.006082479966289363,-44.56629356788742,-0.24093317214668197,260,0.0,13,1.0357142857142858,-0.13790882570128493,0.005049322274570043,0.16431971031707468,0.03072864639809045
cls|5m@q2,learn,C,cs,483404.849720177,-0.516595150279823,-0.5043252107650313,0.006411226024743031,-111.54671865613786,-0.5166061530645665,260,0.0,13,1.0357142857142858,-0.36383354986921046,0.005049322274570043,0.16431971031707468,0.03072864639809045
cls|5m@q2,learn,C,ar,653147.7129956406,-0.34685228700435944,-0.33718805372413874,0.006277218503228367,-66.75925346740088,-0.3468879833544457,260,0.0,13,1.0357142857142858,-0.21319821994672436,0.005049322274570043,0.16431971031707468,0.03072864639809045
cls|5m@q2,learn,C,tick,816827.5524361464,-0.18317244756385354,-0.17745367665648626,0.00607354804315175,-32.77273375498365,-0.18330196608325333,260,0.0,13,1.0357142857142858,-0.1012651470117594,0.005049322274570043,0.16431971031707468,0.03072864639809045
cls|5m@q3,full,A,0.0,1228007.2213938297,0.22800722139382978,0.05205361871143599,0.008321762887407064,6.207576404224483,-0.00494445310973235,124,0.94,50,4.0476190476190474,0.026281023067470027,0.026281023067470027,0.17999536646552372,0.14600944226252563
cls|5m@q3,full,A,0.25,863707.9604739866,-0.13629203952601343,-0.03555184482142637,0.008321076314525205,-4.421512644405856,-0.1411142751385438,1017,0.22,50,4.0476190476190474,-0.018717818548910903,0.026281023067470027,0.17999536646552372,0.14600944226252563
cls|5m@q3,full,A,0.87,360857.23898370966,-0.6391427610162903,-0.22261561996442103,0.008334437985575305,-30.73357289649697,-0.639541166891373,1019,0.0,50,4.0476190476190474,-0.13031494575753566,0.026281023067470027,0.17999536646552372,0.14600944226252563
cls|5m@q3,full,A,cs,47976.24497415855,-0.9520237550258415,-0.527789219316433,0.00854089175147752,-89.36759277747957,-0.9520323160318175,1019,0.0,50,4.0476190476190474,-0.38831854700985813,0.026281023067470027,0.17999536646552372,0.14600944226252563
cls|5m@q3,full,A,ar,106458.3271634459,-0.8935416728365542,-0.4250154890189697,0.008508908183880197,-66.16083545024615,-0.8935616007952458,1019,0.0,50,4.0476190476190474,-0.2864043926612488,0.026281023067470027,0.17999536646552372,0.14600944226252563
cls|5m@q3,full,A,tick,501623.2461950868,-0.4983767538049132,-0.1567125137398374,0.00833270277987834,-20.805384489435173,-0.49948966259595096,1018,0.0,50,4.0476190476190474,-0.08819957528060346,0.026281023067470027,0.17999536646552372,0.14600944226252563
cls|5m@q3,full,B,0.0,1128678.0421313443,0.12867804213134426,0.030357415729740378,0.008194949607241146,3.716618754602557,-0.005215034519656103,223,0.8,50,4.0476190476190474,0.015495270351696837,0.015495270351696837,0.17999536646552372,0.08608705132787292
cls|5m@q3,full,B,0.25,793845.3170236468,-0.2061546829763532,-0.055441487623906216,0.008196072640000676,-7.075610749816179,-0.2076309894710331,1017,0.04,50,4.0476190476190474,-0.0295035712646841,0.015495270351696837,0.17999536646552372,0.08608705132787292
cls|5m@q3,full,B,0.87,331668.26126513106,-0.668331738734869,-0.2386476845245159,0.008214142741785245,-33.764635171029134,-0.6684637032334687,1019,0.0,50,4.0476190476190474,-0.1411006984733088,0.015495270351696837,0.17999536646552372,0.08608705132787292
cls|5m@q3,full,B,cs,44095.43492530895,-0.955904565074691,-0.5375279559861943,0.008435214157759243,-93.00053286958783,-0.9559131702695274,1019,0.0,50,4.0476190476190474,-0.3991042997256314,0.015495270351696837,0.17999536646552372,0.08608705132787292
cls|5m@q3,full,B,ar,97846.95160054194,-0.9021530483994581,-0.4368737096161288,0.00840889815292629,-69.46890533449834,-0.9021729990855525,1019,0.0,50,4.0476190476190474,-0.297190145377022,0.015495270351696837,0.17999536646552372,0.08608705132787292
cls|5m@q3,full,B,tick,461048.20923484594,-0.538951790765154,-0.17410361300503074,0.008209649687817084,-23.699617901895177,-0.5395859191885999,1019,0.0,50,4.0476190476190474,-0.09898532799637663,0.015495270351696837,0.17999536646552372,0.08608705132787292
cls|5m@q3,full,C,0.0,1026193.6032422872,0.026193603242287145,0.006408505364072115,0.008034502048447833,0.8128713706452233,-0.011666394157989313,200,0.54,50,4.0476190476190474,0.0033226580650049073,0.0033226580650049073,0.17999536646552372,0.018459686658885904
cls|5m@q3,full,C,0.25,721763.5236149105,-0.2782364763850894,-0.07739624471245998,0.008035520241089155,-10.194574082421978,-0.2783517675784646,1016,0.04,50,4.0476190476190474,-0.041676183551376034,0.0033226580650049073,0.17999536646552372,0.018459686658885904
cls|5m@q3,full,C,0.87,301552.1990756334,-0.6984478009243666,-0.25634429886937726,0.008053635671016983,-37.408449045450006,-0.6984428817738755,1019,0.0,50,4.0476190476190474,-0.15327331076000075,0.0033226580650049073,0.17999536646552372,0.018459686658885904
cls|5m@q3,full,C,cs,40091.40761247783,-0.9599085923875221,-0.5482777332289058,0.008268176206613985,-97.77318214441927,-0.9599068223645887,1019,0.0,50,4.0476190476190474,-0.41127691201232336,0.0033226580650049073,0.17999536646552372,0.018459686658885904
cls|5m@q3,full,C,ar,88962.14597648884,-0.9110378540235111,-0.4499630243813101,0.008251476001280561,-73.69389868787434,-0.9110337821184,1019,0.0,50,4.0476190476190474,-0.3093627576637139,0.0033226580650049073,0.17999536646552372,0.018459686658885904
cls|5m@q3,full,C,tick,419184.4133212726,-0.5808155866787275,-0.19330037585454096,0.008047163880038103,-27.15143504935866,-0.5808479039656695,1019,0.0,50,4.0476190476190474,-0.11115794028306858,0.0033226580650049073,0.17999536646552372,0.018459686658885904
cls|5m@q3,hold,A,0.0,1161465.6483732057,0.16146564837320576,0.050952632729806435,0.00873706727984682,5.787688159381627,-0.00494445310973235,124,0.918918918918919,37,3.011904761904762,0.025726201080224918,0.025726201080224918,0.1766740461929326,0.1456139236893417
cls|5m@q3,hold,A,0.25,898079.0658239927,-0.10192093417600734,-0.03506135437701963,0.008735751984519676,-4.14963766372428,-0.10629047502808586,758,0.24324324324324326,37,3.011904761904762,-0.01844231046800823,0.025726201080224918,0.1766740461929326,0.1456139236893417
cls|5m@q3,hold,A,0.87,474587.83951825136,-0.5254121604817487,-0.2192140393402091,0.008748771270414919,-28.753514168169602,-0.5258539554619054,758,0.0,37,3.011904761904762,-0.12798021910762644,0.025726201080224918,0.1766740461929326,0.1456139236893417
cls|5m@q3,hold,A,cs,106427.17965640171,-0.8935728203435983,-0.5247019142797578,0.008965179161146478,-84.35005943344414,-0.893583353068478,758,0.0,37,3.011904761904762,-0.3847239494679387,0.025726201080224918,0.1766740461929326,0.1456139236893417
cls|5m@q3,hold,A,ar,207537.76176184794,-0.7924622382381521,-0.4067121563281394,0.008909825047739111,-59.57140446227756,-0.7924846756644615,758,0.0,37,3.011904761904762,-0.27002991025997053,0.025726201080224918,0.1766740461929326,0.1456139236893417
cls|5m@q3,hold,A,tick,605060.5683135006,-0.39493943168649936,-0.153642652710698,0.008746699882836157,-19.38649931154285,-0.39615109917636615,758,0.0,37,3.011904761904762,-0.08626775094468614,0.025726201080224918,0.1766740461929326,0.1456139236893417
cls|5m@q3,hold,B,0.0,1091937.9350932187,0.09193793509321879,0.029632694913584334,0.0085926815725758,3.4596945917214086,-0.005215034519656436,223,0.7837837837837838,37,3.011904761904762,0.015124162578868896,0.015124162578868896,0.1766740461929326,0.08560489163390146
cls|5m@q3,hold,B,0.25,844317.939957693,-0.155682060042307,-0.05463648835822876,0.008593338428800041,-6.643468403717257,-0.1567613042574475,758,0.05405405405405406,37,3.011904761904762,-0.029044348969364246,0.015124162578868896,0.1766740461929326,0.08560489163390146
cls|5m@q3,hold,B,0.87,446177.5370092638,-0.5538224629907362,-0.23505358147563205,0.008611509310219688,-31.631770429946478,-0.553932530262028,758,0.0,37,3.011904761904762,-0.13858225760898246,0.015124162578868896,0.1766740461929326,0.08560489163390146
cls|5m@q3,hold,B,cs,100055.9286297216,-0.8999440713702784,-0.5343444193291489,0.00884305622012389,-87.87151665779635,-0.8999565445378843,758,0.0,37,3.011904761904762,-0.39532598796929486,0.015124162578868896,0.1766740461929326,0.08560489163390146
cls|5m@q3,hold,B,ar,195113.63802840997,-0.80488636197159,-0.4187482528487412,0.008794279043194285,-62.72374981234457,-0.8049124696945801,758,0.0,37,3.011904761904762,-0.2806319487613265,0.015124162578868896,0.1766740461929326,0.08560489163390146
cls|5m@q3,hold,B,tick,568839.9577702476,-0.43116004222975246,-0.17081232520194567,0.008606067724868261,-22.124768735544105,-0.4318406427825021,758,0.0,37,3.011904761904762,-0.09686978944604217,0.015124162578868896,0.1766740461929326,0.08560489163390146
cls|5m@q3,hold,C,0.0,1019710.2611303461,0.01971026113034613,0.00650150391302029,0.008402343114784785,0.7883842145187617,-0.00800445444613529,200,0.5135135135135135,37,3.011904761904762,0.0033701031118573105,0.0033701031118573105,0.1766740461929326,0.01907525855935326
cls|5m@q3,hold,C,0.25,788469.1726387333,-0.21153082736126672,-0.07587462691974867,0.008403321839171113,-9.5430537063008,-0.2115949859038797,758,0.05405405405405406,37,3.011904761904762,-0.04079840843637583,0.0033701031118573105,0.1766740461929326,0.01907525855935326
cls|5m@q3,hold,C,0.87,416664.0864353443,-0.5833359135646556,-0.252238736381171,0.008422662311774026,-35.084045151791656,-0.5833214467946553,758,0.0,37,3.011904761904762,-0.150336317075994,0.0033701031118573105,0.1766740461929326,0.01907525855935326
cls|5m@q3,hold,C,cs,93437.3593234459,-0.9065626406765541,-0.5448059796877727,0.008648042941260573,-92.52458003222748,-0.9065536801978176,758,0.0,37,3.011904761904762,-0.4070800474363063,0.0033701031118573105,0.1766740461929326,0.01907525855935326
cls|5m@q3,hold,C,ar,182207.21231610072,-0.8177927876838993,-0.4318067416606983,0.008610167757669979,-66.74828574178052,-0.8177750913495951,758,0.0,37,3.011904761904762,-0.29238600822833816,0.0033701031118573105,0.1766740461929326,0.01907525855935326
cls|5m@q3,hold,C,tick,531212.901166255,-0.46878709883374503,-0.18944061942417745,0.008414579158344383,-25.373941275692747,-0.4688198818496052,758,0.0,37,3.011904761904762,-0.10862384891305374,0.0033701031118573105,0.1766740461929326,0.01907525855935326
cls|5m@q3,learn,A,0.0,1057291.0383650577,0.05729103836505778,0.055261895008557715,0.006971753766378814,7.865520418518229,-0.003350790421379868,13,1.0,13,1.0357142857142858,0.027898082825770214,0.027898082825770214,0.18967554043249565,0.1470831861723308
cls|5m@q3,learn,A,0.25,961728.1967056323,-0.038271803294367746,-0.03697679729589698,0.00697338680796923,-5.502360620859988,-0.043243305307039015,258,0.15384615384615385,13,1.0357142857142858,-0.019520802282353696,0.027898082825770214,0.18967554043249565,0.1470831861723308
cls|5m@q3,learn,A,0.87,760359.2189593632,-0.2396407810406368,-0.2324235965347876,0.006987402131178893,-38.57261312805991,-0.23977854289709777,260,0.0,13,1.0357142857142858,-0.137119637350501,0.027898082825770214,0.18967554043249565,0.1470831861723308
cls|5m@q3,learn,A,cs,450789.40482169145,-0.5492105951783086,-0.5366537618542222,0.007160490285941711,-109.47181261173118,-0.5492223986860243,260,0.0,13,1.0357142857142858,-0.39879520288498793,0.027898082825770214,0.18967554043249565,0.1470831861723308
cls|5m@q3,learn,A,ar,512958.8285991542,-0.4870411714008458,-0.4750962641083545,0.007172827541196092,-91.5626989741206,-0.48705377109808146,260,0.0,13,1.0357142857142858,-0.33412873878094185,0.027898082825770214,0.18967554043249565,0.1470831861723308
cls|5m@q3,learn,A,tick,829046.3343087521,-0.17095366569124792,-0.16557668415737214,0.00698713486930837,-26.39597245116548,-0.17114603321942257,259,0.0,13,1.0357142857142858,-0.0938299855122311,0.027898082825770214,0.18967554043249565,0.1470831861723308
cls|5m@q3,learn,B,0.0,1033646.6990085699,0.03364669900856998,0.03246783709342749,0.0069064598007826114,4.717833099539971,-0.0032206016074131094,35,0.8461538461538461,13,1.0357142857142858,0.016576884741948735,0.016576884741948735,0.18967554043249565,0.08739600638095109
cls|5m@q3,learn,B,0.25,940220.83323663,-0.05977916676337003,-0.05777856946909132,0.00690928220708347,-8.774143840528405,-0.061208164795189424,258,0.0,13,1.0357142857142858,-0.030842000366175175,0.016576884741948735,0.18967554043249565,0.08739600638095109
cls|5m@q3,learn,B,0.87,743354.9064085472,-0.2566450935914528,-0.24900382993175074,0.006926331841630828,-42.1255164784315,-0.2567636165164159,260,0.0,13,1.0357142857142858,-0.14844083543432246,0.016576884741948735,0.18967554043249565,0.08739600638095109
cls|5m@q3,learn,B,cs,440707.86738177785,-0.5592921326182221,-0.5466626877768224,0.007112341325926047,-113.34169168819132,-0.5592998639441003,260,0.0,13,1.0357142857142858,-0.4101164009688095,0.016576884741948735,0.18967554043249565,0.08739600638095109
cls|5m@q3,learn,B,ar,501486.9928584831,-0.4985130071415169,-0.48643484858493646,0.00712563884426045,-95.2920026880554,-0.49852099163923047,260,0.0,13,1.0357142857142858,-0.3454499368647633,0.016576884741948735,0.18967554043249565,0.08739600638095109
cls|5m@q3,learn,B,tick,810506.0183220502,-0.18949398167794973,-0.18360078131084112,0.00692549340161788,-29.844107053530188,-0.18965206183442218,260,0.0,13,1.0357142857142858,-0.10515118359605258,0.016576884741948735,0.18967554043249565,0.08739600638095109
cls|5m@q3,learn,C,0.0,1006358.0238025269,0.006358023802526924,0.0061381101330633125,0.006850842063047213,0.9136411286089703,-0.008045451438630558,81,0.6153846153846154,13,1.0357142857142858,0.0031843768184799883,0.0031843768184799883,0.18967554043249565,0.01678854749125277
cls|5m@q3,learn,C,0.25,915398.532576019,-0.084601467423981,-0.08180695735554155,0.006851892245984816,-12.689538360016522,-0.08492335538624274,257,0.0,13,1.0357142857142858,-0.044234508289643926,0.0031843768184799883,0.18967554043249565,0.01678854749125277
cls|5m@q3,learn,C,0.87,723729.759517986,-0.276270240482014,-0.26815582064633603,0.006864641536907495,-46.338853674124636,-0.2764313873240093,260,0.0,13,1.0357142857142858,-0.1618333433577912,0.0031843768184799883,0.18967554043249565,0.01678854749125277
cls|5m@q3,learn,C,cs,429072.56693435856,-0.5709274330656414,-0.5582240169168656,0.007042540043749472,-118.20296457632398,-0.5709795510025941,260,0.0,13,1.0357142857142858,-0.42350890889227827,0.0031843768184799883,0.18967554043249565,0.01678854749125277
cls|5m@q3,learn,C,ar,488247.11626756337,-0.5117528837324367,-0.49953207424918455,0.007058023378678757,-99.93459523051155,-0.5118100576618789,260,0.0,13,1.0357142857142858,-0.3588424447882321,0.0031843768184799883,0.18967554043249565,0.01678854749125277
cls|5m@q3,learn,C,tick,789108.1191758967,-0.21089188082410326,-0.20442060121059358,0.006864183087969319,-33.945697115678776,-0.21107514726430388,260,0.0,13,1.0357142857142858,-0.11854369151952132,0.0031843768184799883,0.18967554043249565,0.01678854749125277
cls|5m@q4,full,A,0.0,1366477.1655726032,0.3664771655726031,0.08019400881940575,0.00973427232764348,8.066833623048176,-0.005992725720312064,54,1.0,50,4.0476190476190474,0.03994950921272988,0.03994950921272988,0.18906528038329154,0.21130008181163856
cls|5m@q4,full,A,0.25,944207.3061081594,-0.055792693891840606,-0.014083419275985443,0.009731538872850018,-1.4778673403783735,-0.08107242002135584,1017,0.4,50,4.0476190476190474,-0.007316810883093005,0.03994950921272988,0.18906528038329154,0.21130008181163856
cls|5m@q4,full,A,0.87,377517.5079442082,-0.6224824920557918,-0.21389858678855833,0.009732466333174759,-25.15194797157063,-0.6230055413763482,1019,0.0,50,4.0476190476190474,-0.12453728472073376,0.03994950921272988,0.18906528038329154,0.21130008181163856
cls|5m@q4,full,A,cs,40121.610122258666,-0.9598783898777413,-0.5481936826976248,0.009882579390856534,-81.78046939898387,-0.9598856842141784,1019,0.0,50,4.0476190476190474,-0.4111731692394034,0.03994950921272988,0.18906528038329154,0.21130008181163856
cls|5m@q4,full,A,ar,37119.83116033542,-0.9628801688396645,-0.5567910321953786,0.009882247822122716,-83.76092963231383,-0.9628843210213186,1019,0.0,50,4.0476190476190474,-0.4211163331491185,0.03994950921272988,0.18906528038329154,0.21130008181163856
cls|5m@q4,full,A,tick,547440.8270722545,-0.4525591729277455,-0.13830436637214616,0.009737219053851859,-15.546969002789249,-0.4541888883752254,1018,0.0,50,4.0476190476190474,-0.07701681054314394,0.03994950921272988,0.18906528038329154,0.21130008181163856
cls|5m@q4,full,B,0.0,1182612.1628715363,0.18261216287153625,0.04230865288568286,0.009534557462154293,4.426170478812397,-0.006258652373732243,78,0.82,50,4.0476190476190474,0.021470073650553406,0.021470073650553406,0.18906528038329154,0.11355905011764816
cls|5m@q4,full,B,0.25,817159.7896463708,-0.18284021035362918,-0.048662387344822644,0.009533860063606025,-5.318423143882743,-0.18524615039265402,1017,0.06,50,4.0476190476190474,-0.02579624644526948,0.021470073650553406,0.18906528038329154,0.11355905011764816
cls|5m@q4,full,B,0.87,326720.1409091284,-0.6732798590908715,-0.24146980887458713,0.00953999571084979,-29.466854483842084,-0.6735354322299065,1019,0.0,50,4.0476190476190474,-0.14301672028291024,0.021470073650553406,0.18906528038329154,0.11355905011764816
cls|5m@q4,full,B,cs,34722.83493194131,-0.9652771650680587,-0.5640405437429444,0.009704367170977621,-87.02526863613177,-0.9652852183348675,1019,0.0,50,4.0476190476190474,-0.42965260480157996,0.021470073650553406,0.18906528038329154,0.11355905011764816
cls|5m@q4,full,B,ar,32124.954462413294,-0.9678750455375867,-0.5723364173570706,0.009717817913115073,-88.91599438314046,-0.9678783299233583,1019,0.0,50,4.0476190476190474,-0.4395957687112949,0.021470073650553406,0.18906528038329154,0.11355905011764816
cls|5m@q4,full,B,tick,473779.58602792025,-0.5262204139720797,-0.1685267662436125,0.009541656071841226,-19.67241534711871,-0.5271776740603624,1018,0.0,50,4.0476190476190474,-0.09549624610532041,0.021470073650553406,0.18906528038329154,0.11355905011764816
cls|5m@q4,full,C,0.0,1038069.4684574084,0.03806946845740833,0.009273521735646328,0.00938797751060257,1.004986468321168,-0.019737006386849498,477,0.58,50,4.0476190476190474,0.004799954397160678,0.004799954397160678,0.18906528038329154,0.025387815189704545
cls|5m@q4,full,C,0.25,717283.4318575247,-0.28271656814247537,-0.07881440373667692,0.00938711526465222,-8.892176783170987,-0.2833493705035631,1019,0.04,50,4.0476190476190474,-0.04246636569866221,0.004799954397160678,0.18906528038329154,0.025387815189704545
cls|5m@q4,full,C,0.87,286786.736402721,-0.713213263597279,-0.2655111962477148,0.009392965192055475,-33.41654582708724,-0.7133043894712066,1019,0.0,50,4.0476190476190474,-0.159686839536303,0.004799954397160678,0.18906528038329154,0.025387815189704545
cls|5m@q4,full,C,cs,30478.73787833714,-0.9695212621216629,-0.5778584726283266,0.009543399649074106,-91.9265648156701,-0.9695206542852067,1019,0.0,50,4.0476190476190474,-0.44632272405497264,0.004799954397160678,0.18906528038329154,0.025387815189704545
cls|5m@q4,full,C,ar,28198.383867291403,-0.9718016161327085,-0.585891429711188,0.009560054947735512,-93.81078187169035,-0.9718003129751732,1019,0.0,50,4.0476190476190474,-0.45626588796468776,0.004799954397160678,0.18906528038329154,0.025387815189704545
cls|5m@q4,full,C,tick,415872.1172206635,-0.5841278827793365,-0.19487992173203095,0.009392422298613215,-23.47362594435723,-0.584402549764278,1019,0.0,50,4.0476190476190474,-0.11216636535871313,0.004799954397160678,0.18906528038329154,0.025387815189704545
cls|5m@q4,hold,A,0.0,1266722.1220164888,0.2667221220164888,0.08166264905522902,0.010341701066486108,7.722853239090615,-0.005992725720313619,54,1.0,37,3.011904761904762,0.040632600518426494,0.040632600518426494,0.18986626726371686,0.2140064220148669
cls|5m@q4,hold,A,0.25,960837.0360900022,-0.03916296390999785,-0.013176603312033297,0.010338646700116114,-1.2992845721500932,-0.07283101408396042,674,0.40540540540540543,37,3.011904761904762,-0.006833966297502716,0.040632600518426494,0.18986626726371686,0.2140064220148669
cls|5m@q4,hold,A,0.87,484137.5402902541,-0.5158624597097459,-0.21403239289212184,0.010338491001026722,-23.680201277813822,-0.5165229726204166,758,0.0,37,3.011904761904762,-0.12455105200100715,0.040632600518426494,0.18986626726371686,0.2140064220148669
cls|5m@q4,hold,A,cs,89626.40887020838,-0.9103735911297917,-0.5510559829133339,0.010482110795438366,-77.6747634955477,-0.9103877944615533,758,0.0,37,3.011904761904762,-0.41422236313075006,0.040632600518426494,0.18986626726371686,0.2140064220148669
cls|5m@q4,hold,A,ar,89148.40839392497,-0.910851591606075,-0.5518523595127007,0.010470986288557815,-77.9296897152483,-0.9108581984830247,758,0.0,37,3.011904761904762,-0.4151407776149419,0.040632600518426494,0.18986626726371686,0.2140064220148669
cls|5m@q4,hold,A,tick,644727.0051754864,-0.3552729948245136,-0.13560992384801474,0.010343808310159758,-14.319418532179027,-0.35714450567411915,758,0.0,37,3.011904761904762,-0.07535476211325248,0.040632600518426494,0.18986626726371686,0.2140064220148669
cls|5m@q4,hold,B,0.0,1128984.9825710491,0.12898498257104918,0.041102055264554016,0.01011837564345595,4.0525803516711125,-0.006258652373735352,78,0.8378378378378378,37,3.011904761904762,0.02086158441366358,0.02086158441366358,0.18986626726371686,0.10987514904207629
cls|5m@q4,hold,B,0.25,856359.8143591164,-0.14364018564088366,-0.0501810718604877,0.010117423246884338,-5.168781826538443,-0.14547744012918518,758,0.05405405405405406,37,3.011904761904762,-0.026604982402265623,0.02086158441366358,0.18986626726371686,0.10987514904207629
cls|5m@q4,hold,B,0.87,431493.8849555684,-0.5685061150444316,-0.2435054369055385,0.010122642343832321,-28.024249739648877,-0.5687913531482016,758,0.0,37,3.011904761904762,-0.14432206810577006,0.02086158441366358,0.18986626726371686,0.10987514904207629
cls|5m@q4,hold,B,cs,79880.41036235633,-0.9201195896376437,-0.5678914868128446,0.010280340865634872,-82.97948456912793,-0.9201307073105425,758,0.0,37,3.011904761904762,-0.4339933792355129,0.02086158441366358,0.18986626726371686,0.10987514904207629
cls|5m@q4,hold,B,ar,79454.34402243671,-0.9205456559775633,-0.5686580779763923,0.010286736962763584,-83.10338106533918,-0.9205464953458962,758,0.0,37,3.011904761904762,-0.43491179371970484,0.02086158441366358,0.18986626726371686,0.10987514904207629
cls|5m@q4,hold,B,tick,574621.7216228221,-0.4253782783771779,-0.16802355110456935,0.01012457780177626,-18.46785449488347,-0.4264601923755388,758,0.0,37,3.011904761904762,-0.09512577821801539,0.02086158441366358,0.18986626726371686,0.10987514904207629
cls|5m@q4,hold,C,0.0,1030724.7474117471,0.030724747411747133,0.010098172426947993,0.00994355084143502,1.0323484512123782,-0.0122635066272756,477,0.5675675675675675,37,3.011904761904762,0.005222430459252637,0.005222430459252637,0.18986626726371686,0.027505836263157182
cls|5m@q4,hold,C,0.25,781826.9468802377,-0.21817305311976232,-0.07846668385204447,0.009942193249101857,-8.351786405900386,-0.21866633940975555,758,0.05405405405405406,37,3.011904761904762,-0.04224413635667658,0.005222430459252637,0.18986626726371686,0.027505836263157182
cls|5m@q4,hold,C,0.87,393938.60971250676,-0.6060613902874932,-0.26603410268963845,0.00994654137783726,-31.61096567517202,-0.6061678757325936,758,0.0,37,3.011904761904762,-0.15996122206018104,0.005222430459252637,0.18986626726371686,0.027505836263157182
cls|5m@q4,hold,C,cs,72927.8290425742,-0.9270721709574258,-0.5807601153782845,0.010088436273642802,-87.60502453161521,-0.9270673729534417,758,0.0,37,3.011904761904762,-0.4496325331899239,0.005222430459252637,0.18986626726371686,0.027505836263157182
cls|5m@q4,hold,C,ar,72538.8392194164,-0.9274611607805836,-0.5815038904339058,0.010097975774540188,-87.70103657617145,-0.9274534369339796,758,0.0,37,3.011904761904762,-0.45055094767411574,0.005222430459252637,0.18986626726371686,0.027505836263157182
cls|5m@q4,hold,C,tick,524609.5155023717,-0.47539048449762833,-0.19279995605769973,0.009946351589249034,-21.889388156502857,-0.4756744671681691,758,0.0,37,3.011904761904762,-0.11076493217242632,0.005222430459252637,0.18986626726371686,0.027505836263157182
cls|5m@q4,learn,A,0.0,1078750.5340139691,0.07875053401396914,0.07593445675253419,0.007695218125574382,9.695817009833666,-0.003228097758155024,15,1.0,13,1.0357142857142858,0.037958601341231406,0.037958601341231406,0.186730759255725,0.20327985326320913
cls|5m@q4,learn,A,0.25,982692.455268473,-0.017307544731526958,-0.016715749451515882,0.007693680107974072,-2.2288512209086804,-0.023902640939411968,258,0.38461538461538464,13,1.0357142857142858,-0.008724088472699855,0.037958601341231406,0.186730759255725,0.20327985326320913
cls|5m@q4,learn,A,0.87,779773.2597184464,-0.22022674028155365,-0.21350934303051528,0.007698914732941417,-31.78520929691323,-0.22018790884736816,260,0.0,13,1.0357142857142858,-0.12449715921124938,0.037958601341231406,0.186730759255725,0.20327985326320913
cls|5m@q4,learn,A,cs,447653.88492091565,-0.5523461150790844,-0.5397658632698774,0.00787804781514517,-100.37176996556543,-0.5522997996799468,260,0.0,13,1.0357142857142858,-0.40228612285280635,0.037958601341231406,0.186730759255725,0.20327985326320913
cls|5m@q4,learn,A,ar,416382.4327217621,-0.5836175672782379,-0.5708458169668318,0.007915689374460131,-108.89504283580227,-0.5835698477878971,260,0.0,13,1.0357142857142858,-0.43853242445397894,0.037958601341231406,0.186730759255725,0.20327985326320913
cls|5m@q4,learn,A,tick,849104.8500802837,-0.1508951499197163,-0.1460922972314499,0.007701220664608468,-20.893554166726474,-0.15091602639385804,259,0.0,13,1.0357142857142858,-0.08186094378607564,0.037958601341231406,0.186730759255725,0.20327985326320913
cls|5m@q4,learn,B,0.0,1047500.3486568367,0.04750034865683661,0.045825446358712885,0.007580867345460664,6.026687849709246,-0.004092169137575374,23,0.7692307692307693,13,1.0357142857142858,0.02324354961393232,0.02324354961393232,0.186730759255725,0.12447627646659234
cls|5m@q4,learn,B,0.25,954224.8199233006,-0.04577518007669934,-0.04423217062226181,0.007581096692277296,-6.077217564584085,-0.047948898008912666,258,0.07692307692307693,13,1.0357142857142858,-0.023439140199998935,0.02324354961393232,0.186730759255725,0.12447627646659234
cls|5m@q4,learn,B,0.87,757183.7105936769,-0.24281628940632305,-0.23551892976215827,0.007590844680622193,-36.048099168639816,-0.24281809464056714,260,0.0,13,1.0357142857142858,-0.13921221093854844,0.02324354961393232,0.186730759255725,0.12447627646659234
cls|5m@q4,learn,B,cs,434685.23477071355,-0.5653147652292865,-0.5526456996901613,0.007783804616009255,-105.30293978202302,-0.5652791595310245,260,0.0,13,1.0357142857142858,-0.41700117458010544,0.02324354961393232,0.186730759255725,0.12447627646659234
cls|5m@q4,learn,B,ar,404319.6738663134,-0.5956803261336866,-0.582855919109944,0.00782431697095654,-113.86338801059655,-0.5956364331216353,260,0.0,13,1.0357142857142858,-0.45324747618127786,0.02324354961393232,0.186730759255725,0.12447627646659234
cls|5m@q4,learn,B,tick,824506.9202916577,-0.17549307970834227,-0.1699884101426925,0.007591722170360495,-25.004837179397892,-0.1755189633337889,259,0.0,13,1.0357142857142858,-0.09657599551337473,0.02324354961393232,0.186730759255725,0.12447627646659234
cls|5m@q4,learn,C,0.0,1007125.7831580293,0.007125783158029364,0.0068792232934078434,0.007538868253079916,0.9304430839693784,-0.01022656094641583,82,0.6153846153846154,13,1.0357142857142858,0.003568624250628061,0.003568624250628061,0.186730759255725,0.019111068068549345
cls|5m@q4,learn,C,0.25,917445.2667815404,-0.08255473321845963,-0.07982484377346644,0.007539902919064104,-11.23953559892092,-0.0831194624618048,260,0.0,13,1.0357142857142858,-0.04311406556330319,0.003568624250628061,0.186730759255725,0.019111068068549345
cls|5m@q4,learn,C,0.87,727998.5493476288,-0.27200145065237114,-0.263988442400388,0.0075516951615043565,-41.35608607547493,-0.27216336826866117,260,0.0,13,1.0357142857142858,-0.1588871363018527,0.003568624250628061,0.186730759255725,0.019111068068549345
cls|5m@q4,learn,C,cs,417930.14105141937,-0.5820698589485807,-0.5693057404196172,0.007737537713880904,-110.93070868125753,-0.5821130229087648,260,0.0,13,1.0357142857142858,-0.43667609994340967,0.003568624250628061,0.186730759255725,0.019111068068549345
cls|5m@q4,learn,C,ar,388734.97523163346,-0.6112650247683665,-0.5983909488985787,0.007778502184337627,-119.50581878703787,-0.6112894721537212,260,0.0,13,1.0357142857142858,-0.47292240154458226,0.003568624250628061,0.186730759255725,0.019111068068549345
cls|5m@q4,learn,C,tick,792726.980604647,-0.20727301939535303,-0.200898152181461,0.007549499593556609,-30.267278942596956,-0.20753815316679458,260,0.0,13,1.0357142857142858,-0.11625092087667897,0.003568624250628061,0.186730759255725,0.019111068068549345
cls|5m@q5,full,A,0.0,1840748.068416095,0.8407480684160951,0.16270407133747167,0.011959462162453199,12.82937321259937,-0.004414700542260452,15,1.0,50,4.0476190476190474,0.0780588133415104,0.0780588133415104,0.18772348575205622,0.41581804763954733
cls|5m@q5,full,A,0.25,1275261.6399232298,0.2752616399232297,0.06191373452616111,0.011955331911938058,5.117807105331448,-0.014633373394615012,247,0.86,50,4.0476190476190474,0.031127941903496336,0.0780588133415104,0.18772348575205622,0.41581804763954733
cls|5m@q5,full,A,0.87,513211.27842973336,-0.48678872157026665,-0.15194090126744053,0.011951594891093958,-14.022251820784202,-0.48908032342172836,1017,0.02,50,4.0476190476190474,-0.08526061926277852,0.0780588133415104,0.18772348575205622,0.41581804763954733
cls|5m@q5,full,A,cs,31741.174064133396,-0.9682588259358667,-0.5736043770679469,0.012116033922303527,-71.56333803234224,-0.9682608708655713,1019,0.0,50,4.0476190476190474,-0.4411191652386716,0.0780588133415104,0.18772348575205622,0.41581804763954733
cls|5m@q5,full,A,ar,5841.452288001423,-0.9941585477119986,-0.7193278865840292,0.012233440779263244,-105.6501625781407,-0.9941586493580813,1019,0.0,50,4.0476190476190474,-0.657542229965007,0.0780588133415104,0.18772348575205622,0.41581804763954733
cls|5m@q5,full,A,tick,635091.1729573137,-0.36490882704268623,-0.10610004989161426,0.01197047781351786,-9.526168200491362,-0.3771822872591558,1018,0.14,50,4.0476190476190474,-0.05801423742970148,0.0780588133415104,0.18772348575205622,0.41581804763954733
cls|5m@q5,full,B,0.0,1335328.9280125995,0.3353289280125995,0.07405788349746212,0.011614207902372319,6.263821187525412,-0.00527930708507518,61,0.96,50,4.0476190476190474,0.03701125434228978,0.03701125434228978,0.18772348575205622,0.19715835871050236
cls|5m@q5,full,B,0.25,925108.0881736432,-0.0748919118263568,-0.019048459858263533,0.011613349727648303,-1.6789298368356258,-0.08241841078946688,1017,0.28,50,4.0476190476190474,-0.009919617095724266,0.03701125434228978,0.18772348575205622,0.19715835871050236
cls|5m@q5,full,B,0.87,372295.3246872462,-0.6277046753127538,-0.2165992356714127,0.011617920483733326,-21.36968965654389,-0.6283187557192218,1019,0.0,50,4.0476190476190474,-0.12630817826199914,0.03701125434228978,0.18772348575205622,0.19715835871050236
cls|5m@q5,full,B,cs,23025.49518984322,-0.9769745048101568,-0.606115149724181,0.011808469130566879,-80.25993062121027,-0.9769743146737806,1019,0.0,50,4.0476190476190474,-0.4821667242378921,0.03701125434228978,0.18772348575205622,0.19715835871050236
cls|5m@q5,full,B,ar,4237.437162688321,-0.9957625628373117,-0.7407284131261098,0.01195496142713583,-114.86010202184858,-0.9957623285612246,1019,0.0,50,4.0476190476190474,-0.6985897889642279,0.03701125434228978,0.18772348575205622,0.19715835871050236
cls|5m@q5,full,B,tick,460710.3948113813,-0.5392896051886187,-0.17425315997440682,0.011629166373570391,-16.74375108289963,-0.5399975468157423,1019,0.02,50,4.0476190476190474,-0.09906179642892209,0.03701125434228978,0.18772348575205622,0.19715835871050236
cls|5m@q5,full,C,0.0,1124616.2480968765,0.12461624809687666,0.029440086316305125,0.011552315580461601,2.5609168413451306,-0.010747226256481057,83,0.7,50,4.0476190476190474,0.0150511393602655,0.0150511393602655,0.18772348575205622,0.08017717815097963
cls|5m@q5,full,C,0.25,779126.9604613705,-0.22087303953862947,-0.05979867804163419,0.011551031941642594,-5.4248660802431905,-0.22144898684465653,1019,0.06,50,4.0476190476190474,-0.03187973207774855,0.0150511393602655,0.18772348575205622,0.08017717815097963
cls|5m@q5,full,C,0.87,313546.8845331273,-0.6864531154668727,-0.24914325617445998,0.011554583948389143,-25.22255742848121,-0.6865258028367065,1019,0.0,50,4.0476190476190474,-0.14826829324402338,0.0150511393602655,0.18772348575205622,0.08017717815097963
cls|5m@q5,full,C,cs,19391.959502731203,-0.9806080404972688,-0.6224783776529017,0.011723330128475698,-84.52476423603956,-0.9806075144065058,1019,0.0,50,4.0476190476190474,-0.5041268392199165,0.0150511393602655,0.18772348575205622,0.08017717815097963
cls|5m@q5,full,C,ar,3568.73495508527,-0.9964312650449147,-0.7514996177879328,0.01187470532763862,-119.27141365775667,-0.9964310061384097,1019,0.0,50,4.0476190476190474,-0.720549903946252,0.0150511393602655,0.18772348575205622,0.08017717815097963
cls|5m@q5,full,C,tick,388010.1814319227,-0.6119898185680772,-0.2085562290091595,0.011565904824169906,-20.567406760277315,-0.6120921967374253,1019,0.02,50,4.0476190476190474,-0.12102191141094634,0.0150511393602655,0.18772348575205622,0.08017717815097963
cls|5m@q5,hold,A,0.0,1590211.8874545635,0.5902118874545634,0.16650403026271188,0.012450782394074614,12.583007458141136,-0.004414700542259564,15,1.0,37,3.011904761904762,0.07970507108482561,0.07970507108482561,0.18812196647253546,0.42368827298252815
cls|5m@q5,hold,A,0.25,1209279.2517410275,0.20927925174102735,0.06512391635941062,0.012446457091693371,5.160115278314215,-0.014633373394625893,247,0.8378378378378378,37,3.011904761904762,0.03267457946669173,0.07970507108482561,0.18812196647253546,0.42368827298252815
cls|5m@q5,hold,A,0.87,613171.0847810764,-0.3868289152189236,-0.1498926815859527,0.012442205443718152,-13.264032688723297,-0.38974055525358375,758,0.02702702702702703,37,3.011904761904762,-0.08396103974628027,0.07970507108482561,0.18812196647253546,0.42368827298252815
cls|5m@q5,hold,A,cs,81979.9967826733,-0.9180200032173267,-0.5641532145782692,0.012586621084128304,-67.07702744067028,-0.9180252429273,758,0.0,37,3.011904761904762,-0.4295243833157273,0.07970507108482561,0.18812196647253546,0.42368827298252815
cls|5m@q5,hold,A,ar,22051.49897224239,-0.9779485010277577,-0.7181647803524198,0.012717670432511093,-101.23833916456311,-0.9779482349285162,758,0.0,37,3.011904761904762,-0.6550243348746916,0.07970507108482561,0.18812196647253546,0.42368827298252815
cls|5m@q5,hold,A,tick,737546.4039811976,-0.26245359601880236,-0.09613415883956344,0.01246244342645147,-8.239867599368923,-0.28627027679112427,720,0.1891891891891892,37,3.011904761904762,-0.05224302187555236,0.07970507108482561,0.18812196647253546,0.42368827298252815
cls|5m@q5,hold,B,0.0,1243220.5540157405,0.2432205540157406,0.07495798764014805,0.012057359599167903,6.1012316760248,-0.005279307085083951,61,0.9459459459459459,37,3.011904761904762,0.03742610109669561,0.03742610109669561,0.18812196647253546,0.1989459380978753
cls|5m@q5,hold,B,0.25,945407.9142950658,-0.054592085704934235,-0.018466334313363864,0.012056193314503826,-1.56586656471641,-0.07863018096487429,568,0.2972972972972973,37,3.011904761904762,-0.009604390521438265,0.03742610109669561,0.18812196647253546,0.1989459380978753
cls|5m@q5,hold,B,0.87,479372.28879035654,-0.5206277112096435,-0.21660938850370315,0.012059987568992476,-20.57525861568421,-0.521445456787131,758,0.0,37,3.011904761904762,-0.12624000973441027,0.03742610109669561,0.18812196647253546,0.1989459380978753
cls|5m@q5,hold,B,cs,64090.72124654938,-0.9359092787534506,-0.5983598432731623,0.012228149414684572,-75.83949457964516,-0.9359033025066947,758,0.0,37,3.011904761904762,-0.47180335330385714,0.03742610109669561,0.18812196647253546,0.1989459380978753
cls|5m@q5,hold,B,ar,17239.414521009665,-0.9827605854789904,-0.7402846652638254,0.01239158118591622,-110.60891709253004,-0.9827576677645787,758,0.0,37,3.011904761904762,-0.6973033048628215,0.03742610109669561,0.18812196647253546,0.1989459380978753
cls|5m@q5,hold,B,tick,576608.571436141,-0.4233914285638589,-0.16706954328567347,0.012071420638330098,-15.391098759106423,-0.42448034899468556,757,0.02702702702702703,37,3.011904761904762,-0.09452199186368236,0.03742610109669561,0.18812196647253546,0.1989459380978753
cls|5m@q5,hold,C,0.0,1089365.0741693994,0.08936507416939943,0.028826571502289067,0.012022170443448577,2.4094697605639643,-0.010747226256482278,83,0.7027027027027027,37,3.011904761904762,0.01473700454814571,0.01473700454814571,0.18812196647253546,0.07833749999789213
cls|5m@q5,hold,C,0.25,828407.9077629898,-0.17159209223701022,-0.06058867012008562,0.012020586231693706,-5.280614186470082,-0.17915197978171593,708,0.08108108108108109,37,3.011904761904762,-0.032293487069988164,0.01473700454814571,0.18812196647253546,0.07833749999789213
cls|5m@q5,hold,C,0.87,420046.4069183463,-0.5799535930816537,-0.2502288262096376,0.012023363993292582,-24.34718365617919,-0.5800104380721101,758,0.0,37,3.011904761904762,-0.1489291062829602,0.01473700454814571,0.18812196647253546,0.07833749999789213
cls|5m@q5,hold,C,cs,56158.80437720996,-0.94384119562279,-0.6155968346653593,0.012171127947901551,-79.8590207571905,-0.9438346320206722,758,0.0,37,3.011904761904762,-0.4944924498524071,0.01473700454814571,0.18812196647253546,0.07833749999789213
cls|5m@q5,hold,C,ar,15105.803814729281,-0.9848941961852707,-0.7514309991345736,0.012339883405180444,-114.68642107429194,-0.9848916779226744,758,0.0,37,3.011904761904762,-0.7199924014113714,0.01473700454814571,0.18812196647253546,0.07833749999789213
cls|5m@q5,hold,C,tick,505249.1906108218,-0.49475080938917815,-0.20281488619536758,0.012034742120840112,-19.14375173724128,-0.49484217016691234,758,0.02702702702702703,37,3.011904761904762,-0.11721108841223225,0.01473700454814571,0.18812196647253546,0.07833749999789213
cls|5m@q5,learn,A,0.0,1157548.92976091,0.15754892976091006,0.15172381046701644,0.010395849037559073,13.851801538938197,-0.003015562270048733,9,1.0,13,1.0357142857142858,0.07326070293906692,0.07326070293906692,0.18656209137267152,0.39268804503656246
cls|5m@q5,learn,A,0.25,1054563.4005438937,0.05456340054389375,0.05263325098851923,0.010392381475456604,5.034902358046881,-0.005207133819533749,31,0.9230769230769231,13,1.0357142857142858,0.026620180095899053,0.07326070293906692,0.18656209137267152,0.39268804503656246
cls|5m@q5,learn,A,0.87,836978.9299718279,-0.16302107002817212,-0.1578692191384038,0.010390469178575735,-16.84556953229033,-0.1641943708873571,258,0.0,13,1.0357142857142858,-0.0890483165551573,0.07326070293906692,0.18656209137267152,0.39268804503656246
cls|5m@q5,learn,A,cs,387181.93839747284,-0.6128180616025272,-0.5999401993091342,0.01061235194716016,-87.96246273136178,-0.6127900052913218,260,0.0,13,1.0357142857142858,-0.4749128065955282,0.07326070293906692,0.18656209137267152,0.39268804503656246
cls|5m@q5,learn,A,ar,264900.4630186101,-0.73509953698139,-0.7226830488990003,0.0106974447812762,-122.16839446174039,-0.7350748136930751,260,0.0,13,1.0357142857142858,-0.6648807762370965,0.07326070293906692,0.18656209137267152,0.39268804503656246
cls|5m@q5,learn,A,tick,861086.3933837325,-0.1389136066162675,-0.13446129221137637,0.010401453809280892,-14.141794358584201,-0.14293195561372896,259,0.0,13,1.0357142857142858,-0.0748347684173599,0.07326070293906692,0.18656209137267152,0.39268804503656246
cls|5m@q5,learn,B,0.0,1074088.5225065898,0.0740885225065897,0.07144461975814886,0.010213775786192756,6.88998149573055,-0.0037233071208586654,18,1.0,13,1.0357142857142858,0.035802160240338235,0.035802160240338235,0.18656209137267152,0.19190479682617184
cls|5m@q5,learn,B,0.25,978527.9710329461,-0.021472028967053913,-0.02073934662761545,0.010213976479111646,-2.085758232916435,-0.029470677878358997,258,0.23076923076923078,13,1.0357142857142858,-0.010838362602829634,0.035802160240338235,0.18656209137267152,0.19190479682617184
cls|5m@q5,learn,B,0.87,776630.884581773,-0.22336911541822702,-0.21656971002061454,0.010221277283954585,-24.327867803742006,-0.22335405653143003,260,0.0,13,1.0357142857142858,-0.12650685925388597,0.035802160240338235,0.18656209137267152,0.19190479682617184
cls|5m@q5,learn,B,cs,359264.09848418896,-0.6407359015158111,-0.6278274158549997,0.010478737496824984,-96.11054046138133,-0.6407049123250463,260,0.0,13,1.0357142857142858,-0.5123713492942569,0.035802160240338235,0.18656209137267152,0.19190479682617184
cls|5m@q5,learn,B,ar,245799.36618638076,-0.7542006338136192,-0.7420145486922467,0.010580230001580667,-130.48092197371997,-0.7541743024070604,260,0.0,13,1.0357142857142858,-0.7023393189358251,0.035802160240338235,0.18656209137267152,0.19190479682617184
cls|5m@q5,learn,B,tick,799000.2536103502,-0.2009997463896498,-0.19479332156841078,0.01022974065748525,-21.576669411289227,-0.20168987448084497,260,0.0,13,1.0357142857142858,-0.11229331111608859,0.035802160240338235,0.18656209137267152,0.19190479682617184
cls|5m@q5,learn,C,0.0,1032359.3759000398,0.03235937590003979,0.031226295316820085,0.010058730533401542,3.1200906563693147,-0.004168381314359482,39,0.6923076923076923,13,1.0357142857142858,0.01596670286538608,0.01596670286538608,0.18656209137267152,0.08558385440422307
cls|5m@q5,learn,C,0.25,940511.2543714225,-0.05948874562857753,-0.05749756770472536,0.01005846992231557,-5.994198025543026,-0.06357885180322065,260,0.0,13,1.0357142857142858,-0.030673819977781795,0.01596670286538608,0.18656209137267152,0.08558385440422307
cls|5m@q5,learn,C,0.87,746457.7231678944,-0.2535422768321056,-0.24597742900749509,0.010064732567260095,-28.58003982155989,-0.2538114936614445,260,0.0,13,1.0357142857142858,-0.1463423166288381,0.01596670286538608,0.18656209137267152,0.08558385440422307
cls|5m@q5,learn,C,cs,345305.77560872416,-0.6546942243912759,-0.6417981307248928,0.010297996644254293,-101.58341814693307,-0.6547462291619203,260,0.0,13,1.0357142857142858,-0.532206806669209,0.01596670286538608,0.18656209137267152,0.08558385440422307
cls|5m@q5,learn,C,ar,236249.25881835248,-0.7637507411816475,-0.7516990563670047,0.010401157164179692,-136.4758476302109,-0.7637623118263536,260,0.0,13,1.0357142857142858,-0.7221747763107774,0.01596670286538608,0.18656209137267152,0.08558385440422307
cls|5m@q5,learn,C,tick,767958.0465291475,-0.23204195347085244,-0.2250184298028879,0.010074425856355757,-25.779365598501307,-0.23233676895593092,260,0.0,13,1.0357142857142858,-0.13212876849104077,0.01596670286538608,0.18656209137267152,0.08558385440422307
cls|eq_filt,full,A,0.0,1373183.100740346,0.3731831007403459,0.08150125774713723,0.029023147557743437,2.7608639585124126,-0.028890364190346074,110,0.72,50,4.0476190476190474,0.04076565021101009,0.04076565021101009,0.06904732033366844,0.5904016262182472
cls|eq_filt,full,A,0.25,1199779.9894250995,0.19977998942509956,0.04602665580358689,0.029001959559294625,1.5929650804574946,-0.03874278458394498,191,0.62,50,4.0476190476190474,0.023503820127592983,0.04076565021101009,0.06904732033366844,0.5904016262182472
cls|eq_filt,full,A,0.87,858423.6745500085,-0.14157632544999155,-0.03701301696779158,0.029047897533280933,-1.3063570979413857,-0.17338907835127293,908,0.4,50,4.0476190476190474,-0.019305518479281445,0.04076565021101009,0.06904732033366844,0.5904016262182472
cls|eq_filt,full,A,cs,368410.4014796461,-0.6315895985203539,-0.21862688306281786,0.029869421746118414,-8.387481100009984,-0.6322976003933265,992,0.0,50,4.0476190476190474,-0.12745686322944413,0.04076565021101009,0.06904732033366844,0.5904016262182472
cls|eq_filt,full,A,ar,526422.989443695,-0.47357701055630497,-0.14659867037119734,0.029407129688075562,-5.4693858574908685,-0.4746435581811791,991,0.12,50,4.0476190476190474,-0.08182689215779422,0.04076565021101009,0.06904732033366844,0.5904016262182472
cls|eq_filt,full,A,tick,962262.5728079539,-0.03773742719204609,-0.009458820518818634,0.02901936954538267,-0.3186646601197815,-0.08900842867349656,720,0.5,50,4.0476190476190474,-0.004704643637092852,0.04076565021101009,0.06904732033366844,0.5904016262182472
cls|eq_filt,full,B,0.0,1160997.4234341297,0.1609974234341296,0.03756934926923039,0.02884816599676493,1.3150212896203899,-0.040609467754046835,191,0.62,50,4.0476190476190474,0.019299935110016733,0.019299935110016733,0.06904732033366844,0.2795175108425723
cls|eq_filt,full,B,0.25,1014384.5324251805,0.014384532425180563,0.003534740609511866,0.028860487876457654,0.13880913092782854,-0.05758919948427499,743,0.58,50,4.0476190476190474,0.002038105026599625,0.019299935110016733,0.06904732033366844,0.2795175108425723
cls|eq_filt,full,B,0.87,725768.678414806,-0.2742313215851939,-0.0761340258254325,0.02898977285901697,-2.764420994780628,-0.29264421110769745,907,0.28,50,4.0476190476190474,-0.0407712335802748,0.019299935110016733,0.06904732033366844,0.2795175108425723
cls|eq_filt,full,B,cs,311470.69790494797,-0.688529302095052,-0.2503746779606669,0.030014721178850557,-9.752621662618356,-0.689042406738799,992,0.0,50,4.0476190476190474,-0.14892257833043746,0.019299935110016733,0.06904732033366844,0.2795175108425723
cls|eq_filt,full,B,ar,445066.3598942183,-0.5549336401057817,-0.18127088029877492,0.029470849363805514,-6.8892466016682095,-0.5557085776013108,992,0.04,50,4.0476190476190474,-0.10329260725878758,0.019299935110016733,0.06904732033366844,0.2795175108425723
cls|eq_filt,full,B,tick,813564.0324104358,-0.18643596758956416,-0.04969833811053348,0.028931105180966494,-1.7780329100398302,-0.2119623959466923,907,0.34,50,4.0476190476190474,-0.026170358738086215,0.019299935110016733,0.06904732033366844,0.2795175108425723
cls|eq_filt,full,C,0.0,1067949.5681954667,0.06794956819546671,0.01637438981502659,0.028262898072021717,0.5987559389318529,-0.06324465872610885,678,0.58,50,4.0476190476190474,0.008609370203524935,0.008609370203524935,0.06904732033366844,0.12468796995915982
cls|eq_filt,full,C,0.25,933086.9214059535,-0.0669130785940465,-0.016964979141080083,0.0282743547199741,-0.6015088693748845,-0.11699428321511995,755,0.48,50,4.0476190476190474,-0.008652459879892173,0.008609370203524935,0.06904732033366844,0.12468796995915982
cls|eq_filt,full,C,0.87,667602.0995721482,-0.3323979004278518,-0.09500631675166527,0.028403541902250144,-3.5612921604532355,-0.3482711692795192,906,0.2,50,4.0476190476190474,-0.051461798486766595,0.008609370203524935,0.06904732033366844,0.12468796995915982
cls|eq_filt,full,C,cs,286508.60866677115,-0.7134913913332288,-0.2656872435649149,0.029421871698935967,-10.663345879448396,-0.713844904167633,992,0.0,50,4.0476190476190474,-0.15961314323692932,0.008609370203524935,0.06904732033366844,0.12468796995915982
cls|eq_filt,full,C,ar,409397.4636259295,-0.5906025363740706,-0.197995072672975,0.028871936571244698,-7.759968669064388,-0.591113851793555,992,0.0,50,4.0476190476190474,-0.11398317216527938,0.008609370203524935,0.06904732033366844,0.12468796995915982
cls|eq_filt,full,C,tick,748361.1644984221,-0.25163883550157795,-0.06911062884824148,0.028344081641766616,-2.5562243445212807,-0.27474906872182814,906,0.22,50,4.0476190476190474,-0.036860923644578006,0.008609370203524935,0.06904732033366844,0.12468796995915982
cls|eq_filt,hold,A,0.0,1226844.4257696038,0.22684442576960384,0.07023590231371579,0.030539209142265933,2.2751782805704903,-0.028890364190341966,110,0.7297297297297297,37,3.011904761904762,0.035349076793998374,0.035349076793998374,0.07358450718109504,0.48038749117395846
cls|eq_filt,hold,A,0.25,1102227.1610551423,0.10222716105514218,0.03284387027303248,0.030513559943971497,1.0920626298170302,-0.03874278458394853,191,0.6216216216216216,37,3.011904761904762,0.016952949998724612,0.035349076793998374,0.07358450718109504,0.48038749117395846
cls|eq_filt,hold,A,0.87,845086.7870805404,-0.1549132129194596,-0.05435075592575622,0.030547528219173014,-1.8447535137241282,-0.1595585081930766,743,0.32432432432432434,37,3.011904761904762,-0.028669444453554318,0.035349076793998374,0.07358450718109504,0.48038749117395846
cls|eq_filt,hold,A,cs,428510.3163318066,-0.5714896836681934,-0.24524616775637043,0.031366282448226146,-9.104712265015477,-0.5719799470314729,758,0.0,37,3.011904761904762,-0.1452894670911194,0.035349076793998374,0.07358450718109504,0.48038749117395846
cls|eq_filt,hold,A,ar,581328.0214432777,-0.41867197855672234,-0.1648122169570455,0.03087515276087607,-5.915336046884609,-0.4194048234866684,758,0.10810810810810811,37,3.011904761904762,-0.09291661786705287,0.035349076793998374,0.07358450718109504,0.48038749117395846
cls|eq_filt,hold,A,tick,925969.0377983096,-0.07403096220169048,-0.02521351709938935,0.030522886206644395,-0.8353927313400442,-0.08900842867350289,720,0.4594594594594595,37,3.011904761904762,-0.012972424336869163,0.035349076793998374,0.07358450718109504,0.48038749117395846
cls|eq_filt,hold,B,0.0,1073070.6906558413,0.07307069065584115,0.023691484770566262,0.030347496605503177,0.7996629603754821,-0.04060946775403873,191,0.6216216216216216,37,3.011904761904762,0.01234623981254658,0.01234623981254658,0.07358450718109504,0.16778314193450922
cls|eq_filt,hold,B,0.25,964069.7896275369,-0.035930210372463134,-0.012075485788116236,0.030356714317887615,-0.3917307297727345,-0.05758919948428054,743,0.5675675675675675,37,3.011904761904762,-0.006049886982727172,0.01234623981254658,0.07358450718109504,0.16778314193450922
cls|eq_filt,hold,B,0.87,739154.1530959352,-0.26084584690406476,-0.0954804629639876,0.030477458968847047,-3.3325296735684606,-0.26254498328439135,758,0.21621621621621623,37,3.011904761904762,-0.0516722814350061,0.01234623981254658,0.07358450718109504,0.16778314193450922
cls|eq_filt,hold,B,cs,374788.04639957077,-0.6252119536004292,-0.27807825382219453,0.03151043935405323,-10.497960665295999,-0.6255145386308794,758,0.0,37,3.011904761904762,-0.1682923040725712,0.01234623981254658,0.07358450718109504,0.16778314193450922
cls|eq_filt,hold,B,ar,508451.6734031884,-0.4915483265968116,-0.20114078391372214,0.03092952004932688,-7.366790046752747,-0.49201809280002884,758,0.02702702702702703,37,3.011904761904762,-0.11591945484850465,0.01234623981254658,0.07358450718109504,0.16778314193450922
cls|eq_filt,hold,B,tick,809900.1883587402,-0.19009981164125977,-0.06760956362780113,0.030421250725721858,-2.3244597759914662,-0.1935246429649543,743,0.2702702702702703,37,3.011904761904762,-0.035975261318320954,0.01234623981254658,0.07358450718109504,0.16778314193450922
cls|eq_filt,hold,C,0.0,989850.7427548768,-0.010149257245123167,-0.003381201324980543,0.029775757658475857,-0.10076492643898058,-0.0632446587261134,678,0.5675675675675675,37,3.011904761904762,-0.0015264306217548027,-0.0015264306217548027,0.07358450718109504,-0.020743913090267532
cls|eq_filt,hold,C,0.25,889302.8713603218,-0.11069712863967829,-0.03820239109149737,0.029787701725398616,-1.3146290781313141,-0.1169942832151214,755,0.43243243243243246,37,3.011904761904762,-0.019922557417028555,-0.0015264306217548027,0.07358450718109504,-0.020743913090267532
cls|eq_filt,hold,C,0.87,681829.591877633,-0.31817040812236697,-0.11940188549083652,0.029917039083973602,-4.306414048284848,-0.31972596020931443,758,0.13513513513513514,37,3.011904761904762,-0.06554495186930749,-0.0015264306217548027,0.07358450718109504,-0.020743913090267532
cls|eq_filt,hold,C,cs,345721.85151856736,-0.6542781484814326,-0.2971704468565344,0.030952068788751088,-11.568321210918208,-0.6545308543855696,758,0.0,37,3.011904761904762,-0.18216497450687255,-0.0015264306217548027,0.07358450718109504,-0.020743913090267532
cls|eq_filt,hold,C,ar,469019.3986160594,-0.5309806013839407,-0.22226767700267336,0.030364243665609345,-8.401967928640778,-0.531345335828153,758,0.0,37,3.011904761904762,-0.12979212528280604,-0.0015264306217548027,0.07358450718109504,-0.020743913090267532
cls|eq_filt,hold,C,tick,747089.1988621958,-0.2529108011378042,-0.09226798299530403,0.029857691463947192,-3.2816031598178133,-0.25580787671323324,755,0.16216216216216217,37,3.011904761904762,-0.04984793175262233,-0.0015264306217548027,0.07358450718109504,-0.020743913090267532
cls|eq_filt,learn,A,0.0,1119280.5476366295,0.11928054763662965,0.11493976693049324,0.024065032994542643,4.619137888662121,-0.01473146921259505,28,0.6923076923076923,13,1.0357142857142858,0.05655255682590354,0.05655255682590354,0.05582343513169078,1.0130612115233095
cls|eq_filt,learn,A,0.25,1088505.193681303,0.08850519368130305,0.08532670241213403,0.024059233291832297,3.4800805436184628,-0.015341656173397888,58,0.6153846153846154,13,1.0357142857142858,0.04259669804298084,0.05655255682590354,0.05582343513169078,1.0130612115233095
cls|eq_filt,learn,A,0.87,1015781.6778978972,0.015781677897897195,0.015233358404947994,0.024148296306106033,0.6500505102095356,-0.029847667819879242,149,0.6153846153846154,13,1.0357142857142858,0.007986168261332562,0.05655255682590354,0.05582343513169078,1.0130612115233095
cls|eq_filt,learn,A,cs,859746.8659176294,-0.1402531340823706,-0.1357613512612219,0.02498705662722601,-5.937829205962629,-0.142957772831254,233,0.0,13,1.0357142857142858,-0.0754827404416894,0.05655255682590354,0.05582343513169078,1.0130612115233095
cls|eq_filt,learn,A,ar,905552.4076351036,-0.09444759236489642,-0.09134435729065271,0.024629501817882468,-3.950853348085723,-0.09777451199884712,232,0.15384615384615385,13,1.0357142857142858,-0.049505265424737654,0.05655255682590354,0.05582343513169078,1.0130612115233095
cls|eq_filt,learn,A,tick,1039195.1928500094,0.039195192850009386,0.03781839945113741,0.0241057035417177,1.5812622345348115,-0.024135472973139782,148,0.6153846153846154,13,1.0357142857142858,0.019392266304136267,0.05655255682590354,0.05582343513169078,1.0130612115233095
cls|eq_filt,learn,B,0.0,1081939.3666642422,0.08193936666424229,0.07900513591171965,0.023947093116566516,3.2476859881715563,-0.016165767303190415,60,0.6153846153846154,13,1.0357142857142858,0.03956686954218183,0.03956686954218183,0.05582343513169078,0.7087860044592607
cls|eq_filt,learn,B,0.25,1052189.93825861,0.05218993825860996,0.050345737710129956,0.02397035172913361,2.1001361731048447,-0.02152609264853278,124,0.6153846153846154,13,1.0357142857142858,0.025611010759259128,0.03956686954218183,0.05582343513169078,0.7087860044592607
cls|eq_filt,learn,B,0.87,981890.8212514907,-0.018109178748509258,-0.017490217923513796,0.024131460735455416,-0.7330453296769432,-0.04933626651730427,148,0.46153846153846156,13,1.0357142857142858,-0.008999519022389149,0.03956686954218183,0.05582343513169078,0.7087860044592607
cls|eq_filt,learn,B,cs,831058.2498484686,-0.16894175015153146,-0.16362162794248458,0.025136991732620042,-7.230616275423484,-0.17101447793678093,233,0.0,13,1.0357142857142858,-0.09246842772541108,0.03956686954218183,0.05582343513169078,0.7087860044592607
cls|eq_filt,learn,B,ar,875336.6016386298,-0.12466339836137019,-0.12063525314985202,0.02472698239029917,-5.285506115579292,-0.12699542013238851,233,0.07692307692307693,13,1.0357142857142858,-0.06649095270845937,0.03956686954218183,0.05582343513169078,0.7087860044592607
cls|eq_filt,learn,B,tick,1004523.8217058929,0.004523821705892939,0.0043674877070358775,0.02406351380208164,0.19657859452419793,-0.03457015575123612,148,0.5384615384615384,13,1.0357142857142858,0.002406579020414553,0.03956686954218183,0.05582343513169078,0.7087860044592607
cls|eq_filt,learn,C,0.0,1078899.5977547178,0.07889959775471778,0.07607800430985878,0.023295534286603647,3.2190321478650152,-0.012467988666015839,42,0.6153846153846154,13,1.0357142857142858,0.0381507294313537,0.0381507294313537,0.05582343513169078,0.6834178036760703
cls|eq_filt,learn,C,0.25,1049234.1264778047,0.049234126477804674,0.04749671443741876,0.02330428184943481,2.040716725527819,-0.014171264537066963,65,0.6153846153846154,13,1.0357142857142858,0.024194870648431007,0.0381507294313537,0.05582343513169078,0.6834178036760703
cls|eq_filt,learn,C,0.87,979133.3604833832,-0.020866639516616825,-0.020154401253183685,0.023432587964891956,-0.8736986125017745,-0.04983661968238329,147,0.38461538461538464,13,1.0357142857142858,-0.01041565913321727,0.0381507294313537,0.05582343513169078,0.6834178036760703
cls|eq_filt,learn,C,cs,828725.7730695584,-0.1712742269304416,-0.16588820102325463,0.024398401235102948,-7.563590120544764,-0.1724516799520387,233,0.0,13,1.0357142857142858,-0.09388456783623923,0.0381507294313537,0.05582343513169078,0.6834178036760703
cls|eq_filt,learn,C,ar,872879.596950471,-0.12712040304952898,-0.12301856580313131,0.023987890367352802,-5.564398519481875,-0.12841358220715693,233,0.0,13,1.0357142857142858,-0.06790709281928747,0.0381507294313537,0.05582343513169078,0.6834178036760703
cls|eq_filt,learn,C,tick,1001702.5619406168,0.001702561940616798,0.001643804681980221,0.023372704590463277,0.08329402843167051,-0.03516526193152569,147,0.38461538461538464,13,1.0357142857142858,0.0009904389095864346,0.0381507294313537,0.05582343513169078,0.6834178036760703
cls|eq_filt@q1,full,A,0.0,1031650.9175351217,0.031650917535121614,0.007728148992613093,0.010568250552377874,0.7463553343305073,-0.024353998656402975,549,0.6,50,4.0476190476190474,0.0040128562140356915,0.0040128562140356915,0.018940323026411077,0.21186841472766957
cls|eq_filt@q1,full,A,0.25,994146.7686215079,-0.005853231378492141,-0.0014492899659365177,0.010570309198705687,-0.13430113861226264,-0.0288333695322619,753,0.52,50,4.0476190476190474,-0.0007222245425670779,0.0040128562140356915,0.018940323026411077,0.21186841472766957
cls|eq_filt@q1,full,A,0.87,906913.7929371849,-0.09308620706281512,-0.023850564184980882,0.010600106392524787,-2.311452828566974,-0.09888433045865552,911,0.3,50,4.0476190476190474,-0.012465224818941948,0.0040128562140356915,0.018940323026411077,0.21186841472766957
cls|eq_filt@q1,full,A,cs,703402.9453101521,-0.29659705468984787,-0.08325099961455795,0.010888589794551142,-8.11566124166631,-0.297912262136915,987,0.0,50,4.0476190476190474,-0.04495731897234535,0.0040128562140356915,0.018940323026411077,0.21186841472766957
cls|eq_filt@q1,full,A,ar,1020634.5108003913,0.02063451080039136,0.0050588065279257854,0.010570031871609537,0.4909489602779412,-0.024791752623841257,660,0.56,50,4.0476190476190474,0.002640082497696075,0.0040128562140356915,0.018940323026411077,0.21186841472766957
cls|eq_filt@q1,full,A,tick,931821.186141376,-0.06817881385862401,-0.0172945979936161,0.0105899345717256,-1.6706512164640923,-0.07631914353442915,753,0.38,50,4.0476190476190474,-0.009000858300024684,0.0040128562140356915,0.018940323026411077,0.21186841472766957
cls|eq_filt@q1,full,B,0.0,1019988.9161651639,0.01998891616516385,0.004901703356531284,0.01053750622762197,0.47733966836337033,-0.025731106394373593,660,0.54,50,4.0476190476190474,0.0025589996581552817,0.0025589996581552817,0.018940323026411077,0.13510855409313344
cls|eq_filt@q1,full,B,0.25,982908.6341734144,-0.017091365826585547,-0.004250017010495433,0.010541577082340756,-0.4057557017985213,-0.03402391782583836,753,0.44,50,4.0476190476190474,-0.0021760810984474883,0.0025589996581552817,0.018940323026411077,0.13510855409313344
cls|eq_filt@q1,full,B,0.87,896661.5673205937,-0.10333843267940623,-0.026588513686361392,0.010576414948675696,-2.586826111032696,-0.10845450811409663,911,0.26,50,4.0476190476190474,-0.01391908137482236,0.0025589996581552817,0.018940323026411077,0.13510855409313344
cls|eq_filt@q1,full,B,cs,695450.930108257,-0.304549069891743,-0.08582246410828165,0.010877381958728033,-8.386742964843743,-0.30565273404185056,987,0.0,50,4.0476190476190474,-0.04641117552822577,0.0025589996581552817,0.018940323026411077,0.13510855409313344
cls|eq_filt@q1,full,B,ar,1009097.0188284683,0.00909701882846825,0.002239842285279847,0.010539785304118655,0.22122326441713455,-0.02616824006519447,660,0.5,50,4.0476190476190474,0.0011862259418156645,0.0025589996581552817,0.018940323026411077,0.13510855409313344
cls|eq_filt@q1,full,B,tick,921287.4668034153,-0.07871253319658467,-0.020050916944484354,0.010564443592503536,-1.9451840828937792,-0.08471563947978777,911,0.38,50,4.0476190476190474,-0.010454714855905095,0.0025589996581552817,0.018940323026411077,0.13510855409313344
cls|eq_filt@q1,full,C,0.0,1010767.7362543603,0.010767736254360338,0.0026495475934571466,0.010242312963521993,0.26794162982703285,-0.0304465906934136,678,0.54,50,4.0476190476190474,0.0013961854032583582,0.0013961854032583582,0.018940323026411077,0.07371497314546675
cls|eq_filt@q1,full,C,0.25,974022.6947852027,-0.02597730521479724,-0.006481657845867073,0.010245969520764642,-0.6405379884483585,-0.04926677306134719,678,0.42,50,4.0476190476190474,-0.003338895353344411,0.0013961854032583582,0.018940323026411077,0.07371497314546675
cls|eq_filt@q1,full,C,0.87,888555.379674988,-0.11144462032501201,-0.02877007966551115,0.01028049521181281,-2.8836134290216524,-0.11794701523530626,912,0.22,50,4.0476190476190474,-0.015081895629719278,0.0013961854032583582,0.018940323026411077,0.07371497314546675
cls|eq_filt@q1,full,C,cs,689163.9962523575,-0.31083600374764253,-0.08787120331494647,0.010581426237242272,-8.837318544884255,-0.31194722666413854,991,0.02,50,4.0476190476190474,-0.04757398978312269,0.0013961854032583582,0.018940323026411077,0.07371497314546675
cls|eq_filt@q1,full,C,ar,999974.3662519517,-2.5633748048314864e-05,-6.3331047525094775e-06,0.010243170960460585,0.00449255528245197,-0.030992281415467726,678,0.54,50,4.0476190476190474,2.3411686918740917e-05,0.0013961854032583582,0.018940323026411077,0.07371497314546675
cls|eq_filt@q1,full,C,tick,912958.6794898278,-0.08704132051017222,-0.022247127138249834,0.010267484687493033,-2.2240515486727324,-0.09636301973686434,754,0.28,50,4.0476190476190474,-0.011617529110802018,0.0013961854032583582,0.018940323026411077,0.07371497314546675
cls|eq_filt@q1,hold,A,0.0,1009653.0687458705,0.009653068745870463,0.0031946935605990934,0.011497106785830187,0.2878204209731605,-0.02435399865640664,549,0.5135135135135135,37,3.011904761904762,0.0016835073845497708,0.0016835073845497708,0.021148618953910448,0.07960365583297271
cls|eq_filt@q1,hold,A,0.25,979043.8981893369,-0.020956101810663097,-0.007007031129325214,0.011498681107530119,-0.616012321121065,-0.02883336953227089,753,0.43243243243243246,37,3.011904761904762,-0.0036036473539278416,0.0016835073845497708,0.021148618953910448,0.07960365583297271
cls|eq_filt@q1,hold,A,0.87,907076.9590747749,-0.09292304092522508,-0.03186218607081015,0.011528760648278675,-2.8499645364383754,-0.09611378686131522,753,0.21621621621621623,37,3.011904761904762,-0.01671579110535232,0.0016835073845497708,0.021148618953910448,0.07960365583297271
cls|eq_filt@q1,hold,A,cs,731010.1819799356,-0.2689898180200644,-0.09880157080827046,0.011843136092308582,-8.925115363253001,-0.2704070452810713,753,0.0,37,3.011904761904762,-0.05377561858290569,0.0016835073845497708,0.021148618953910448,0.07960365583297271
cls|eq_filt@q1,hold,A,ar,1002810.620715854,0.0028106207158540286,0.0009322958901105682,0.011498544530943051,0.08814795731311748,-0.02479175262382971,660,0.4594594594594595,37,3.011904761904762,0.0005156558875033316,0.0016835073845497708,0.021148618953910448,0.07960365583297271
cls|eq_filt@q1,hold,A,tick,927184.684294094,-0.07281531570590605,-0.024788810734601263,0.011518886005054208,-2.209865023998043,-0.0763191435344488,753,0.32432432432432434,37,3.011904761904762,-0.012950337453189782,0.0016835073845497708,0.021148618953910448,0.07960365583297271
cls|eq_filt@q1,hold,B,0.0,1000087.4567448184,8.745674481835941e-05,2.903617386884605e-05,0.011463772842861682,0.00830708743560298,-0.025731106394382475,660,0.43243243243243246,37,3.011904761904762,4.844859755166087e-05,4.844859755166087e-05,0.021148618953910448,0.002290863420313437
cls|eq_filt@q1,hold,B,0.25,969768.2045273159,-0.030231795472684064,-0.010140522547256281,0.01146756514385061,-0.8979413381510933,-0.034023917825864,753,0.35135135135135137,37,3.011904761904762,-0.00523870614092595,4.844859755166087e-05,0.021148618953910448,0.002290863420313437
cls|eq_filt@q1,hold,B,0.87,898482.9185569596,-0.10151708144304039,-0.034917308211378284,0.011503199095265709,-3.135686885855019,-0.10434296958855471,753,0.1891891891891892,37,3.011904761904762,-0.018350849892350425,4.844859755166087e-05,0.021148618953910448,0.002290863420313437
cls|eq_filt@q1,hold,B,cs,724083.9143037385,-0.27591608569626147,-0.10164560279280244,0.011831453084514314,-9.205566438904905,-0.27709198916627364,753,0.0,37,3.011904761904762,-0.0554106773699038,4.844859755166087e-05,0.021148618953910448,0.002290863420313437
cls|eq_filt@q1,hold,B,ar,993309.823193733,-0.006690176806267045,-0.0022262263136255678,0.011465536509734324,-0.19190539730773767,-0.02616824006519991,660,0.40540540540540543,37,3.011904761904762,-0.001119402899494777,4.844859755166087e-05,0.021148618953910448,0.002290863420313437
cls|eq_filt@q1,hold,B,tick,918400.1952572155,-0.0815998047427845,-0.027866232739592767,0.01149146287171065,-2.494813338368779,-0.08464738397156268,753,0.32432432432432434,37,3.011904761904762,-0.014585396240187891,4.844859755166087e-05,0.021148618953910448,0.002290863420313437
cls|eq_filt@q1,hold,C,0.0,988753.9074198046,-0.011246092580195377,-0.003747993749056433,0.01114242514171056,-0.33707526084648676,-0.030446590693408382,678,0.4594594594594595,37,3.011904761904762,-0.0019107834051203393,-0.0019107834051203393,0.021148618953910448,-0.0903502687000292
cls|eq_filt@q1,hold,C,0.25,958778.2436509811,-0.04122175634901892,-0.013879144989454195,0.011146352767740418,-1.2693180908470618,-0.04926677306133853,678,0.3783783783783784,37,3.011904761904762,-0.007197938143597951,-0.0019107834051203393,0.021148618953910448,-0.0903502687000292
cls|eq_filt@q1,hold,C,0.87,888300.7884459032,-0.11169921155409679,-0.038562355812124416,0.011183074539330574,-3.569814082205501,-0.11537717141951753,754,0.13513513513513514,37,3.011904761904762,-0.02031008189502243,-0.0019107834051203393,0.021148618953910448,-0.0903502687000292
cls|eq_filt@q1,hold,C,cs,715878.3266958403,-0.2841216733041597,-0.10503855946815688,0.011513095679828392,-9.794611023715198,-0.2857215200791048,755,0.02702702702702703,37,3.011904761904762,-0.0573699093725758,-0.0019107834051203393,0.021148618953910448,-0.0903502687000292
cls|eq_filt@q1,hold,C,ar,982053.1158957656,-0.017946884104234395,-0.005994726830361619,0.011143150149710025,-0.5430569167962337,-0.030992281415465173,678,0.4594594594594595,37,3.011904761904762,-0.003078634902166779,-0.0019107834051203393,0.021148618953910448,-0.0903502687000292
cls|eq_filt@q1,hold,C,tick,907992.3877423208,-0.09200761225767917,-0.03153789873229185,0.011169902686583265,-2.9114059617750265,-0.09636301973687511,754,0.21621621621621623,37,3.011904761904762,-0.01654462824285989,-0.0019107834051203393,0.021148618953910448,-0.0903502687000292
cls|eq_filt@q1,learn,A,0.0,1021787.5322427211,0.02178753224272101,0.021028394544943874,0.007207216152381721,2.945958992630056,-0.0036827837088992954,39,0.8461538461538461,13,1.0357142857142858,0.010801873848157064,0.010801873848157064,0.012504120855497788,0.8638651187866372
cls|eq_filt@q1,learn,A,0.25,1015426.1422394726,0.015426142239472584,0.014890265826584592,0.0072112654867222984,2.092231699876525,-0.004489070700191555,62,0.7692307692307693,13,1.0357142857142858,0.007675843634282618,0.010801873848157064,0.012504120855497788,0.8638651187866372
cls|eq_filt@q1,learn,A,0.87,999820.1187496041,-0.00017988125039591907,-0.00017367898733799958,0.007240930258239167,-0.020823805545387927,-0.008841980103119984,152,0.5384615384615384,13,1.0357142857142858,-7.671129612601004e-05,0.010801873848157064,0.012504120855497788,0.8638651187866372
cls|eq_filt@q1,learn,A,cs,962234.128401568,-0.03776587159843192,-0.03648765819038513,0.0074262639186790545,-5.096691880369151,-0.0401733776221479,228,0.0,13,1.0357142857142858,-0.01925589083018413,0.010801873848157064,0.012504120855497788,0.8638651187866372
cls|eq_filt@q1,learn,A,ar,1017773.9342966124,0.017773934296612337,0.017155813002377895,0.007210898137265898,2.407449109247624,-0.003759233597709466,39,0.8461538461538461,13,1.0357142857142858,0.008831842845663481,0.010801873848157064,0.012504120855497788,0.8638651187866372
cls|eq_filt@q1,learn,A,tick,1005000.6238517546,0.005000623851754593,0.004827772987423762,0.007228842635677785,0.6825285790477685,-0.006964368114537267,152,0.5384615384615384,13,1.0357142857142858,0.00251011990857198,0.010801873848157064,0.012504120855497788,0.8638651187866372
cls|eq_filt@q1,learn,B,0.0,1019899.719055704,0.01989971905570398,0.019206974496998708,0.0071855844400068695,2.701595616672533,-0.003507366856297489,39,0.8461538461538461,13,1.0357142857142858,0.00987614134429839,0.00987614134429839,0.012504120855497788,0.7898309252150316
cls|eq_filt@q1,learn,B,0.25,1013550.07267173,0.013550072671729918,0.013079786534011095,0.007190839866855672,1.845127785297629,-0.004428511299582327,69,0.6923076923076923,13,1.0357142857142858,0.006750111130423942,0.00987614134429839,0.012504120855497788,0.7898309252150316
cls|eq_filt@q1,learn,B,0.87,997972.8593624483,-0.0020271406375517165,-0.001957307691006216,0.007223536403951515,-0.2727754693908681,-0.00998995047045681,152,0.46153846153846156,13,1.0357142857142858,-0.001002443799984686,0.00987614134429839,0.012504120855497788,0.7898309252150316
cls|eq_filt@q1,learn,B,cs,960456.2625548396,-0.039543737445160376,-0.03820655335406653,0.0074157488065082254,-5.349291064252357,-0.04162064795511877,228,0.0,13,1.0357142857142858,-0.020181623334042807,0.00987614134429839,0.012504120855497788,0.7898309252150316
cls|eq_filt@q1,learn,B,ar,1015893.5261346495,0.01589352613464956,0.015341291307235494,0.007190620224886658,2.1611835977746243,-0.0036585637210408972,60,0.7692307692307693,13,1.0357142857142858,0.007906110341804808,0.00987614134429839,0.012504120855497788,0.7898309252150316
cls|eq_filt@q1,learn,B,tick,1003143.8054576889,0.0031438054576888863,0.003035234021673494,0.007209791061821142,0.4319503652742234,-0.006936601720206381,152,0.5384615384615384,13,1.0357142857142858,0.0015843874047133057,0.00987614134429839,0.012504120855497788,0.7898309252150316
cls|eq_filt@q1,learn,C,0.0,1022264.214249208,0.022264214249207992,0.021488293603181274,0.006984450446948714,3.1053945816511517,-0.0027908269521693674,23,0.7692307692307693,13,1.0357142857142858,0.011034531223934423,0.011034531223934423,0.012504120855497788,0.8824715748874725
cls|eq_filt@q1,learn,C,0.25,1015899.8717744949,0.015899871774494923,0.015347414800741976,0.006986544009540659,2.224984135811079,-0.002898063260442063,42,0.5384615384615384,13,1.0357142857142858,0.007908501010059975,0.011034531223934423,0.012504120855497788,0.8824715748874725
cls|eq_filt@q1,learn,C,0.87,1000286.6047541414,0.0002866047541414396,0.00027672046430970987,0.007012008325029615,0.043714667746261246,-0.009324887468101561,153,0.46153846153846156,13,1.0357142857142858,0.00015594607965134781,0.011034531223934423,0.012504120855497788,0.8824715748874725
cls|eq_filt@q1,learn,C,cs,962683.1411885502,-0.03731685881144986,-0.036053556202553017,0.007194405963979992,-5.197380835219983,-0.04001600815358308,232,0.0,13,1.0357142857142858,-0.019023233454406773,0.011034531223934423,0.012504120855497788,0.8824715748874725
cls|eq_filt@q1,learn,C,ar,1018248.7587138447,0.01824875871384468,0.017613982049415444,0.006986215536088006,2.5503338027903166,-0.0027972842831622824,23,0.7692307692307693,13,1.0357142857142858,0.009064500221440841,0.011034531223934423,0.012504120855497788,0.8824715748874725
cls|eq_filt@q1,learn,C,tick,1005469.5301574535,0.005469530157453439,0.0052804286027758884,0.0069990515805291335,0.7702762250124006,-0.005252755735542736,151,0.46153846153846156,13,1.0357142857142858,0.002742777284349339,0.011034531223934423,0.012504120855497788,0.8824715748874725
cls|eq_filt@q2,full,A,0.0,1014864.7564264836,0.01486475642648366,0.003652094268751016,0.004950181058429112,0.751660536443399,-0.00786245167754318,593,0.62,50,4.0476190476190474,0.0018929872557340145,0.0018929872557340145,0.008663305965145132,0.21850633734396824
cls|eq_filt@q2,full,A,0.25,997819.8854507235,-0.0021801145492765794,-0.0005390591686754709,0.004950606354565971,-0.10832871026130186,-0.013387803404685705,910,0.54,50,4.0476190476190474,-0.0002728392355522678,0.0018929872557340145,0.008663305965145132,0.21850633734396824
cls|eq_filt@q2,full,A,0.87,956773.4501195599,-0.04322654988044017,-0.010857818297295374,0.004964771206638683,-2.2345483299859676,-0.04790672395646922,910,0.22,50,4.0476190476190474,-0.00564408893394225,0.0018929872557340145,0.008663305965145132,0.21850633734396824
cls|eq_filt@q2,full,A,cs,875277.5926399477,-0.12472240736005236,-0.03237604371911218,0.005067419771268739,-6.604763963387531,-0.12604842434789343,992,0.04,50,4.0476190476190474,-0.01702742749930467,0.0018929872557340145,0.008663305965145132,0.21850633734396824
cls|eq_filt@q2,full,A,ar,937845.842582799,-0.062154157417200984,-0.015728679989298167,0.004988557589190087,-3.2305778987681797,-0.06369999079713151,984,0.2,50,4.0476190476190474,-0.008198984480245098,0.0018929872557340145,0.008663305965145132,0.21850633734396824
cls|eq_filt@q2,full,A,tick,972406.8608358499,-0.02759313916415007,-0.006889108784504772,0.004957136537828435,-1.4162280939812635,-0.033652546730202904,910,0.3,50,4.0476190476190474,-0.0035716504022047435,0.0018929872557340145,0.008663305965145132,0.21850633734396824
cls|eq_filt@q2,full,B,0.0,1006407.6944753211,0.00640769447532108,0.0015792728228827269,0.004931585746169861,0.32799359912221715,-0.008887701130344428,744,0.56,50,4.0476190476190474,0.0008229184769363432,0.0008229184769363432,0.008663305965145132,0.09498896613454161
cls|eq_filt@q2,full,B,0.25,989504.8271933885,-0.010495172806611497,-0.002603233298818286,0.004933695742959563,-0.5350188034543898,-0.01856141644635445,910,0.5,50,4.0476190476190474,-0.0013429080143499384,0.0008229184769363432,0.008663305965145132,0.09498896613454161
cls|eq_filt@q2,full,B,0.87,948800.3590906578,-0.05119964090934226,-0.012900702294989963,0.004952068639030222,-2.6650172608968647,-0.05484519925718445,910,0.22,50,4.0476190476190474,-0.006714157712739922,0.0008229184769363432,0.008663305965145132,0.09498896613454161
cls|eq_filt@q2,full,B,cs,867983.4652644433,-0.13201653473555675,-0.03437453175503502,0.005064043234615459,-7.024513227114887,-0.1333273788444228,992,0.04,50,4.0476190476190474,-0.01809749627810234,0.0008229184769363432,0.008663305965145132,0.09498896613454161
cls|eq_filt@q2,full,B,ar,930030.4283946492,-0.06996957160535078,-0.017761517932167292,0.004978675312068275,-3.6594575753536542,-0.07143932387789032,992,0.2,50,4.0476190476190474,-0.00926905325904277,0.0008229184769363432,0.008663305965145132,0.09498896613454161
cls|eq_filt@q2,full,B,tick,964303.5225683749,-0.035696477431625184,-0.008940181561950866,0.004942876245627727,-1.8458409170670353,-0.04069192528087995,910,0.26,50,4.0476190476190474,-0.004641719181002415,0.0008229184769363432,0.008663305965145132,0.09498896613454161
cls|eq_filt@q2,full,C,0.0,1002465.8235035609,0.002465823503560838,0.0006086387375907609,0.004778093077369424,0.13193772024072054,-0.012839194480171345,781,0.5,50,4.0476190476190474,0.000320721768277417,0.000320721768277417,0.008663305965145132,0.03702071352065471
cls|eq_filt@q2,full,C,0.25,985629.1741782144,-0.014370825821785616,-0.0035698107918896715,0.0047795216511845795,-0.7588077025757082,-0.026011482969035438,911,0.36,50,4.0476190476190474,-0.0018451047230088652,0.000320721768277417,0.008663305965145132,0.03702071352065471
cls|eq_filt@q2,full,C,0.87,945084.1672310377,-0.05491583276896228,-0.01385729238243627,0.004796633787298824,-2.9571709827548487,-0.06107137813120067,911,0.14,50,4.0476190476190474,-0.0072163544213988485,0.000320721768277417,0.008663305965145132,0.03702071352065471
cls|eq_filt@q2,full,C,cs,864583.9995409033,-0.13541600045909674,-0.03531025977967184,0.0049007754139710905,-7.4599534658442535,-0.1378478217184631,984,0.04,50,4.0476190476190474,-0.018599692986761264,0.000320721768277417,0.008663305965145132,0.03702071352065471
cls|eq_filt@q2,full,C,ar,926387.8416543258,-0.07361215834567414,-0.018713374300358243,0.004819074563236578,-3.9854890569726122,-0.0769175299937096,984,0.16,50,4.0476190476190474,-0.009771249967701698,0.000320721768277417,0.008663305965145132,0.03702071352065471
cls|eq_filt@q2,full,C,tick,960526.5894038014,-0.03947341059619869,-0.009900614762241133,0.0047882569813654146,-2.1115995052201906,-0.047308963079359834,911,0.22,50,4.0476190476190474,-0.005143915889661342,0.000320721768277417,0.008663305965145132,0.03702071352065471
cls|eq_filt@q2,hold,A,0.0,1004206.1621741644,0.004206162174164474,0.0013945550622471714,0.004857840710481695,0.2941055746649725,-0.007862451677541515,593,0.5945945945945946,37,3.011904761904762,0.0007268610265502227,0.0007268610265502227,0.008467829417109258,0.08583793918682386
cls|eq_filt@q2,hold,A,0.25,991903.8847033639,-0.00809611529663612,-0.0026953397357397657,0.004857823160112345,-0.5624686720208196,-0.012748077646023703,744,0.4864864864864865,37,3.011904761904762,-0.0013900963277270924,0.0007268610265502227,0.008467829417109258,0.08583793918682386
cls|eq_filt@q2,hold,A,0.87,962040.4805410033,-0.03795951945899667,-0.01276640588757516,0.00487028532947872,-2.6799004719883066,-0.03949610130256487,758,0.1891891891891892,37,3.011904761904762,-0.006640150566334833,0.0007268610265502227,0.008467829417109258,0.08583793918682386
cls|eq_filt@q2,hold,A,cs,901597.7841680152,-0.09840221583198472,-0.03380774871624803,0.0049677118725254136,-7.036634233181393,-0.09961170708901113,758,0.02702702702702703,37,3.011904761904762,-0.01778386824521467,0.0007268610265502227,0.008467829417109258,0.08583793918682386
cls|eq_filt@q2,hold,A,ar,949868.1518193448,-0.05013184818065519,-0.016931294475282632,0.004889731824810813,-3.548301766575956,-0.051516946226283444,758,0.21621621621621623,37,3.011904761904762,-0.008826945498605455,0.0007268610265502227,0.008467829417109258,0.08583793918682386
cls|eq_filt@q2,hold,A,tick,973437.1543893497,-0.026562845610650254,-0.008898703898803761,0.004863185992855161,-1.866344539366196,-0.028495342328707096,744,0.2702702702702703,37,3.011904761904762,-0.004617613258896725,0.0007268610265502227,0.008467829417109258,0.08583793918682386
cls|eq_filt@q2,hold,B,0.0,998556.6264938127,-0.0014433735061873953,-0.00047945403127036545,0.004832723522219398,-0.09847901800487469,-0.008887701130347536,744,0.5135135135135135,37,3.011904761904762,-0.00024212549183823053,-0.00024212549183823053,0.008467829417109258,-0.028593572202696444
cls|eq_filt@q2,hold,B,0.25,986323.5360690586,-0.013676463930941463,-0.004561703043775234,0.0048343220392957536,-0.9591858392206364,-0.016134138811373377,744,0.4594594594594595,37,3.011904761904762,-0.002359082846115545,-0.00024212549183823053,0.008467829417109258,-0.028593572202696444
cls|eq_filt@q2,hold,B,0.87,956628.082607558,-0.04337191739244195,-0.014613941868532154,0.004850840037916931,-3.0832844902786736,-0.044870356701699365,758,0.1891891891891892,37,3.011904761904762,-0.007609137084723286,-0.00024212549183823053,0.008467829417109258,-0.028593572202696444
cls|eq_filt@q2,hold,B,cs,896525.3100165469,-0.1034746899834531,-0.03561595171000009,0.004957663715252526,-7.435076971827396,-0.10467930573454909,758,0.05405405405405406,37,3.011904761904762,-0.01875285476360313,-0.00024212549183823053,0.008467829417109258,-0.028593572202696444
cls|eq_filt@q2,hold,B,ar,944524.2038265212,-0.055475796173478864,-0.018771046880006192,0.0048725573551570275,-3.951699809592636,-0.05682470931323269,758,0.21621621621621623,37,3.011904761904762,-0.009795932016993907,-0.00024212549183823053,0.008467829417109258,-0.028593572202696444
cls|eq_filt@q2,hold,B,tick,967960.6598446843,-0.03203934015531573,-0.010753471019838479,0.004842309319363012,-2.2677238891620943,-0.03381355127705499,744,0.24324324324324326,37,3.011904761904762,-0.005586599777285177,-0.00024212549183823053,0.008467829417109258,-0.028593572202696444
cls|eq_filt@q2,hold,C,0.0,993318.9460837931,-0.0066810539162068805,-0.0022231837671008448,0.00468205785281964,-0.48097786890227967,-0.012690032171309373,720,0.43243243243243246,37,3.011904761904762,-0.0011456889540732464,-0.0011456889540732464,0.008467829417109258,-0.13529901201816616
cls|eq_filt@q2,hold,C,0.25,981150.0222845458,-0.018849977715454158,-0.00629831069233211,0.004683557147656173,-1.3692707020567036,-0.023631423612041957,758,0.2702702702702703,37,3.011904761904762,-0.0032626463083505605,-0.0011456889540732464,0.008467829417109258,-0.13529901201816616
cls|eq_filt@q2,hold,C,0.87,951610.3312953105,-0.048389668704689526,-0.016333011905312667,0.0047002327041956535,-3.559943783243955,-0.05191926596974583,758,0.10810810810810811,37,3.011904761904762,-0.008512700546958301,-0.0011456889540732464,0.008467829417109258,-0.13529901201816616
cls|eq_filt@q2,hold,C,cs,891822.9476570244,-0.10817705234297559,-0.03729833398402149,0.004799369498053266,-8.050360715168809,-0.11051095767282237,758,0.05405405405405406,37,3.011904761904762,-0.01965641822583814,-0.0011456889540732464,0.008467829417109258,-0.13529901201816616
cls|eq_filt@q2,hold,C,ar,939569.9894180611,-0.060430010581938864,-0.020482847595384768,0.0047188307583760514,-4.456809195083318,-0.06338916366933212,758,0.13513513513513514,37,3.011904761904762,-0.010699495479228922,-0.0011456889540732464,0.008467829417109258,-0.13529901201816616
cls|eq_filt@q2,hold,C,tick,962883.4550491819,-0.037116544950818064,-0.012479279749419092,0.004692347286453504,-2.7186958008052153,-0.04105530843741212,758,0.13513513513513514,37,3.011904761904762,-0.006490163239520195,-0.0011456889540732464,0.008467829417109258,-0.13529901201816616
cls|eq_filt@q2,learn,A,0.0,1010613.9502562181,0.010613950256218141,0.010246083432091213,0.005209817659046582,1.9965035612456137,-0.004392390532196311,127,0.6923076923076923,13,1.0357142857142858,0.005291727467300972,0.005291727467300972,0.0092330333133524,0.5731299008364145
cls|eq_filt@q2,learn,A,0.25,1005964.2883132102,0.005964288313210275,0.0057580322392265515,0.005211471114821644,1.125269009525369,-0.004517819994444894,151,0.6923076923076923,13,1.0357142857142858,0.0029834691389628723,0.005291727467300972,0.0092330333133524,0.5731299008364145
cls|eq_filt@q2,learn,A,0.87,994525.1467812732,-0.005474853218726761,-0.0052865650942821585,0.005230341475180132,-1.030091870687816,-0.010131268199687904,151,0.3076923076923077,13,1.0357142857142858,-0.0027410115153156155,0.005291727467300972,0.0092330333133524,0.5731299008364145
cls|eq_filt@q2,learn,A,cs,970807.1692385831,-0.029192830761416988,-0.028200513195360544,0.0053474379967311855,-5.448511036980211,-0.029719008566548966,233,0.07692307692307693,13,1.0357142857142858,-0.014822738575883808,0.005291727467300972,0.0092330333133524,0.5731299008364145
cls|eq_filt@q2,learn,A,ar,987343.1810367418,-0.01265681896325821,-0.01222305538741253,0.005266064686849361,-2.377188535395806,-0.01345720952756524,225,0.15384615384615385,13,1.0357142857142858,-0.006368756919124444,0.005291727467300972,0.0092330333133524,0.5731299008364145
cls|eq_filt@q2,learn,A,tick,998941.5921214524,-0.001058407878547607,-0.0010219297102127545,0.005221217174113544,-0.19694073789888977,-0.007334446362050051,151,0.38461538461538464,13,1.0357142857142858,-0.0005231330703094626,0.005291727467300972,0.0092330333133524,0.5731299008364145
cls|eq_filt@q2,learn,B,0.0,1007862.4163850265,0.007862416385026494,0.007590272289419886,0.005208914191800736,1.4818840924047898,-0.00458259091470814,151,0.6923076923076923,13,1.0357142857142858,0.0039270487787602055,0.0039270487787602055,0.0092330333133524,0.4253259622794909
cls|eq_filt@q2,learn,B,0.25,1003225.4032353265,0.003225403235326496,0.0031140094454733536,0.005212433455969422,0.6104431905419717,-0.005216849556439085,151,0.6153846153846154,13,1.0357142857142858,0.0016187904504221073,0.0039270487787602055,0.0092330333133524,0.4253259622794909
cls|eq_filt@q2,learn,B,0.87,991817.3805900122,-0.008182619409987768,-0.007901577872182153,0.005235907299668502,-1.5413077815970968,-0.011793311707245513,151,0.3076923076923077,13,1.0357142857142858,-0.004105690203856381,0.0039270487787602055,0.0092330333133524,0.4253259622794909
cls|eq_filt@q2,learn,B,cs,968163.9275174836,-0.03183607248251641,-0.03075533733266045,0.005362105689501679,-5.933860542370234,-0.032311667257793664,233,0.0,13,1.0357142857142858,-0.016187417264424575,0.0039270487787602055,0.0092330333133524,0.4253259622794909
cls|eq_filt@q2,learn,B,ar,984654.945449614,-0.01534505455038604,-0.01481985548834186,0.005275867871003384,-2.88120199407795,-0.016062741872515884,233,0.15384615384615385,13,1.0357142857142858,-0.007733435607665211,0.0039270487787602055,0.0092330333133524,0.4253259622794909
cls|eq_filt@q2,learn,B,tick,996221.8120756167,-0.003778187924383336,-0.003648143521189695,0.005224888151248278,-0.7101937277469742,-0.008927267476537715,151,0.3076923076923077,13,1.0357142857142858,-0.0018878117588502275,0.0039270487787602055,0.0092330333133524,0.4253259622794909
cls|eq_filt@q2,learn,C,0.0,1009208.3992314991,0.009208399231499076,0.008889461121616815,0.005047224718788612,1.7893516097942581,-0.004326037765302715,60,0.6923076923076923,13,1.0357142857142858,0.004594657954597973,0.004594657954597973,0.0092330333133524,0.49763255461814315
cls|eq_filt@q2,learn,C,0.25,1004565.2059235933,0.0045652059235932185,0.004407438635835925,0.005048496491208793,0.890195152794956,-0.004451472648531407,152,0.6153846153846154,13,1.0357142857142858,0.002286399626259873,0.004594657954597973,0.0092330333133524,0.49763255461814315
cls|eq_filt@q2,learn,C,0.87,993141.9785497837,-0.006858021450216301,-0.006622322752177001,0.005066899073491371,-1.3337333092006562,-0.010779782716476727,152,0.23076923076923078,13,1.0357142857142858,-0.003438081028018614,0.004594657954597973,0.0092330333133524,0.49763255461814315
cls|eq_filt@q2,learn,C,cs,969457.0001952805,-0.030542999804719417,-0.02950548848734269,0.005184910888125708,-5.883560091416293,-0.030897968597577208,225,0.0,13,1.0357142857142858,-0.015519808088586808,0.004594657954597973,0.0092330333133524,0.49763255461814315
cls|eq_filt@q2,learn,C,ar,985970.0204219056,-0.014029979578094487,-0.013549479916914575,0.005099946547656107,-2.7232811765023492,-0.014812100475414924,225,0.23076923076923078,13,1.0357142857142858,-0.007065826431827444,0.004594657954597973,0.0092330333133524,0.49763255461814315
cls|eq_filt@q2,learn,C,tick,997552.2835780269,-0.0024477164219730563,-0.002363412228236217,0.005057146234638183,-0.47426554145134137,-0.007951061516115021,152,0.46153846153846156,13,1.0357142857142858,-0.0012202025830124607,0.004594657954597973,0.0092330333133524,0.49763255461814315
cls|eq_filt@q3,full,A,0.0,1035087.7027973611,0.035087702797361064,0.008556509590465167,0.006659142124989065,1.304958686157432,-0.006717553662443865,113,0.68,50,4.0476190476190474,0.004420993772060104,0.004420993772060104,0.013044060972079927,0.3389277144229079
cls|eq_filt@q3,full,A,0.25,1009023.904663694,0.00902390466369396,0.0022219010443180753,0.00665781462726547,0.3424627936235799,-0.008953951976921948,397,0.54,50,4.0476190476190474,0.0011599785290401239,0.004420993772060104,0.013044060972079927,0.3389277144229079
cls|eq_filt@q3,full,A,0.87,947182.2133332709,-0.052817786666729094,-0.013316884053558242,0.00667056853575505,-2.041262000877421,-0.0572726018689369,906,0.26,50,4.0476190476190474,-0.006927339273649433,0.004420993772060104,0.013044060972079927,0.3389277144229079
cls|eq_filt@q3,full,A,cs,821791.3384309248,-0.17820866156907522,-0.047333066928843315,0.006794289364263176,-7.257114441781047,-0.17831986034884384,992,0.02,50,4.0476190476190474,-0.025084928503781877,0.004420993772060104,0.013044060972079927,0.3389277144229079
cls|eq_filt@q3,full,A,ar,870683.2662487467,-0.1293167337512533,-0.03363335557584801,0.0067354915370942256,-5.163991190496961,-0.12945903862374586,992,0.08,50,4.0476190476190474,-0.017695369841891236,0.004420993772060104,0.013044060972079927,0.3389277144229079
cls|eq_filt@q3,full,A,tick,970399.5328216988,-0.029600467178301226,-0.007395990039164135,0.006663514198438337,-1.1300185574481718,-0.036069412721069116,759,0.3,50,4.0476190476190474,-0.003830837760508089,0.004420993772060104,0.013044060972079927,0.3389277144229079
cls|eq_filt@q3,full,B,0.0,1012821.5169053228,0.012821516905322738,0.0031524923344863343,0.006626101977157023,0.48656376729740797,-0.009414751734781235,240,0.58,50,4.0476190476190474,0.0016402223954529527,0.0016402223954529527,0.013044060972079927,0.1257447660635561
cls|eq_filt@q3,full,B,0.25,987318.2773052107,-0.012681722694789288,-0.003148201805962758,0.0066287352126597745,-0.48060909343510155,-0.022292618668392716,759,0.44,50,4.0476190476190474,-0.0016207928475670287,0.0016402223954529527,0.013044060972079927,0.1257447660635561
cls|eq_filt@q3,full,B,0.87,926806.6374131707,-0.07319336258682929,-0.018603794179096744,0.006651354840638941,-2.868928624519342,-0.07606315689267207,906,0.22,50,4.0476190476190474,-0.009708110650256582,0.0016402223954529527,0.013044060972079927,0.1257447660635561
cls|eq_filt@q3,full,B,cs,804112.6619316433,-0.1958873380683568,-0.05243784951335728,0.006796146884017468,-8.059393156098816,-0.1960077004184545,992,0.0,50,4.0476190476190474,-0.027865699880389026,0.0016402223954529527,0.013044060972079927,0.1257447660635561
cls|eq_filt@q3,full,B,ar,851952.9962280206,-0.14804700377197932,-0.038811494590271556,0.006729747083266637,-5.980596697185831,-0.14819849067440094,992,0.06,50,4.0476190476190474,-0.020476141218498382,0.0016402223954529527,0.013044060972079927,0.1257447660635561
cls|eq_filt@q3,full,B,tick,949524.6171957968,-0.05047538280420316,-0.012714598612044603,0.006640303219709631,-1.9571062480008252,-0.054782769131407894,906,0.26,50,4.0476190476190474,-0.006611609137115241,0.0016402223954529527,0.013044060972079927,0.1257447660635561
cls|eq_filt@q3,full,C,0.0,1003014.5207083964,0.003014520708396473,0.0007439202089292163,0.006470936605236628,0.12014711924407323,-0.012677831318616661,647,0.56,50,4.0476190476190474,0.0003955354049298953,0.0003955354049298953,0.013044060972079927,0.03032302637779112
cls|eq_filt@q3,full,C,0.25,977758.2422625518,-0.022241757737448187,-0.0055416416299173266,0.0064728309615292735,-0.8701582357434466,-0.032412655914706434,781,0.42,50,4.0476190476190474,-0.002865479838090086,0.0003955354049298953,0.013044060972079927,0.03032302637779112
cls|eq_filt@q3,full,C,0.87,917832.5662829082,-0.08216743371709179,-0.020960114607897262,0.0064940112035818875,-3.3151804590115055,-0.08357996926499045,906,0.16,50,4.0476190476190474,-0.01095279764077964,0.0003955354049298953,0.013044060972079927,0.03032302637779112
cls|eq_filt@q3,full,C,cs,796326.750189985,-0.203673249810015,-0.0547128937919098,0.00663494177717267,-8.623945522826812,-0.20369555138288908,992,0.0,50,4.0476190476190474,-0.02911038687091209,0.0003955354049298953,0.013044060972079927,0.03032302637779112
cls|eq_filt@q3,full,C,ar,843703.8585188563,-0.15629614148114368,-0.041119256824400874,0.006567473680526425,-6.500895474350849,-0.156324567538616,992,0.04,50,4.0476190476190474,-0.021720828209021444,0.0003955354049298953,0.013044060972079927,0.03032302637779112
cls|eq_filt@q3,full,C,tick,940330.5588065297,-0.059669441193470285,-0.015085062525911352,0.0064833782656122906,-2.38183475278493,-0.06256244531607025,906,0.22,50,4.0476190476190474,-0.007856296127638298,0.0003955354049298953,0.013044060972079927,0.03032302637779112
cls|eq_filt@q3,hold,A,0.0,1014610.8678531443,0.01461086785314425,0.004827556925719678,0.007003046105545749,0.702709217625298,-0.006717553662445086,113,0.6486486486486487,37,3.011904761904762,0.002503614697711612,0.002503614697711612,0.013670800200175215,0.18313592921060493
cls|eq_filt@q3,hold,A,0.25,994619.4707971265,-0.005380529202873463,-0.0017896406963272549,0.007001759004904139,-0.25661068415603866,-0.008790257860992301,395,0.5135135135135135,37,3.011904761904762,-0.0009140853523321904,0.002503614697711612,0.013670800200175215,0.18313592921060493
cls|eq_filt@q3,hold,A,0.87,946723.7498907798,-0.0532762501092201,-0.018012972865299792,0.007014120206783469,-2.631398813530751,-0.05363949628102671,758,0.1891891891891892,37,3.011904761904762,-0.009389981476440826,0.002503614697711612,0.013670800200175215,0.18313592921060493
cls|eq_filt@q3,hold,A,cs,845575.4258733134,-0.15442457412668653,-0.05416924965901171,0.007142151426622275,-7.9245863899847215,-0.15448420695012666,758,0.0,37,3.011904761904762,-0.028794564504792855,0.002503614697711612,0.013670800200175215,0.18313592921060493
cls|eq_filt@q3,hold,A,ar,888783.0016124848,-0.1112169983875152,-0.038389103044852546,0.007078247697055061,-5.6194380296671165,-0.1113035920413572,758,0.08108108108108109,37,3.011904761904762,-0.020235945407119916,0.002503614697711612,0.013670800200175215,0.18313592921060493
cls|eq_filt@q3,hold,A,tick,964602.8004827172,-0.03539719951728282,-0.011894172376786583,0.007007469482293744,-1.7326194532186314,-0.03589249377605297,758,0.24324324324324326,37,3.011904761904762,-0.006176881330310352,0.002503614697711612,0.013670800200175215,0.18313592921060493
cls|eq_filt@q3,hold,B,0.0,998056.4330761792,-0.0019435669238208053,-0.0006457142844519259,0.00696949213507795,-0.09074581971875274,-0.009414751734782456,239,0.5675675675675675,37,3.011904761904762,-0.0003217604175931267,-0.0003217604175931267,0.013670800200175215,-0.02353632654136828
cls|eq_filt@q3,hold,B,0.25,978391.1342047611,-0.021608865795238907,-0.007226895923594268,0.006972001875740812,-1.0542572457937187,-0.022121086373746435,758,0.40540540540540543,37,3.011904761904762,-0.003739460467636929,-0.0003217604175931267,0.013670800200175215,-0.02353632654136828
cls|eq_filt@q3,hold,B,0.87,931276.6916008715,-0.06872330839912855,-0.023361927204754607,0.00699382161521026,-3.433102277661286,-0.06908913825297014,758,0.16216216216216217,37,3.011904761904762,-0.012215356591745562,-0.0003217604175931267,0.013670800200175215,-0.02353632654136828
cls|eq_filt@q3,hold,B,cs,831778.3597475896,-0.16822164025241038,-0.05932139985027152,0.0071421831869954875,-8.702122542926467,-0.16828790231467905,758,0.0,37,3.011904761904762,-0.0316199396200976,-0.0003217604175931267,0.013670800200175215,-0.02353632654136828
cls|eq_filt@q3,hold,B,ar,874281.0864112724,-0.12571891358872755,-0.04362715333404099,0.007070254354024169,-6.41127310972594,-0.1258120852751472,758,0.05405405405405406,37,3.011904761904762,-0.023061320522424652,-0.0003217604175931267,0.013670800200175215,-0.02353632654136828
cls|eq_filt@q3,hold,B,tick,948864.1004979317,-0.051135899502068316,-0.017276429162725204,0.006983392252914947,-2.5338452472170667,-0.051608342808802,758,0.1891891891891892,37,3.011904761904762,-0.00900225644561509,-0.0003217604175931267,0.013670800200175215,-0.02353632654136828
cls|eq_filt@q3,hold,C,0.0,988318.4261151305,-0.011681573884869456,-0.0038936983188135876,0.006819813215031779,-0.5782225985720723,-0.012677831318607224,647,0.5135135135135135,37,3.011904761904762,-0.002006191554218475,-0.002006191554218475,0.013670800200175215,-0.14675011885498568
cls|eq_filt@q3,hold,C,0.25,968845.0091988688,-0.031154990801131266,-0.010453487786689308,0.006821795741185104,-1.5628145054202154,-0.03151030485251449,758,0.35135135135135137,37,3.011904761904762,-0.0054238916042622775,-0.002006191554218475,0.013670800200175215,-0.14675011885498568
cls|eq_filt@q3,hold,C,0.87,922190.2798174502,-0.07780972018254984,-0.02653607212794129,0.00684265481655554,-3.9928103187059403,-0.07789314332746489,758,0.08108108108108109,37,3.011904761904762,-0.01389978772837091,-0.002006191554218475,0.013670800200175215,-0.14675011885498568
cls|eq_filt@q3,hold,C,cs,823662.8986371306,-0.1763371013628694,-0.062378616676749155,0.006984455261921805,-9.372681004388328,-0.17625811353677134,758,0.0,37,3.011904761904762,-0.03330437075672294,-0.002006191554218475,0.013670800200175215,-0.14675011885498568
cls|eq_filt@q3,hold,C,ar,865750.9309633727,-0.13424906903662726,-0.04673537865148136,0.006911592574204812,-7.037487950687662,-0.13416498554891165,758,0.05405405405405406,37,3.011904761904762,-0.02474575165905,-0.002006191554218475,0.013670800200175215,-0.14675011885498568
cls|eq_filt@q3,hold,C,tick,939606.0857838262,-0.060393914216173794,-0.020470353650670958,0.006832337610991356,-3.0744606469474394,-0.060667569643324426,758,0.13513513513513514,37,3.011904761904762,-0.01068668758224044,-0.002006191554218475,0.013670800200175215,-0.14675011885498568
cls|eq_filt@q3,learn,A,0.0,1020181.9590081358,0.020181959008135797,0.0194792956432992,0.005535676342243067,3.554088739626504,-0.002856033037362038,46,0.7692307692307693,13,1.0357142857142858,0.010009302479743036,0.010009302479743036,0.011217394387121254,0.8923019138236564
cls|eq_filt@q3,learn,A,0.25,1014482.3566092673,0.014482356609267333,0.01397949082324712,0.005534044028824769,2.559079269804625,-0.003038503103089618,56,0.6153846153846154,13,1.0357142857142858,0.007204953882962728,0.010009302479743036,0.011217394387121254,0.8923019138236564
cls|eq_filt@q3,learn,A,0.87,1000484.2631681601,0.00048426316816008175,0.0004675605350090706,0.005548168473010785,0.08862977074357929,-0.005945865646193371,147,0.46153846153846156,13,1.0357142857142858,0.0002501693629475494,0.010009302479743036,0.011217394387121254,0.8923019138236564
cls|eq_filt@q3,learn,A,cs,971872.3052791897,-0.028127694720810226,-0.027171074256409966,0.005657181563068848,-4.959180139545343,-0.028430166817171365,233,0.07692307692307693,13,1.0357142857142858,-0.01427298659614017,0.010009302479743036,0.011217394387121254,0.8923019138236564
cls|eq_filt@q3,learn,A,ar,979635.3718164051,-0.020364628183594857,-0.019669352363350323,0.005617340174459009,-3.6008927201281247,-0.02072564651751785,233,0.07692307692307693,13,1.0357142857142858,-0.010290720055297463,0.010009302479743036,0.011217394387121254,0.8923019138236564
cls|eq_filt@q3,learn,A,tick,1006009.4500410728,0.006009450041072784,0.00580162769202941,0.00553958517841281,1.0669102205180703,-0.003910652233192202,125,0.46153846153846156,13,1.0357142857142858,0.0030068376293645935,0.010009302479743036,0.011217394387121254,0.8923019138236564
cls|eq_filt@q3,learn,B,0.0,1014793.8366407119,0.014793836640711877,0.014280079500289533,0.005503768559723435,2.6280045691663005,-0.0029968044511443637,55,0.6153846153846154,13,1.0357142857142858,0.007358531197897342,0.007358531197897342,0.011217394387121254,0.6559929110048683
cls|eq_filt@q3,learn,B,0.25,1009124.3090706328,0.009124309070632775,0.008808296163336227,0.005506785576024415,1.6255765177656065,-0.0033144697224062325,60,0.5384615384615384,13,1.0357142857142858,0.00455418260111703,0.007358531197897342,0.011217394387121254,0.6559929110048683
cls|eq_filt@q3,learn,B,0.87,995200.0793877642,-0.004799920612235775,-0.004634790275432676,0.005532486998880727,-0.8528936683883435,-0.008674670995841849,147,0.38461538461538464,13,1.0357142857142858,-0.0024006019188981473,0.007358531197897342,0.011217394387121254,0.6559929110048683
cls|eq_filt@q3,learn,B,cs,966739.0988335367,-0.0332609011664633,-0.032132604609300675,0.005665726696921565,-5.87132776860619,-0.03326975962840739,233,0.0,13,1.0357142857142858,-0.016923757877985862,0.007358531197897342,0.011217394387121254,0.6559929110048683
cls|eq_filt@q3,learn,B,ar,974461.1995726557,-0.025538800427344244,-0.024669106595212598,0.00561968176250302,-4.526554429117448,-0.025590172730789784,233,0.07692307692307693,13,1.0357142857142858,-0.012941491337143162,0.007358531197897342,0.011217394387121254,0.6559929110048683
cls|eq_filt@q3,learn,B,tick,1000696.1130656248,0.0006961130656248926,0.0006721011021255663,0.00551901479488023,0.12681321552759686,-0.005311224723762886,147,0.46153846153846156,13,1.0357142857142858,0.0003560663475188963,0.007358531197897342,0.011217394387121254,0.6559929110048683
cls|eq_filt@q3,learn,C,0.0,1014869.7972282439,0.014869797228243886,0.014353383532320185,0.005324230445659545,2.7302726927155105,-0.002599790837803595,36,0.6923076923076923,13,1.0357142857142858,0.007395503151968247,0.007395503151968247,0.011217394387121254,0.6592888594929908
cls|eq_filt@q3,learn,C,0.25,1009199.8544442549,0.009199854444254862,0.008881213588279646,0.005325678309648044,1.69450215896983,-0.0030747594702890124,58,0.6153846153846154,13,1.0357142857142858,0.004591154555187935,0.007395503151968247,0.011217394387121254,0.6592888594929908
cls|eq_filt@q3,learn,C,0.87,995274.604786123,-0.004725395213876937,-0.0045628228719594155,0.005348124152776499,-0.8687066579134044,-0.0068038419837347375,147,0.38461538461538464,13,1.0357142857142858,-0.002363629964827243,0.007395503151968247,0.011217394387121254,0.6592888594929908
cls|eq_filt@q3,learn,C,cs,966811.485023302,-0.03318851497669795,-0.03206263301551149,0.005487348208051769,-6.048944800576449,-0.03321559106924865,233,0.0,13,1.0357142857142858,-0.01688678592391496,0.007395503151968247,0.011217394387121254,0.6592888594929908
cls|eq_filt@q3,learn,C,ar,974534.1625910985,-0.025465837408901515,-0.024598596760876057,0.0054400389144623916,-4.662673134916999,-0.02549867139897377,233,0.0,13,1.0357142857142858,-0.01290451938307226,0.007395503151968247,0.011217394387121254,0.6592888594929908
cls|eq_filt@q3,learn,C,tick,1000771.0390914266,0.0007710390914266174,0.0007444416426070077,0.005336195578375424,0.14477656867294048,-0.004019408783418998,147,0.46153846153846156,13,1.0357142857142858,0.00039303830158980013,0.007395503151968247,0.011217394387121254,0.6592888594929908
cls|eq_filt@q4,full,A,0.0,1091495.0614087842,0.09149506140878416,0.021865213330473532,0.007581812363626608,2.9060481193606402,-0.009402553632555932,126,0.7,50,4.0476190476190474,0.01120935671584369,0.01120935671584369,0.014115908588882254,0.7940938867139041
cls|eq_filt@q4,full,A,0.25,1061783.701976452,0.061783701976452,0.014921463557375114,0.007575206687510614,1.9928900560529383,-0.011010678254855355,137,0.62,50,4.0476190476190474,0.007680379568623127,0.01120935671584369,0.014115908588882254,0.7940938867139041
cls|eq_filt@q4,full,A,0.87,991542.3076791643,-0.008457692320835708,-0.002096233857851959,0.007574146611608807,-0.2780654481280692,-0.01670964205890224,897,0.48,50,4.0476190476190474,-0.001071483756483872,0.01120935671584369,0.014115908588882254,0.7940938867139041
cls|eq_filt@q4,full,A,cs,844544.1531633562,-0.1554558468366437,-0.040883402549621306,0.007672319322065754,-5.531103808753901,-0.15576979095109866,992,0.1,50,4.0476190476190474,-0.021589537354626594,0.01120935671584369,0.014115908588882254,0.7940938867139041
cls|eq_filt@q4,full,A,ar,837234.5487371404,-0.16276545126285957,-0.04294101351419477,0.007675176466513821,-5.813703663528301,-0.16307214010228088,992,0.14,50,4.0476190476190474,-0.022701058985346762,0.01120935671584369,0.014115908588882254,0.7940938867139041
cls|eq_filt@q4,full,A,tick,1020901.7447630375,0.020901744763037522,0.005123815072058946,0.007572260033569515,0.6904084979239771,-0.013681385235480792,298,0.54,50,4.0476190476190474,0.0026597235834689105,0.01120935671584369,0.014115908588882254,0.7940938867139041
cls|eq_filt@q4,full,B,0.0,1051013.9865520003,0.05101398655200029,0.012368373942961641,0.007529355320762081,1.6646634747000233,-0.011423537923506255,138,0.58,50,4.0476190476190474,0.006376598896271322,0.006376598896271322,0.014115908588882254,0.4517313820871266
cls|eq_filt@q4,full,B,0.25,1022404.3391453592,0.02240433914535922,0.005489104618533025,0.007529277661698828,0.7434026956406944,-0.0130283968414463,313,0.5,50,4.0476190476190474,0.00284762174905076,0.006376598896271322,0.014115908588882254,0.4517313820871266
cls|eq_filt@q4,full,B,0.87,954767.5553334368,-0.045232444666563176,-0.011370563009023171,0.00754449242048262,-1.5382581882365722,-0.051123557968127176,907,0.36,50,4.0476190476190474,-0.005904241576056239,0.006376598896271322,0.014115908588882254,0.4517313820871266
cls|eq_filt@q4,full,B,cs,813220.3598993762,-0.18677964010062387,-0.049797531788105864,0.007679730523570653,-6.762693461053662,-0.1870926603913725,992,0.06,50,4.0476190476190474,-0.02642229517419896,0.006376598896271322,0.014115908588882254,0.4517313820871266
cls|eq_filt@q4,full,B,ar,806181.7846904313,-0.19381821530956866,-0.051836042635137414,0.007685732641473387,-7.041680063095966,-0.19412362924593118,992,0.1,50,4.0476190476190474,-0.02753381680491913,0.006376598896271322,0.014115908588882254,0.4517313820871266
cls|eq_filt@q4,full,B,tick,983038.3142772061,-0.016961685722793884,-0.004217561435630235,0.007535694154596328,-0.5668112328948097,-0.02438154911220769,907,0.42,50,4.0476190476190474,-0.0021730342361034574,0.006376598896271322,0.014115908588882254,0.4517313820871266
cls|eq_filt@q4,full,C,0.0,1025084.5575751708,0.025084557575170807,0.006139679179006485,0.007346217687254618,0.8513149085124404,-0.009468332847093808,308,0.5,50,4.0476190476190474,0.003181697516451789,0.003181697516451789,0.014115908588882254,0.22539799662330676
cls|eq_filt@q4,full,C,0.25,997180.6752748918,-0.002819324725108263,-0.0006972795715626257,0.007347891253364393,-0.09289914870835263,-0.015477739449388794,501,0.46,50,4.0476190476190474,-0.00034727963076877405,0.003181697516451789,0.014115908588882254,0.22539799662330676
cls|eq_filt@q4,full,C,0.87,931212.4152548077,-0.06878758474519231,-0.017453252294824306,0.007367817650577372,-2.42748616242801,-0.07403541923488532,897,0.32,50,4.0476190476190474,-0.009099142955875774,0.003181697516451789,0.014115908588882254,0.22539799662330676
cls|eq_filt@q4,full,C,cs,793157.1196274939,-0.2068428803725061,-0.055643858569938254,0.007513891692592424,-7.747724338902917,-0.2069868935193494,992,0.02,50,4.0476190476190474,-0.029617196554018496,0.003181697516451789,0.014115908588882254,0.22539799662330676
cls|eq_filt@q4,full,C,ar,786292.1700547324,-0.2137078299452676,-0.05766983458200592,0.0075210152057778165,-8.03087971654696,-0.21384199645726665,992,0.0,50,4.0476190476190474,-0.030728718184738667,0.003181697516451789,0.014115908588882254,0.22539799662330676
cls|eq_filt@q4,full,C,tick,958785.76453645,-0.041214235463549964,-0.010344245248500306,0.007356973983411596,-1.4341785454792912,-0.048206919716223595,897,0.38,50,4.0476190476190474,-0.005367935615922991,0.003181697516451789,0.014115908588882254,0.22539799662330676
cls|eq_filt@q4,hold,A,0.0,1065286.117870102,0.06528611787010186,0.021219820055841998,0.007986811987555884,2.677078743648922,-0.009402553632561594,126,0.7027027027027027,37,3.011904761904762,0.010877759768725204,0.010877759768725204,0.015084666386332336,0.721113711774305
cls|eq_filt@q4,hold,A,0.25,1042149.3379575661,0.042149337957566146,0.013801732808118139,0.007978968224484356,1.7506924637571533,-0.011010678254845918,137,0.6216216216216216,37,3.011904761904762,0.007106593172142119,0.010877759768725204,0.015084666386332336,0.721113711774305
cls|eq_filt@q4,hold,A,0.87,986914.9666055948,-0.013085033394405143,-0.004363563800175441,0.00797469817827425,-0.5535684130627715,-0.015255670490383344,372,0.4864864864864865,37,3.011904761904762,-0.002245899987383928,0.010877759768725204,0.015084666386332336,0.721113711774305
cls|eq_filt@q4,hold,A,cs,867129.1896383733,-0.13287081036162662,-0.04623178617617252,0.00806882057473416,-5.960548531972378,-0.13297064195377506,758,0.08108108108108109,37,3.011904761904762,-0.024468150504416062,0.010877759768725204,0.015084666386332336,0.721113711774305
cls|eq_filt@q4,hold,A,ar,863564.6206636345,-0.13643537933636551,-0.04753531924532661,0.008065612611472166,-6.1353273843286855,-0.1365073965497453,758,0.16216216216216217,37,3.011904761904762,-0.025175607410740725,0.010877759768725204,0.015084666386332336,0.721113711774305
cls|eq_filt@q4,hold,A,tick,1010520.0374393217,0.010520037439321728,0.003480617636440808,0.007974213515554555,0.4470094902244714,-0.013681385235473575,298,0.5405405405405406,37,3.011904761904762,0.0018134661775178734,0.010877759768725204,0.015084666386332336,0.721113711774305
cls|eq_filt@q4,hold,B,0.0,1032193.1557901503,0.03219315579015025,0.01057572365930759,0.007927410671281186,1.3532507757041174,-0.011423537923499483,138,0.5945945945945946,37,3.011904761904762,0.005457760805981057,0.005457760805981057,0.015084666386332336,0.3618085190751142
cls|eq_filt@q4,hold,B,0.25,1009774.9360172263,0.009774936017226343,0.0032348949813498784,0.007926624211155553,0.41823221205908107,-0.013028396841440637,313,0.4864864864864865,37,3.011904761904762,0.0016865942093979736,0.005457760805981057,0.015084666386332336,0.3618085190751142
cls|eq_filt@q4,hold,B,0.87,956255.997878523,-0.043744002121477,-0.01474121019266561,0.007939956001447515,-1.8977549716427535,-0.04457021949004103,743,0.32432432432432434,37,3.011904761904762,-0.007665898950128076,0.005457760805981057,0.015084666386332336,0.3618085190751142
cls|eq_filt@q4,hold,B,cs,840190.5485810147,-0.15980945141898528,-0.05617336022157282,0.008075081640170106,-7.275238717142252,-0.15989735972254948,758,0.05405405405405406,37,3.011904761904762,-0.029888149467160213,0.005457760805981057,0.015084666386332336,0.3618085190751142
cls|eq_filt@q4,hold,B,ar,836736.650924766,-0.163263349075234,-0.05746333110418478,0.008075142560580608,-7.44738850572043,-0.16332434249203032,758,0.10810810810810811,37,3.011904761904762,-0.030595606373484872,0.005457760805981057,0.015084666386332336,0.3618085190751142
cls|eq_filt@q4,hold,B,tick,979127.9551970063,-0.02087204480299365,-0.006978726058515905,0.007931806507368796,-0.8937435420360988,-0.02235029349424844,743,0.40540540540540543,37,3.011904761904762,-0.0036065327852262746,0.005457760805981057,0.015084666386332336,0.3618085190751142
cls|eq_filt@q4,hold,C,0.0,1010402.2851677275,0.010402285167727454,0.0034417928548877708,0.007732968461560964,0.45562268362047537,-0.009468332847081484,308,0.4864864864864865,37,3.011904761904762,0.0017924887275177583,0.0017924887275177583,0.015084666386332336,0.11882852968772759
cls|eq_filt@q4,hold,C,0.25,988457.2781741753,-0.01154272182582472,-0.0038472361469601424,0.007734619093881327,-0.5028417265578761,-0.014855294137593678,360,0.43243243243243246,37,3.011904761904762,-0.0019786778690653243,0.0017924887275177583,0.015084666386332336,0.11882852968772759
cls|eq_filt@q4,hold,C,0.87,936068.0450801426,-0.06393195491985748,-0.021696494432916547,0.007754360200278348,-2.8722614372491644,-0.06409224533608104,758,0.2702702702702703,37,3.011904761904762,-0.011331171028591373,0.0017924887275177583,0.015084666386332336,0.11882852968772759
cls|eq_filt@q4,hold,C,cs,822452.6660910797,-0.1775473339089203,-0.06283625126561687,0.007903131267448066,-8.345123364169275,-0.1776123392687421,758,0.02702702702702703,37,3.011904761904762,-0.03355342154562352,0.0017924887275177583,0.015084666386332336,0.11882852968772759
cls|eq_filt@q4,hold,C,ar,819071.6415799042,-0.1809283584200958,-0.06411713260488838,0.00790545396574067,-8.518572491471067,-0.18096317258707662,758,0.0,37,3.011904761904762,-0.034260878451948175,0.0017924887275177583,0.015084666386332336,0.11882852968772759
cls|eq_filt@q4,hold,C,tick,958457.205538465,-0.04154279446153508,-0.013988786726289115,0.007743506412082975,-1.845863989699123,-0.04174533966919336,755,0.32432432432432434,37,3.011904761904762,-0.007271804863689573,0.0017924887275177583,0.015084666386332336,0.11882852968772759
cls|eq_filt@q4,learn,A,0.0,1024602.727003592,0.024602727003592006,0.023744365295982117,0.006253702357971944,3.826977970984592,-0.00347123554337625,28,0.6923076923076923,13,1.0357142857142858,0.012175814591500321,0.012175814591500321,0.011292409726527378,1.078229969188747
cls|eq_filt@q4,learn,A,0.25,1018840.2595518662,0.01884025955186619,0.018184724565008192,0.006251508563194623,2.9406807709854768,-0.0036832274978196855,29,0.6153846153846154,13,1.0357142857142858,0.009352712159868477,0.012175814591500321,0.011292409726527378,1.078229969188747
cls|eq_filt@q4,learn,A,0.87,1004688.6927751015,0.004688692775101533,0.004526648342503714,0.006262163438155215,0.7380751909203588,-0.007902736182883507,138,0.46153846153846156,13,1.0357142857142858,0.0023514181294215005,0.012175814591500321,0.011292409726527378,1.078229969188747
cls|eq_filt@q4,learn,A,cs,973954.2426377938,-0.026045757362206268,-0.02515902350222554,0.006376314903333399,-4.069003545544756,-0.027569226031131433,233,0.15384615384615385,13,1.0357142857142858,-0.0131996580938001,0.012175814591500321,0.011292409726527378,1.078229969188747
cls|eq_filt@q4,learn,A,ar,969510.0154678964,-0.03048998453210361,-0.02945424659547269,0.006401934160387767,-4.755575553258462,-0.031772045018216954,233,0.07692307692307693,13,1.0357142857142858,-0.015488848996087856,0.012175814591500321,0.011292409726527378,1.078229969188747
cls|eq_filt@q4,learn,A,tick,1010273.6283686644,0.010273628368664411,0.00991761448136863,0.006255145540900187,1.610839499572891,-0.005485845332455552,137,0.5384615384615384,13,1.0357142857142858,0.005126188193355339,0.012175814591500321,0.011292409726527378,1.078229969188747
cls|eq_filt@q4,learn,B,0.0,1018233.8263494683,0.01823382634946835,0.017599573578359617,0.006225697381317919,2.858752760563565,-0.00371521914356876,35,0.5384615384615384,13,1.0357142857142858,0.009054603976025616,0.009054603976025616,0.011292409726527378,0.8018309816331888
cls|eq_filt@q4,learn,B,0.25,1012507.1465706918,0.012507146570691852,0.012073272769103749,0.00622815716799572,1.9666554817533823,-0.00509646198653757,115,0.5384615384615384,13,1.0357142857142858,0.006231501544393776,0.009054603976025616,0.011292409726527378,0.8018309816331888
cls|eq_filt@q4,learn,B,0.87,998443.468539393,-0.0015565314606069691,-0.0015028983154523612,0.00625038248395088,-0.24208184290663354,-0.01128167337524666,148,0.46153846153846156,13,1.0357142857142858,-0.0007697924860532001,0.009054603976025616,0.011292409726527378,0.8018309816331888
cls|eq_filt@q4,learn,B,cs,967899.914219232,-0.03210008578076795,-0.03101053247246155,0.006387474644965019,-5.022376027784018,-0.03329859825123316,233,0.07692307692307693,13,1.0357142857142858,-0.0163208687092748,0.009054603976025616,0.011292409726527378,0.8018309816331888
cls|eq_filt@q4,learn,B,ar,963483.2940560434,-0.03651670594395662,-0.03527999208473642,0.006415911053968392,-5.701440195287904,-0.037476042453897795,233,0.07692307692307693,13,1.0357142857142858,-0.01861005961156256,0.009054603976025616,0.011292409726527378,0.8018309816331888
cls|eq_filt@q4,learn,B,tick,1003993.7161015993,0.003993716101599265,0.003855736604793103,0.006239169259245687,0.6316520298342807,-0.008589243480920605,148,0.46153846153846156,13,1.0357142857142858,0.002004977577880639,0.009054603976025616,0.011292409726527378,0.8018309816331888
cls|eq_filt@q4,learn,C,0.0,1014531.1155991872,0.014531115599187183,0.014026545093914988,0.006080079569420801,2.3375541467104126,-0.0038254997562319204,58,0.5384615384615384,13,1.0357142857142858,0.007230624343624772,0.007230624343624772,0.011292409726527378,0.6403083592192966
cls|eq_filt@q4,learn,C,0.25,1008825.2646759108,0.008825264675910827,0.008519652587578364,0.006081741583412195,1.4244973995347952,-0.005925523672931865,138,0.5384615384615384,13,1.0357142857142858,0.0044075219119929275,0.007230624343624772,0.011292409726527378,0.6403083592192966
cls|eq_filt@q4,learn,C,0.87,994812.7383998899,-0.005187261600110071,-0.005008839241919638,0.006102382880197154,-0.8354635518819761,-0.013097733821154978,138,0.46153846153846156,13,1.0357142857142858,-0.002593772118454049,0.007230624343624772,0.011292409726527378,0.6403083592192966
cls|eq_filt@q4,learn,C,cs,964380.264456054,-0.03561973554394604,-0.03441285397534566,0.00623987716617671,-5.715739741436382,-0.03654845565021203,233,0.0,13,1.0357142857142858,-0.018144848341675648,0.007230624343624772,0.011292409726527378,0.6403083592192966
cls|eq_filt@q4,learn,C,ar,959979.7259957091,-0.04002027400429098,-0.03866730213495939,0.0062653876901827025,-6.410640414298646,-0.04071177522545155,233,0.0,13,1.0357142857142858,-0.020434039243963406,0.007230624343624772,0.011292409726527378,0.6403083592192966
cls|eq_filt@q4,learn,C,tick,1000342.7998622132,0.00034279986221319447,0.000330977221340234,0.006091578823206233,0.05840350621086093,-0.00954907343024125,138,0.5384615384615384,13,1.0357142857142858,0.0001809979454797895,0.007230624343624772,0.011292409726527378,0.6403083592192966
cls|eq_filt@q5,full,A,0.0,1162087.9126454731,0.16208791264547306,0.03781003708604014,0.009121324711493826,4.143851952110606,-0.00658334245762171,40,0.82,50,4.0476190476190474,0.019229456253336587,0.019229456253336587,0.014283721781150035,1.3462497063414767
cls|eq_filt@q5,full,A,0.25,1130084.3082158037,0.13008430821580363,0.030674432390509265,0.009111942849585268,3.377808535059255,-0.006747177052198738,84,0.76,50,4.0476190476190474,0.01565852580804908,0.019229456253336587,0.014283721781150035,1.3462497063414767
cls|eq_filt@q5,full,A,0.87,1054466.62542504,0.054466625425040105,0.013188999792203004,0.00910146738442289,1.4691286550900977,-0.013174806962601315,250,0.68,50,4.0476190476190474,0.0068026183037360535,0.019229456253336587,0.014283721781150035,1.3462497063414767
cls|eq_filt@q5,full,A,cs,863142.7750224359,-0.13685722497756403,-0.03570780377921867,0.009189505996646764,-4.020745252390599,-0.1403151745955995,958,0.14,50,4.0476190476190474,-0.018797650899385638,0.019229456253336587,0.014283721781150035,1.3462497063414767
cls|eq_filt@q5,full,A,ar,755249.7314002814,-0.2447502685997186,-0.06700094902603049,0.009319038537656444,-7.566139006800868,-0.24551805570698937,991,0.04,50,4.0476190476190474,-0.03587156134800719,0.019229456253336587,0.014283721781150035,1.3462497063414767
cls|eq_filt@q5,full,A,tick,1073070.7425843666,0.07307074258436663,0.017576350756176806,0.009104965737504916,1.951354690466903,-0.009639976494108748,208,0.72,50,4.0476190476190474,0.009038979242175752,0.019229456253336587,0.014283721781150035,1.3462497063414767
cls|eq_filt@q5,full,B,0.0,1063566.9155928541,0.06356691559285421,0.015342311992624813,0.009052038452197441,1.7157008685849542,-0.010226364820573486,234,0.68,50,4.0476190476190474,0.00790119568320083,0.00790119568320083,0.014283721781150035,0.5531608501103609
cls|eq_filt@q5,full,B,0.25,1034276.1235833606,0.03427612358336063,0.008361083471867037,0.009053274583714877,0.9401647186260238,-0.014444649216876604,308,0.68,50,4.0476190476190474,0.004330265237913322,0.00790119568320083,0.014283721781150035,0.5531608501103609
cls|eq_filt@q5,full,B,0.87,965068.2869894111,-0.03493171301058884,-0.008746055192183633,0.009069218503212123,-0.9808565573411449,-0.04511734084979557,907,0.44,50,4.0476190476190474,-0.0045256422663997025,0.00790119568320083,0.014283721781150035,0.5531608501103609
cls|eq_filt@q5,full,B,cs,789962.614224648,-0.21003738577535203,-0.05658496802579893,0.009233638523791691,-6.413018165256817,-0.21107258854694,973,0.06,50,4.0476190476190474,-0.030125911469521396,0.00790119568320083,0.014283721781150035,0.5531608501103609
cls|eq_filt@q5,full,B,ar,691215.7006124113,-0.3087842993875888,-0.08720106791855253,0.009412992884108717,-9.856160639293464,-0.30940678747384276,991,0.02,50,4.0476190476190474,-0.047199821918142953,0.00790119568320083,0.014283721781150035,0.5531608501103609
cls|eq_filt@q5,full,B,tick,982095.4406760664,-0.017904559323933533,-0.004453611836251148,0.009064665198841162,-0.49641230862155233,-0.029266079661139477,907,0.46,50,4.0476190476190474,-0.002289281327960005,0.00790119568320083,0.014283721781150035,0.5531608501103609
cls|eq_filt@q5,full,C,0.0,1026106.3880033117,0.026106388003311665,0.006387372827194815,0.00883610995369763,0.7374756923076923,-0.01840249315700404,333,0.56,50,4.0476190476190474,0.0033152301106074743,0.0033152301106074743,0.014283721781150035,0.23209847975214154
cls|eq_filt@q5,full,C,0.25,997847.2507079204,-0.0021527492920796476,-0.0005322872912095766,0.008837410696463805,-0.0568723798304617,-0.02311530625703495,722,0.52,50,4.0476190476190474,-0.00025570033468003416,0.0033152301106074743,0.014283721781150035,0.23209847975214154
cls|eq_filt@q5,full,C,0.87,931076.9937372921,-0.06892300626270786,-0.01748855567489771,0.008853828528714204,-2.0228284645722296,-0.07754684472825268,907,0.26,50,4.0476190476190474,-0.009111607838993058,0.0033152301106074743,0.014283721781150035,0.23209847975214154
cls|eq_filt@q5,full,C,cs,762138.7933505931,-0.2378612066494069,-0.06490555803033538,0.009021029739897378,-7.56340101753804,-0.23895129029515816,958,0.02,50,4.0476190476190474,-0.03471187704211476,0.0033152301106074743,0.014283721781150035,0.23209847975214154
cls|eq_filt@q5,full,C,ar,666869.885061248,-0.333130114938752,-0.09525164409475317,0.009204030129715376,-11.059301464383516,-0.33362797540730416,992,0.0,50,4.0476190476190474,-0.051785787490736306,0.0033152301106074743,0.014283721781150035,0.23209847975214154
cls|eq_filt@q5,full,C,tick,947504.4313300367,-0.0524955686699633,-0.013233967983019679,0.008849141008596016,-1.527152216763216,-0.06224196677514959,907,0.34,50,4.0476190476190474,-0.006875246900553361,0.0033152301106074743,0.014283721781150035,0.23209847975214154
cls|eq_filt@q5,hold,A,0.0,1120469.4979854296,0.1204694979854295,0.038488266082842726,0.009317542431741967,4.125754814406563,-0.006583342457619712,40,0.8378378378378378,37,3.011904761904762,0.019557333916461563,0.019557333916461563,0.015212592223567788,1.2856016666352743
cls|eq_filt@q5,hold,A,0.25,1095930.2420152866,0.09593024201528655,0.030881048115615872,0.009306740061889404,3.327311982671729,-0.006747177052197961,84,0.7567567567567568,37,3.011904761904762,0.01575418586056962,0.019557333916461563,0.015212592223567788,1.2856016666352743
cls|eq_filt@q5,hold,A,0.87,1037366.6068163876,0.03736660681638759,0.012254610393960919,0.00929301326623793,1.3372699662879892,-0.013174806962583552,250,0.6756756756756757,37,3.011904761904762,0.006322378681957588,0.019557333916461563,0.015212592223567788,1.2856016666352743
cls|eq_filt@q5,hold,A,cs,887537.1463863307,-0.11246285361366926,-0.03883685079892096,0.009369853754106282,-4.293605603525992,-0.11634609152378306,733,0.08108108108108109,37,3.011904761904762,-0.02046726525379008,0.019557333916461563,0.015212592223567788,1.2856016666352743
cls|eq_filt@q5,hold,A,ar,795847.3751460097,-0.20415262485399022,-0.0730124063790284,0.00950471136287786,-8.10537869692697,-0.20457931543061902,747,0.02702702702702703,37,3.011904761904762,-0.0391937754380901,0.019557333916461563,0.015212592223567788,1.2856016666352743
cls|eq_filt@q5,hold,A,tick,1053414.9178734284,0.05341491787342845,0.01742728323474707,0.00929688082584732,1.89415093054623,-0.009639976494118296,208,0.7297297297297297,37,3.011904761904762,0.00895894152800982,0.019557333916461563,0.015212592223567788,1.2856016666352743
cls|eq_filt@q5,hold,B,0.0,1043921.3989254363,0.04392139892543634,0.01437375649996131,0.00924419771846431,1.5742997238654441,-0.010226364820571932,234,0.6756756756756757,37,3.011904761904762,0.007403916318445223,0.007403916318445223,0.015212592223567788,0.48669656095657793
cls|eq_filt@q5,hold,B,0.25,1021058.2654454376,0.02105826544543765,0.006943070328570666,0.00924475979764341,0.7655872355579098,-0.014444649216869054,308,0.6756756756756757,37,3.011904761904762,0.003600768262553277,0.007403916318445223,0.015212592223567788,0.48669656095657793
cls|eq_filt@q5,hold,B,0.87,966494.77654768,-0.03350522345231999,-0.011251121909209294,0.009259318751646876,-1.2378329767907092,-0.04201876088784828,721,0.43243243243243246,37,3.011904761904762,-0.005831038916058754,0.007403916318445223,0.015212592223567788,0.48669656095657793
cls|eq_filt@q5,hold,B,cs,826899.5108919456,-0.17310048910805442,-0.06115693425502522,0.009416749810548597,-6.809059973291917,-0.17343164084172857,758,0.02702702702702703,37,3.011904761904762,-0.03262068285180642,0.007403916318445223,0.015212592223567788,0.48669656095657793
cls|eq_filt@q5,hold,B,ar,741472.8226945068,-0.2585271773054931,-0.094539383917712,0.009606892196484404,-10.505795273595865,-0.25878296759452046,758,0.0,37,3.011904761904762,-0.051347193036106444,0.007403916318445223,0.015212592223567788,0.48669656095657793
cls|eq_filt@q5,hold,B,tick,981446.9552125729,-0.01855304478742703,-0.006198473158847029,0.009253779454627627,-0.6785402865922835,-0.02892893023718257,721,0.43243243243243246,37,3.011904761904762,-0.0031944760700065205,0.007403916318445223,0.015212592223567788,0.48669656095657793
cls|eq_filt@q5,hold,C,0.0,1010082.6729435282,0.01008267294352816,0.003336396425008381,0.00904292291188385,0.3790261565503688,-0.018402493156986832,333,0.5405405405405406,37,3.011904761904762,0.0017437445641395016,0.0017437445641395016,0.015212592223567788,0.11462507760104436
cls|eq_filt@q5,hold,C,0.25,987960.6128632284,-0.012039387136771551,-0.004013448589302082,0.009044370791242838,-0.44756717706753285,-0.023115306257032175,722,0.4864864864864865,37,3.011904761904762,-0.002059403491752445,0.0017437445641395016,0.015212592223567788,0.11462507760104436
cls|eq_filt@q5,hold,C,0.87,935165.7190297454,-0.06483428097025457,-0.02200969917246154,0.009061413632630038,-2.492671078641909,-0.06893947875744721,722,0.1891891891891892,37,3.011904761904762,-0.011491210670364476,0.0017437445641395016,0.015212592223567788,0.11462507760104436
cls|eq_filt@q5,hold,C,cs,800095.2645272447,-0.19990473547275522,-0.07137255880860582,0.009227631329569087,-8.154297145862223,-0.20022412743278917,758,0.0,37,3.011904761904762,-0.038280854606112136,0.0017437445641395016,0.015212592223567788,0.11462507760104436
cls|eq_filt@q5,hold,C,ar,717437.6309298835,-0.28256236907011656,-0.10439180557038708,0.009423513483081949,-11.89085964945074,-0.282808947473841,758,0.0,37,3.011904761904762,-0.057007364790412164,0.0017437445641395016,0.015212592223567788,0.11462507760104436
cls|eq_filt@q5,hold,C,tick,949633.229046749,-0.05036677095325104,-0.017012025470283465,0.009055750978292854,-1.921949466718793,-0.056147285118388846,722,0.2972972972972973,37,3.011904761904762,-0.008854647824312244,0.0017437445641395016,0.015212592223567788,0.11462507760104436
cls|eq_filt@q5,learn,A,0.0,1037143.7283521562,0.03714372835215629,0.035840231928302435,0.008523918293040462,4.213913789556456,-0.005189162035313499,29,0.7692307692307693,13,1.0357142857142858,0.01827383843920214,0.01827383843920214,0.01157647684919196,1.5785319382794478
cls|eq_filt@q5,learn,A,0.25,1031164.452709808,0.031164452709808055,0.03007381964708089,0.008519045438813879,3.548563783293052,-0.005224575785120367,54,0.7692307692307693,13,1.0357142857142858,0.015379719226904152,0.01827383843920214,0.01157647684919196,1.5785319382794478
cls|eq_filt@q5,learn,A,0.87,1016484.0650318987,0.016484065031898698,0.01591115113930286,0.008518855054145194,1.8925604221660395,-0.008062989974747414,93,0.6923076923076923,13,1.0357142857142858,0.008202303580405133,0.01827383843920214,0.01157647684919196,1.5785319382794478
cls|eq_filt@q5,learn,A,cs,972514.5347851379,-0.02748546521486217,-0.026550387313164947,0.008642294329082518,-3.168567189030005,-0.0319426814605519,199,0.3076923076923077,13,1.0357142857142858,-0.013931466345681189,0.01827383843920214,0.01157647684919196,1.5785319382794478
cls|eq_filt@q5,learn,A,ar,948988.1539933651,-0.05101184600663489,-0.04929691779522716,0.008754267180413593,-5.880180422621564,-0.052294402775242776,232,0.07692307692307693,13,1.0357142857142858,-0.026188782299891373,0.01827383843920214,0.01157647684919196,1.5785319382794478
cls|eq_filt@q5,learn,A,tick,1018659.1478603723,0.01865914786037237,0.01800997007996452,0.008521219122041073,2.1388420482980846,-0.007570313227795,90,0.6923076923076923,13,1.0357142857142858,0.009272253643153814,0.01827383843920214,0.01157647684919196,1.5785319382794478
cls|eq_filt@q5,learn,B,0.0,1018818.96154982,0.01881896154981999,0.018164174200297367,0.008467327770216398,2.170629302082152,-0.007747940425243294,76,0.6923076923076923,13,1.0357142857142858,0.009350544245200269,0.009350544245200269,0.01157647684919196,0.8077193404358545
cls|eq_filt@q5,learn,B,0.25,1012945.2535523727,0.012945253552372638,0.01249608819813175,0.00847067435504006,1.4981981968320754,-0.008901865501410477,125,0.6923076923076923,13,1.0357142857142858,0.006456425032902279,0.009350544245200269,0.01157647684919196,0.8077193404358545
cls|eq_filt@q5,learn,B,0.87,998524.0586986326,-0.0014759413013674116,-0.001425083055745291,0.008490913759666461,-0.1669053755813224,-0.013059012602242182,148,0.46153846153846156,13,1.0357142857142858,-0.0007209906135967377,0.009350544245200269,0.01157647684919196,0.8077193404358545
cls|eq_filt@q5,learn,B,cs,955330.851958711,-0.044669148041288964,-0.0431625721753961,0.008677359755972896,-5.177072125640394,-0.046328847012622854,214,0.15384615384615385,13,1.0357142857142858,-0.022854760539683057,0.009350544245200269,0.01157647684919196,0.8077193404358545
cls|eq_filt@q5,learn,B,ar,932219.8730096931,-0.06778012699030689,-0.0655212110388278,0.008821633946712313,-7.8235277017040445,-0.0687465497853369,232,0.07692307692307693,13,1.0357142857142858,-0.035112076493893245,0.009350544245200269,0.01157647684919196,0.8077193404358545
cls|eq_filt@q5,learn,B,tick,1000660.7442817194,0.000660744281719472,0.0006379527300668375,0.008489597364324844,0.08079472604147545,-0.012115186657582155,148,0.5384615384615384,13,1.0357142857142858,0.0003489594491519425,0.009350544245200269,0.01157647684919196,0.8077193404358545
cls|eq_filt@q5,learn,C,0.0,1015863.7658965966,0.01586376589659655,0.015312572889458975,0.008203532566793958,1.8917732317448492,-0.006308642513655371,63,0.6153846153846154,13,1.0357142857142858,0.007895412757228288,0.007895412757228288,0.01157647684919196,0.6820220745985761
cls|eq_filt@q5,learn,C,0.25,1010007.1174052585,0.010007117405258503,0.009660383059349797,0.008204258234284466,1.1982244233652368,-0.007355756306941408,143,0.6153846153846154,13,1.0357142857142858,0.0050012935449303,0.007895412757228288,0.01157647684919196,0.6820220745985761
cls|eq_filt@q5,learn,C,0.87,995627.8066985853,-0.004372193301414695,-0.004221746718399255,0.008218399876240725,-0.5204645268246596,-0.014559631890363467,148,0.46153846153846156,13,1.0357142857142858,-0.0021761221015687174,0.007895412757228288,0.01157647684919196,0.6820220745985761
cls|eq_filt@q5,learn,C,cs,952560.0602084717,-0.047439939791528274,-0.04584217242446842,0.008388423998872171,-5.696364868535885,-0.04885190230962999,199,0.07692307692307693,13,1.0357142857142858,-0.024309892027655038,0.007895412757228288,0.01157647684919196,0.6820220745985761
cls|eq_filt@q5,learn,C,ar,929516.1785658008,-0.07048382143419918,-0.06813813118827439,0.008528827435288459,-8.427477816207372,-0.07110690533982889,233,0.0,13,1.0357142857142858,-0.03656720798186522,0.007895412757228288,0.01157647684919196,0.6820220745985761
cls|eq_filt@q5,learn,C,tick,997758.2948325732,-0.002241705167426833,-0.002164488708424228,0.00821706594961538,-0.26460682837849586,-0.013675573053109402,148,0.46153846153846156,13,1.0357142857142858,-0.0011061720388200337,0.007895412757228288,0.01157647684919196,0.6820220745985761
cls|eq_sign,full,A,0.0,2157953.7781561753,1.1579537781561755,0.20928330636112058,0.031046565502800307,6.242339509267859,-0.020394265758496677,37,0.96,50,4.0476190476190474,0.09859747785164985,0.09859747785164985,0.30966468345731624,0.31840078355348
cls|eq_sign,full,A,0.25,1177901.6349490408,0.17790163494904077,0.04128140270700986,0.03101649595164907,1.3423172327131987,-0.04529542732134084,465,0.68,50,4.0476190476190474,0.02118130698732077,0.09859747785164985,0.30966468345731624,0.31840078355348
cls|eq_sign,full,A,0.87,262432.55302980193,-0.737567446970198,-0.2814397351240191,0.031098768822643535,-10.796109132769098,-0.7398243821391062,1017,0.0,50,4.0476190476190474,-0.1708107967562153,0.09859747785164985,0.30966468345731624,0.31840078355348
cls|eq_sign,full,A,cs,5574.375651091498,-0.9944256243489085,-0.722554367504316,0.03250235278385777,-40.113196950615965,-0.994430712358809,1019,0.0,50,4.0476190476190474,-0.663295318771514,0.09859747785164985,0.30966468345731624,0.31840078355348
cls|eq_sign,full,A,ar,27733.78071283597,-0.9722662192871641,-0.5875876572982743,0.031746987975769275,-28.366577967975935,-0.9722872535376985,1019,0.0,50,4.0476190476190474,-0.4581570053230839,0.09859747785164985,0.30966468345731624,0.31840078355348
cls|eq_sign,full,A,tick,430802.2442878289,-0.569197755712171,-0.18783336821443242,0.031053251521025716,-6.800292781645597,-0.5734365280699055,1017,0.04,50,4.0476190476190474,-0.10743345653492893,0.09859747785164985,0.30966468345731624,0.31840078355348
cls|eq_sign,full,B,0.0,1552315.8722191136,0.5523158722191137,0.11476498341137953,0.030737256337117918,3.6112090520582347,-0.023377977106446624,60,0.84,50,4.0476190476190474,0.05647062389094147,0.05647062389094147,0.30966468345731624,0.18236055613595764
cls|eq_sign,full,B,0.25,847312.74751658,-0.15268725248341997,-0.04010756024886808,0.030747143867599185,-1.339004601798982,-0.17219955029623424,910,0.34,50,4.0476190476190474,-0.02094554697338759,0.05647062389094147,0.30966468345731624,0.18236055613595764
cls|eq_sign,full,B,0.87,188774.9545051429,-0.8112250454948571,-0.3376070996720164,0.030929486216879618,-13.532402165179303,-0.8126651531253237,1017,0.0,50,4.0476190476190474,-0.21293765071692367,0.05647062389094147,0.30966468345731624,0.18236055613595764
cls|eq_sign,full,B,cs,4009.6067281647825,-0.9959903932718353,-0.7442444038804436,0.03259128409431053,-42.544436687737374,-0.9959930930997545,1019,0.0,50,4.0476190476190474,-0.7054221727322225,0.05647062389094147,0.30966468345731624,0.18236055613595764
cls|eq_sign,full,B,ar,19949.085960527937,-0.9800509140394721,-0.619827256493833,0.03173895898044427,-30.982678241403917,-0.9800643102827934,1019,0.0,50,4.0476190476190474,-0.5002838592837924,0.05647062389094147,0.30966468345731624,0.18236055613595764
cls|eq_sign,full,B,tick,309889.9266863459,-0.690110073313654,-0.25131641120648474,0.030847592929049386,-9.529941184920972,-0.692858523335955,1017,0.0,50,4.0476190476190474,-0.14956031049563728,0.05647062389094147,0.30966468345731624,0.18236055613595764
cls|eq_sign,full,C,0.0,1228456.6300165239,0.22845663001652383,0.052148727116178684,0.030361419953693392,1.7185031096357917,-0.02838339478050489,104,0.72,50,4.0476190476190474,0.026544665549135257,0.026544665549135257,0.30966468345731624,0.08572067454632468
cls|eq_sign,full,C,0.25,670536.439501197,-0.329463560498803,-0.09402519871504433,0.030377191862148534,-3.2917141025185135,-0.33390328659049084,1015,0.18,50,4.0476190476190474,-0.0508715053151938,0.026544665549135257,0.30966468345731624,0.08572067454632468
cls|eq_sign,full,C,0.87,149389.58574272558,-0.8506104142572743,-0.37481499871701685,0.030575940438790562,-15.612690995440794,-0.8510749095819268,1018,0.0,50,4.0476190476190474,-0.24286360905872992,0.026544665549135257,0.30966468345731624,0.08572067454632468
cls|eq_sign,full,C,cs,3173.0171870490303,-0.996826982812951,-0.7586114218333313,0.03226160845137058,-44.80248678914536,-0.9968301264143941,1019,0.0,50,4.0476190476190474,-0.7353481310740286,0.026544665549135257,0.30966468345731624,0.08572067454632468
cls|eq_sign,full,C,ar,15786.923706705147,-0.9842130762932948,-0.6411825937656745,0.03136742474127106,-33.224927647746874,-0.9842288180011011,1019,0.0,50,4.0476190476190474,-0.5302098176255985,0.026544665549135257,0.30966468345731624,0.08572067454632468
cls|eq_sign,full,C,tick,245236.01637942894,-0.7547639836205711,-0.29337108662324574,0.030489248399242726,-11.571233419963267,-0.7556582139035323,1018,0.0,50,4.0476190476190474,-0.17948626883744354,0.026544665549135257,0.30966468345731624,0.08572067454632468
cls|eq_sign,hold,A,0.0,1745568.1325576429,0.7455681325576429,0.20316958343734437,0.03233871122035394,5.831409179638849,-0.020394265758497232,37,0.972972972972973,37,3.011904761904762,0.09594030192717841,0.09594030192717841,0.3139112130519639,0.3056287827198347
cls|eq_sign,hold,A,0.25,1105318.37796282,0.10531837796281995,0.03380469784646878,0.03230230452829175,1.0625956220635622,-0.045295427321336734,465,0.6486486486486487,37,3.011904761904762,0.017462498664187417,0.09594030192717841,0.3139112130519639,0.3056287827198347
cls|eq_sign,hold,A,0.87,355893.2586371093,-0.6441067413628907,-0.29037147082282233,0.03236501928867625,-10.759471988943746,-0.6457004314457797,758,0.0,37,3.011904761904762,-0.17716245342803025,0.09594030192717841,0.3139112130519639,0.3056287827198347
cls|eq_sign,hold,A,cs,19187.940978507137,-0.9808120590214928,-0.7308847712890347,0.03371581070180763,-39.56545505377992,-0.9808080730347355,758,0.0,37,3.011904761904762,-0.6786637123138596,0.09594030192717841,0.3139112130519639,0.3056287827198347
cls|eq_sign,hold,A,ar,71605.51206698589,-0.9283944879330142,-0.5832994061433583,0.032921214525194115,-27.01854883422806,-0.9283703582013183,758,0.0,37,3.011904761904762,-0.4525251538110781,0.09594030192717841,0.3139112130519639,0.3056287827198347
cls|eq_sign,hold,A,tick,523381.5109159754,-0.4766184890840246,-0.19342778829451834,0.032324720375695004,-6.745231055645988,-0.4794474722940886,758,0.02702702702702703,37,3.011904761904762,-0.11092679474115312,0.09594030192717841,0.3139112130519639,0.3056287827198347
cls|eq_sign,hold,B,0.0,1349526.8967563584,0.3495268967563585,0.10464398235669536,0.03198950436711017,3.1792139598780573,-0.023377977106447845,60,0.8378378378378378,37,3.011904761904762,0.05174067910739557,0.05174067910739557,0.3139112130519639,0.1648258391420716
cls|eq_sign,hold,B,0.25,854534.4371267004,-0.1454655628732996,-0.05085374699690137,0.031993675404598236,-1.6426525110236323,-0.1593169292792448,465,0.2702702702702703,37,3.011904761904762,-0.026737124155595402,0.05174067910739557,0.3139112130519639,0.1648258391420716
cls|eq_sign,hold,B,0.87,275141.173781328,-0.7248588262186719,-0.34848623819321034,0.03215818809055808,-13.530280246120372,-0.7259343868796708,758,0.0,37,3.011904761904762,-0.22136207624781304,0.05174067910739557,0.3139112130519639,0.1648258391420716
cls|eq_sign,hold,B,cs,14833.63380323731,-0.9851663661967627,-0.7529270078989038,0.033772317199248204,-42.0717406850104,-0.9851572668158701,758,0.0,37,3.011904761904762,-0.7228633351336422,0.05174067910739557,0.3139112130519639,0.1648258391420716
cls|eq_sign,hold,B,ar,55357.01272957685,-0.9446429872704232,-0.6174277654009496,0.03287324799148436,-29.700813901885866,-0.9446100436859644,758,0.0,37,3.011904761904762,-0.496724776630861,0.05174067910739557,0.3139112130519639,0.1648258391420716
cls|eq_sign,hold,B,tick,404628.5364151653,-0.5953714635848347,-0.25948041657796983,0.03207967374354688,-9.504974670109055,-0.5973285965165924,758,0.0,37,3.011904761904762,-0.15512641756093593,0.05174067910739557,0.3139112130519639,0.1648258391420716
cls|eq_sign,hold,C,0.0,1122862.445309181,0.12286244530918111,0.03922410700359724,0.031601246207365125,1.2536832850174486,-0.028383394780503113,104,0.6756756756756757,37,3.011904761904762,0.02015565433246576,0.02015565433246576,0.3139112130519639,0.06420813750647783
cls|eq_sign,hold,C,0.25,711006.3916489722,-0.28899360835102783,-0.10706537926222193,0.03161657093566397,-3.6258839129365223,-0.29004163566879415,758,0.08108108108108109,37,3.011904761904762,-0.058322148930525224,0.02015565433246576,0.3139112130519639,0.06420813750647783
cls|eq_sign,hold,C,0.87,228926.912727546,-0.771073087272454,-0.38707232471668274,0.031810408890566196,-15.629878367195483,-0.7711528112467931,758,0.0,37,3.011904761904762,-0.2529471010227428,0.02015565433246576,0.3139112130519639,0.06420813750647783
cls|eq_sign,hold,C,cs,12341.935710181971,-0.9876580642898181,-0.7675609599690751,0.03347726264245183,-44.297041609244324,-0.9876518497004463,758,0.0,37,3.011904761904762,-0.7544483599085721,0.02015565433246576,0.3139112130519639,0.06420813750647783
cls|eq_sign,hold,C,ar,46058.738853760646,-0.9539412611462393,-0.640086228417343,0.03252539817804548,-31.92722622360298,-0.9539195268393729,758,0.0,37,3.011904761904762,-0.5283098014057908,0.02015565433246576,0.3139112130519639,0.06420813750647783
cls|eq_sign,hold,C,tick,336665.50588514254,-0.6633344941148575,-0.30333744650939665,0.03172318980780191,-11.568824360944904,-0.6635828903110923,758,0.0,37,3.011904761904762,-0.18671144233586573,0.02015565433246576,0.3139112130519639,0.06420813750647783
cls|eq_sign,learn,A,0.0,1236247.235445493,0.23624723544549298,0.22723939369241086,0.02692959104400506,7.761936223367776,-0.010432796506094855,19,0.9230769230769231,13,1.0357142857142858,0.10634196591623081,0.10634196591623081,0.29728793509874446,0.3577069680978114
cls|eq_sign,learn,A,0.25,1065667.285040554,0.06566728504055397,0.06333268474712717,0.026921019385032652,2.3378935246565127,-0.025954639335772023,127,0.7692307692307693,13,1.0357142857142858,0.03201998214154471,0.10634196591623081,0.29728793509874446,0.3577069680978114
cls|eq_sign,learn,A,0.87,737391.1886805211,-0.2626088113194789,-0.254821898807131,0.027071513982595774,-11.058044472048865,-0.2674312888161111,258,0.0,13,1.0357142857142858,-0.15229853761967685,0.10634196591623081,0.29728793509874446,0.3577069680978114
cls|eq_sign,learn,A,cs,290514.5297942747,-0.7094854702057253,-0.6968348254028609,0.028665750131988965,-42.41054330378632,-0.7097882636827806,260,0.0,13,1.0357142857142858,-0.6185032749838402,0.10634196591623081,0.29728793509874446,0.3577069680978114
cls|eq_sign,learn,A,ar,387313.4890354794,-0.6126865109645206,-0.5998089611068216,0.028045073093800145,-33.261366314823505,-0.6130900730918144,260,0.0,13,1.0357142857142858,-0.4745713520039109,0.10634196591623081,0.29728793509874446,0.3577069680978114
cls|eq_sign,learn,A,tick,823113.2267814897,-0.17688677321851032,-0.171343068644203,0.027008398696148878,-7.077738639896909,-0.1844584082713948,258,0.07692307692307693,13,1.0357142857142858,-0.0972519266653817,0.10634196591623081,0.29728793509874446,0.3577069680978114
cls|eq_sign,learn,B,0.0,1150266.716395314,0.1502667163953142,0.14472732998499538,0.02675503148278033,5.161489296476975,-0.013455827252250141,54,0.8461538461538461,13,1.0357142857142858,0.07025631289442165,0.07025631289442165,0.29728793509874446,0.23632413091734097
cls|eq_sign,learn,B,0.25,991548.9776697572,-0.008451022330242752,-0.00816080016103582,0.026784485578320846,-0.2983623732059301,-0.03829172692538774,151,0.5384615384615384,13,1.0357142857142858,-0.004065670880264458,0.07025631289442165,0.29728793509874446,0.23632413091734097
cls|eq_sign,learn,B,0.87,686102.1631577933,-0.3138978368422066,-0.30492678272836293,0.027029425615990938,-13.699438914670756,-0.31691005556848684,258,0.0,13,1.0357142857142858,-0.188384190641486,0.07025631289442165,0.29728793509874446,0.23632413091734097
cls|eq_sign,learn,B,cs,270305.09053618857,-0.7296949094638114,-0.7172221043363933,0.02886380616363753,-44.57693450383656,-0.729996368447793,260,0.0,13,1.0357142857142858,-0.6545889280056494,0.07025631289442165,0.29728793509874446,0.23632413091734097
cls|eq_sign,learn,B,ar,360371.4322154783,-0.6396285677845217,-0.6267199099116485,0.028173957108694598,-35.626781328803645,-0.6400321563617117,260,0.0,13,1.0357142857142858,-0.5106570050257201,0.07025631289442165,0.29728793509874446,0.23632413091734097
cls|eq_sign,learn,B,tick,765862.7575599133,-0.2341372424400867,-0.22706006567625114,0.026936497079072926,-9.729860043188758,-0.2389600810703355,258,0.0,13,1.0357142857142858,-0.13333757968719087,0.07025631289442165,0.29728793509874446,0.23632413091734097
cls|eq_sign,learn,C,0.0,1094040.1784283256,0.09404017842832557,0.09065475415934343,0.026417007677124803,3.360633834079292,-0.01482719861049031,52,0.8461538461538461,13,1.0357142857142858,0.045165796598940794,0.045165796598940794,0.29728793509874446,0.15192610014240548
cls|eq_sign,learn,C,0.25,943080.747763857,-0.056919252236143025,-0.05501154217977311,0.026433913511804727,-2.168025611760137,-0.069572373902542,256,0.46153846153846156,13,1.0357142857142858,-0.029156187175745314,0.045165796598940794,0.29728793509874446,0.15192610014240548
cls|eq_sign,learn,C,0.87,652564.5410704416,-0.3474354589295584,-0.3377594563688331,0.026650290084367714,-15.744889929037985,-0.34976869743791594,259,0.0,13,1.0357142857142858,-0.21347470693696685,0.045165796598940794,0.29728793509874446,0.15192610014240548
cls|eq_sign,learn,C,cs,257092.34447164147,-0.7429076555283585,-0.73057933836494,0.0284098355822382,-47.025189985736965,-0.7433419849232483,260,0.0,13,1.0357142857142858,-0.6796794443011303,0.045165796598940794,0.29728793509874446,0.15192610014240548
cls|eq_sign,learn,C,ar,342756.3172502334,-0.6572436827497666,-0.6443519336705513,0.027718450541192242,-37.99149329591846,-0.6578219248995777,260,0.0,13,1.0357142857142858,-0.535747521321201,0.045165796598940794,0.29728793509874446,0.15192610014240548
cls|eq_sign,learn,C,tick,728426.3225442885,-0.2715736774557115,-0.26357087813637214,0.026566446756178256,-11.72178832651451,-0.27490298149869896,259,0.0,13,1.0357142857142858,-0.1584280959826717,0.045165796598940794,0.29728793509874446,0.15192610014240548
cls|eq_sign@q1,full,A,0.0,1122816.9964953559,0.12281699649535582,0.02903293979007704,0.01127035428319766,2.5889927872923013,-0.009951291607734114,84,0.74,50,4.0476190476190474,0.014844762896534205,0.014844762896534205,0.08620909011340826,0.17219486804704567
cls|eq_sign@q1,full,A,0.25,948656.1840534857,-0.05134381594651427,-0.012937761942958814,0.011271717594472411,-1.169678074508067,-0.05714123546694394,487,0.36,50,4.0476190476190474,-0.006707509631817863,0.014844762896534205,0.08620909011340826,0.17219486804704567
cls|eq_sign@q1,full,A,0.87,624555.3657302052,-0.3754446342697948,-0.10978686514118874,0.011320190087486323,-10.445485834173414,-0.3765089159607944,1016,0.0,50,4.0476190476190474,-0.060157145502131006,0.014844762896534205,0.08620909011340826,0.17219486804704567
cls|eq_sign@q1,full,A,cs,196037.79927676346,-0.8039622007232365,-0.33140009878031296,0.011832464708631947,-34.605655886282854,-0.8041203214448163,1019,0.0,50,4.0476190476190474,-0.20831817358236837,0.014844762896534205,0.08620909011340826,0.17219486804704567
cls|eq_sign@q1,full,A,ar,1077176.122649272,0.07717612264927198,0.018536785398116207,0.011273842932103147,1.6630409498083127,-0.012688050632138959,211,0.64,50,4.0476190476190474,0.009538493313896293,0.014844762896534205,0.08620909011340826,0.17219486804704567
cls|eq_sign@q1,full,A,tick,707100.0197300469,-0.2928999802699531,-0.08206291530796239,0.01130333137107327,-7.700909930590028,-0.29412592954262085,1019,0.04,50,4.0476190476190474,-0.04428466463382578,0.014844762896534205,0.08620909011340826,0.17219486804704567
cls|eq_sign@q1,full,B,0.0,1093136.2201278661,0.09313622012786604,0.022244595664802747,0.011213556983437631,2.001583231666994,-0.011183080131823231,97,0.7,50,4.0476190476190474,0.011418837823255534,0.011418837823255534,0.08620909011340826,0.13245514838671915
cls|eq_sign@q1,full,B,0.25,923579.0326401156,-0.07642096735988446,-0.01944927961313625,0.011217951465583447,-1.7755718873848587,-0.0788919162751035,1016,0.3,50,4.0476190476190474,-0.010133434705096533,0.011418837823255534,0.08620909011340826,0.13245514838671915
cls|eq_sign@q1,full,B,0.87,608045.3325463501,-0.39195466745364993,-0.11565958661207165,0.011274119558440366,-11.08546728418006,-0.39293207880743053,1019,0.0,50,4.0476190476190474,-0.06358307057540966,0.011418837823255534,0.08620909011340826,0.13245514838671915
cls|eq_sign@q1,full,B,cs,190855.3034569048,-0.8091446965430952,-0.3358110685231743,0.011809431057420607,-35.24337440930421,-0.809289203893498,1019,0.0,50,4.0476190476190474,-0.21174409865564706,0.011418837823255534,0.08620909011340826,0.13245514838671915
cls|eq_sign@q1,full,B,ar,1048701.7780389094,0.048701778038909405,0.011817670936798086,0.011217781780107348,1.071055255778297,-0.0159320388094788,312,0.6,50,4.0476190476190474,0.00611256824061762,0.011418837823255534,0.08620909011340826,0.13245514838671915
cls|eq_sign@q1,full,B,tick,688408.0254891346,-0.3115919745108654,-0.0881185000493877,0.011255051367369253,-8.332252965115037,-0.31278449823297627,1019,0.04,50,4.0476190476190474,-0.04771058970710445,0.011418837823255534,0.08620909011340826,0.13245514838671915
cls|eq_sign@q1,full,C,0.0,1043754.8155656481,0.0437548155656482,0.01063636619423991,0.010952206591518347,0.9882474583235941,-0.016212755973713633,165,0.68,50,4.0476190476190474,0.005506456210369821,0.005506456210369821,0.08620909011340826,0.0638732667648628
cls|eq_sign@q1,full,C,0.25,881857.0174954535,-0.11814298250454658,-0.030584102625188292,0.010959569469988032,-2.8778189363181568,-0.1214257998476943,1016,0.2,50,4.0476190476190474,-0.01604581631798225,0.005506456210369821,0.08620909011340826,0.0638732667648628
cls|eq_sign@q1,full,C,0.87,580577.0014563588,-0.4194229985436412,-0.12570199596764364,0.011024116369384503,-12.391039448809813,-0.42068498237389995,1018,0.0,50,4.0476190476190474,-0.06949545218829539,0.005506456210369821,0.08620909011340826,0.0638732667648628
cls|eq_sign@q1,full,C,cs,182233.1208944532,-0.8177668791055468,-0.34335377214761365,0.011595589203921024,-36.89554451197354,-0.817865595909843,1018,0.0,50,4.0476190476190474,-0.2176564802685328,0.005506456210369821,0.08620909011340826,0.0638732667648628
cls|eq_sign@q1,full,C,ar,1001327.7520945041,0.0013277520945040866,0.000327869027119565,0.010953810915762894,0.03592236879893481,-0.016884302570294052,336,0.56,50,4.0476190476190474,0.00020018662773190463,0.005506456210369821,0.08620909011340826,0.0638732667648628
cls|eq_sign@q1,full,C,tick,657309.4094158441,-0.34269059058415585,-0.09847363244702168,0.011003359531563933,-9.579011948507302,-0.34429558122687154,1018,0.02,50,4.0476190476190474,-0.05362297131999016,0.005506456210369821,0.08620909011340826,0.0638732667648628
cls|eq_sign@q1,hold,A,0.0,1092884.8354166124,0.09288483541661252,0.02992905632766507,0.012140880181181639,2.475722153362775,-0.009951291607731338,84,0.7837837837837838,37,3.011904761904762,0.01529174095740458,0.01529174095740458,0.09241892903757894,0.16546113568559886
cls|eq_sign@q1,hold,A,0.25,955317.953457134,-0.044682046542866005,-0.015062206959848168,0.012141446725995061,-1.2648587972891043,-0.0571412354669627,487,0.32432432432432434,37,3.011904761904762,-0.007812991301990155,0.01529174095740458,0.09241892903757894,0.16546113568559886
cls|eq_sign@q1,hold,A,0.87,684303.858980878,-0.315696141019122,-0.11834218869178592,0.012190545128343108,-10.498757475062277,-0.31643683044861204,758,0.0,37,3.011904761904762,-0.0651127273052891,0.01529174095740458,0.09241892903757894,0.16546113568559886
cls|eq_sign@q1,hold,A,cs,266686.83122380526,-0.7333131687761947,-0.35520234918908444,0.01274257623658833,-35.00708219464657,-0.7333986455534577,758,0.0,37,3.011904761904762,-0.2269436374062871,0.01529174095740458,0.09241892903757894,0.16546113568559886
cls|eq_sign@q1,hold,A,ar,1070100.2318751807,0.07010023187518066,0.022749757788274927,0.012142290748930652,1.8896962087623872,-0.009968803683025329,211,0.7027027027027027,37,3.011904761904762,0.011673402927322373,0.01529174095740458,0.09241892903757894,0.16546113568559886
cls|eq_sign@q1,hold,A,tick,754703.2806543598,-0.24529671934564012,-0.08920680194888908,0.012173340089655633,-7.798165031941406,-0.24654709978289702,753,0.02702702702702703,37,3.011904761904762,-0.048295540806411796,0.01529174095740458,0.09241892903757894,0.16546113568559886
cls|eq_sign@q1,hold,B,0.0,1069422.106527697,0.06942210652769698,0.022534526397535837,0.012076533060130967,1.8822003036677564,-0.011183080131824119,97,0.7297297297297297,37,3.011904761904762,0.011564130134835272,0.011564130134835272,0.09241892903757894,0.1251272899963288
cls|eq_sign@q1,hold,B,0.25,934808.4344411835,-0.06519156555881656,-0.02213377136112782,0.012080521723701103,-1.8777506514084834,-0.07069988884208223,487,0.2702702702702703,37,3.011904761904762,-0.011540602124559462,0.011564130134835272,0.09241892903757894,0.1251272899963288
cls|eq_sign@q1,hold,B,0.87,669612.3978467506,-0.33038760215324947,-0.1246723574133326,0.012138307478436826,-11.147564754352727,-0.33110402129116734,758,0.0,37,3.011904761904762,-0.0688403381278584,0.011564130134835272,0.09241892903757894,0.1251272899963288
cls|eq_sign@q1,hold,B,cs,260960.94906222107,-0.7390390509377789,-0.3598321647167513,0.012716618051109537,-35.65471603348814,-0.7391136700156482,758,0.0,37,3.011904761904762,-0.23067124822885635,0.011564130134835272,0.09241892903757894,0.1251272899963288
cls|eq_sign@q1,hold,B,ar,1047126.6277630809,0.04712662776308085,0.015406763302574289,0.012078511462866917,1.2930607392407543,-0.0159320388094758,312,0.6486486486486487,37,3.011904761904762,0.007945792104753064,0.011564130134835272,0.09241892903757894,0.1251272899963288
cls|eq_sign@q1,hold,B,tick,738500.4902655969,-0.26149950973440306,-0.09574612151753015,0.012118631440403559,-8.43797481133068,-0.2624959498343653,753,0.02702702702702703,37,3.011904761904762,-0.0520231516289811,0.011564130134835272,0.09241892903757894,0.1251272899963288
cls|eq_sign@q1,hold,C,0.0,1025855.5444498423,0.025855544449842283,0.008511365762464251,0.011803753163764863,0.7359465031349883,-0.0162127559737123,165,0.6486486486486487,37,3.011904761904762,0.004419480496917637,0.004419480496917637,0.09241892903757894,0.04782007910003598
cls|eq_sign@q1,hold,C,0.25,896725.5988842917,-0.10327440111570829,-0.035544424606699265,0.01181214543648801,-3.109319222473515,-0.10506380903229884,755,0.1891891891891892,37,3.011904761904762,-0.018685251762477095,0.004419480496917637,0.09241892903757894,0.04782007910003598
cls|eq_sign@q1,hold,C,0.87,642332.8984229466,-0.3576671015770534,-0.13667695130236934,0.01188187014515196,-12.570082834422294,-0.3582429040134911,758,0.0,37,3.011904761904762,-0.07598498776577603,0.004419480496917637,0.09241892903757894,0.04782007910003598
cls|eq_sign@q1,hold,C,cs,250329.09849022416,-0.7496709015097758,-0.36861210164062186,0.0125079385858834,-37.37233962553201,-0.7496931365017978,758,0.0,37,3.011904761904762,-0.23781589786677396,0.004419480496917637,0.09241892903757894,0.04782007910003598
cls|eq_sign@q1,hold,C,ar,1004468.3689206388,0.004468368920638843,0.0014813605336811975,0.011804758406457424,0.13339753162168186,-0.01688430257029494,324,0.5945945945945946,37,3.011904761904762,0.0008011424668354293,0.004419480496917637,0.09241892903757894,0.04782007910003598
cls|eq_sign@q1,hold,C,tick,708414.6393219791,-0.2915853606780209,-0.10814738087500275,0.01185986068799525,-9.806205420940334,-0.29241313518079826,758,0.02702702702702703,37,3.011904761904762,-0.059167801266898745,0.004419480496917637,0.09241892903757894,0.04782007910003598
cls|eq_sign@q1,learn,A,0.0,1027388.2115560344,0.027388211556034436,0.026431419745439166,0.008223499308583506,3.236845302358437,-0.005186891755252554,61,0.6153846153846154,13,1.0357142857142858,0.013542020302165435,0.013542020302165435,0.06811016674581968,0.19882524077063118
cls|eq_sign@q1,learn,A,0.25,993026.6469089532,-0.006973353091046741,-0.006733704090286952,0.008228235369359783,-0.832637926045677,-0.014931826340672583,257,0.46153846153846156,13,1.0357142857142858,-0.0034855213842894858,0.013542020302165435,0.06811016674581968,0.19882524077063118
cls|eq_sign@q1,learn,A,0.87,912687.1893727626,-0.08731281062723739,-0.08443293191349621,0.008273840356454934,-10.860143547647672,-0.08808366197617645,257,0.0,13,1.0357142857142858,-0.045713824766697685,0.013542020302165435,0.06811016674581968,0.19882524077063118
cls|eq_sign@q1,learn,A,cs,735086.1622119118,-0.2649138377880882,-0.2570710648656921,0.008605058569043277,-35.184849352277254,-0.2652467663749112,260,0.0,13,1.0357142857142858,-0.15403321602529002,0.013542020302165435,0.06811016674581968,0.19882524077063118
cls|eq_sign@q1,learn,A,ar,1006612.3626210932,0.006612362621093215,0.006383623915131809,0.008235545998432795,0.7914815547635179,-0.012688050632138959,191,0.46153846153846156,13,1.0357142857142858,0.0033161796658354005,0.013542020302165435,0.06811016674581968,0.19882524077063118
cls|eq_sign@q1,learn,A,tick,936924.5342579783,-0.06307546574202172,-0.06096816797852489,0.008258578490370557,-7.757778619871109,-0.06421553531724444,260,0.07692307692307693,13,1.0357142857142858,-0.032594741373180774,0.013542020302165435,0.06811016674581968,0.19882524077063118
cls|eq_sign@q1,learn,B,0.0,1022174.6992655399,0.022174699265539832,0.02140193081361641,0.008195677538250104,2.637061972847136,-0.005633511592379348,73,0.6153846153846154,13,1.0357142857142858,0.010995375243099702,0.010995375243099702,0.06811016674581968,0.16143515378744175
cls|eq_sign@q1,learn,B,0.25,987987.4834379579,-0.012012516562042053,-0.011600704014078422,0.008201816177633329,-1.4456342478624482,-0.017825691284529266,257,0.38461538461538464,13,1.0357142857142858,-0.006032166443355218,0.010995375243099702,0.06811016674581968,0.16143515378744175
cls|eq_sign@q1,learn,B,0.87,908055.6669823118,-0.09194433301768823,-0.08891925010479274,0.008250985725233091,-11.496902630605478,-0.09265650430800143,260,0.0,13,1.0357142857142858,-0.048260469825763416,0.010995375243099702,0.06811016674581968,0.16143515378744175
cls|eq_sign@q1,learn,B,cs,731355.7991828286,-0.26864420081717133,-0.2607115412772646,0.00859162716700505,-35.822477973598595,-0.2689727747372085,260,0.0,13,1.0357142857142858,-0.15657986108435576,0.010995375243099702,0.06811016674581968,0.16143515378744175
cls|eq_sign@q1,learn,B,ar,1001504.2595938655,0.0015042595938654646,0.0014523509244726007,0.008209344789811385,0.18425309958277533,-0.013385681794142013,220,0.46153846153846156,13,1.0357142857142858,0.0007695346067696654,0.010995375243099702,0.06811016674581968,0.16143515378744175
cls|eq_sign@q1,learn,B,tick,932170.0317917808,-0.06782996820821918,-0.06556945024707173,0.008234587326979041,-8.388266033067175,-0.06892703757372176,260,0.07692307692307693,13,1.0357142857142858,-0.035141386432246506,0.010995375243099702,0.06811016674581968,0.16143515378744175
cls|eq_sign@q1,learn,C,0.0,1017448.1399575386,0.017448139957538578,0.016841442256370076,0.007967104946617504,2.1401265160359264,-0.004207305228801528,52,0.7692307692307693,13,1.0357142857142858,0.008674507810488966,0.008674507810488966,0.06811016674581968,0.12735995556818058
cls|eq_sign@q1,learn,C,0.25,983419.028733735,-0.01658097126626501,-0.01601381672194746,0.007969673928872802,-2.0601499550836544,-0.0211135596512404,257,0.23076923076923078,13,1.0357142857142858,-0.008353033875965954,0.008674507810488966,0.06811016674581968,0.12735995556818058
cls|eq_sign@q1,learn,C,0.87,903856.8674931398,-0.09614313250686024,-0.09298709367710378,0.008011028723104599,-12.410725257833043,-0.09780748479614276,259,0.0,13,1.0357142857142858,-0.050581337258374146,0.008674507810488966,0.06811016674581968,0.12735995556818058
cls|eq_sign@q1,learn,C,cs,727974.1827599263,-0.2720258172400737,-0.2640122277269853,0.008334107129503868,-37.47675271262594,-0.27237210985248606,259,0.0,13,1.0357142857142858,-0.1589007285169665,0.008674507810488966,0.06811016674581968,0.12735995556818058
cls|eq_sign@q1,learn,C,ar,996873.3541808707,-0.003126645819129248,-0.003018993359957589,0.00797151236603081,-0.38252462800751064,-0.012750615897191175,257,0.46153846153846156,13,1.0357142857142858,-0.0015513328258410703,0.008674507810488966,0.06811016674581968,0.12735995556818058
cls|eq_sign@q1,learn,C,tick,927859.7207490663,-0.07214027925093369,-0.06974155509189284,0.007995950550133043,-9.209137267055532,-0.0743096787579427,259,0.0,13,1.0357142857142858,-0.03746225386485724,0.008674507810488966,0.06811016674581968,0.12735995556818058
cls|eq_sign@q2,full,A,0.0,1055117.409376314,0.05511740937631382,0.013343451938947926,0.005246160809353235,2.5730512856432664,-0.004252652220536279,143,0.82,50,4.0476190476190474,0.006867440382172193,0.006867440382172193,0.039274261670200046,0.17485854832461356
cls|eq_sign@q2,full,A,0.25,977131.5176725391,-0.02286848232746086,-0.005699162117372425,0.005245941361240048,-1.1057560445485906,-0.03134803658159968,910,0.34,50,4.0476190476190474,-0.00295112503537782,0.006867440382172193,0.039274261670200046,0.17485854832461356
cls|eq_sign@q2,full,A,0.87,807700.1659125647,-0.19229983408743523,-0.05139515903343406,0.0052724655415718,-10.178003813314048,-0.19447549289668686,1017,0.02,50,4.0476190476190474,-0.027301167270901854,0.006867440382172193,0.039274261670200046,0.17485854832461356
cls|eq_sign@q2,full,A,cs,533102.9863101904,-0.4668970136898096,-0.14393591824398133,0.005476302340920594,-28.867487132070032,-0.4675547830603808,1019,0.02,50,4.0476190476190474,-0.08042688612019244,0.006867440382172193,0.039274261670200046,0.17485854832461356
cls|eq_sign@q2,full,A,ar,731224.6967932441,-0.2687753032067559,-0.0744229806661113,0.005324577953189457,-14.77367332055849,-0.2699702116974537,1019,0.02,50,4.0476190476190474,-0.04002013392870829,0.006867440382172193,0.039274261670200046,0.17485854832461356
cls|eq_sign@q2,full,A,tick,867241.0896036946,-0.13275891039630539,-0.03457864032484026,0.005257922181364549,-6.806205231680035,-0.13526868614726772,1017,0.02,50,4.0476190476190474,-0.01820639878844623,0.006867440382172193,0.039274261670200046,0.17485854832461356
cls|eq_sign@q2,full,B,0.0,1034148.0578464017,0.034148057846401736,0.00833023503625685,0.005222575076352759,1.6185699815899321,-0.0047196608966431075,168,0.76,50,4.0476190476190474,0.004300520576508102,0.004300520576508102,0.039274261670200046,0.10949971797359563
cls|eq_sign@q2,full,B,0.25,957711.9781075919,-0.0422880218924081,-0.010618190671048966,0.005225215341769762,-2.0757553957342525,-0.04813112087245541,910,0.22,50,4.0476190476190474,-0.005518044841041911,0.004300520576508102,0.039274261670200046,0.10949971797359563
cls|eq_sign@q2,full,B,0.87,791647.7544308773,-0.20835224556912268,-0.056088165056500494,0.005258896107596957,-11.163694957367175,-0.2104665191618985,1017,0.02,50,4.0476190476190474,-0.02986808707656594,0.004300520576508102,0.039274261670200046,0.10949971797359563
cls|eq_sign@q2,full,B,cs,522507.756624747,-0.477492243375253,-0.1481711898720861,0.0054779648110132835,-29.779786938369952,-0.47818569709033343,1019,0.02,50,4.0476190476190474,-0.08299380592585655,0.004300520576508102,0.039274261670200046,0.10949971797359563
cls|eq_sign@q2,full,B,ar,716692.0678282264,-0.28330793217177364,-0.07900209603544972,0.005317051188711494,-15.743522085701033,-0.2845459417043794,1019,0.04,50,4.0476190476190474,-0.042587053734372375,0.004300520576508102,0.039274261670200046,0.10949971797359563
cls|eq_sign@q2,full,B,tick,850005.4117485902,-0.14999458825140988,-0.03935482462058215,0.005241631821226157,-7.789947180805909,-0.15243500464418902,1017,0.02,50,4.0476190476190474,-0.02077331859411032,0.004300520576508102,0.039274261670200046,0.10949971797359563
cls|eq_sign@q2,full,C,0.0,1023994.3817649977,0.023994381764997685,0.005875213420473369,0.005100658863477477,1.1709326937599518,-0.004102854402695089,298,0.68,50,4.0476190476190474,0.0030385267719588195,0.0030385267719588195,0.039274261670200046,0.07736687190899756
cls|eq_sign@q2,full,C,0.25,948308.7839740985,-0.05169121602590154,-0.013027077242720675,0.005102774051295614,-2.6116860805134636,-0.05737978495660212,958,0.24,50,4.0476190476190474,-0.006780038645591195,0.0030385267719588195,0.039274261670200046,0.07736687190899756
cls|eq_sign@q2,full,C,0.87,783875.048846732,-0.21612495115326802,-0.05838634277757371,0.005135808511778958,-11.914246187252246,-0.21704400235113497,1017,0.02,50,4.0476190476190474,-0.031130080881115216,0.0030385267719588195,0.039274261670200046,0.07736687190899756
cls|eq_sign@q2,full,C,cs,517377.6282183046,-0.4826223717816954,-0.15024514686236923,0.005352385253076096,-30.941943100023547,-0.4828709472171191,1019,0.0,50,4.0476190476190474,-0.08425579973040583,0.0030385267719588195,0.039274261670200046,0.07736687190899756
cls|eq_sign@q2,full,C,ar,709655.3566614826,-0.2903446433385174,-0.08124446824669385,0.005191306043664568,-16.60269826466688,-0.290832963656643,1019,0.04,50,4.0476190476190474,-0.04384904753892165,0.0030385267719588195,0.039274261670200046,0.07736687190899756
cls|eq_sign@q2,full,C,tick,841659.7240712263,-0.15834027592877364,-0.041693744737309024,0.005118795812837745,-8.461484230759693,-0.15944334124978832,1017,0.02,50,4.0476190476190474,-0.0220353123986596,0.0030385267719588195,0.039274261670200046,0.07736687190899756
cls|eq_sign@q2,hold,A,0.0,1026129.0793592499,0.026129079359249907,0.008600640265164605,0.005027037893722885,1.7346005968438218,-0.004252652220537723,143,0.8108108108108109,37,3.011904761904762,0.004436255052303735,0.004436255052303735,0.03546836150503773,0.12507640229373534
cls|eq_sign@q2,hold,A,0.25,974494.0651872633,-0.025505934812736664,-0.008541554599349133,0.005026371320123179,-1.732711206173659,-0.028402458721570545,744,0.2702702702702703,37,3.011904761904762,-0.004430835323955698,0.004436255052303735,0.03546836150503773,0.12507640229373534
cls|eq_sign@q2,hold,A,0.87,857374.1955011401,-0.14262580449885986,-0.04980767321794388,0.0050507421715492795,-10.282359938579958,-0.14410647290784118,758,0.02702702702702703,37,3.011904761904762,-0.026421219457079093,0.004436255052303735,0.03546836150503773,0.12507640229373534
cls|eq_sign@q2,hold,A,cs,649369.8038942019,-0.35063019610579815,-0.13354819804198503,0.005239487462520789,-27.81472002636695,-0.35116201050656837,758,0.02702702702702703,37,3.011904761904762,-0.07414269274098269,0.004436255052303735,0.03546836150503773,0.12507640229373534
cls|eq_sign@q2,hold,A,ar,812206.8981051528,-0.18779310189484721,-0.06672870673451581,0.00509064203017913,-13.790529310460322,-0.18876738228840695,758,0.02702702702702703,37,3.011904761904762,-0.035715632949860875,0.004436255052303735,0.03546836150503773,0.12507640229373534
cls|eq_sign@q2,hold,A,tick,900077.5403020168,-0.09992245969798319,-0.034348960793899486,0.00503675863202801,-7.053209511489545,-0.1017030585170281,758,0.02702702702702703,37,3.011904761904762,-0.01807352151531188,0.004436255052303735,0.03546836150503773,0.12507640229373534
cls|eq_sign@q2,hold,B,0.0,1012289.8604402322,0.01228986044023217,0.0040637924910753576,0.005003914942195513,0.8265501883110227,-0.004719660896647659,168,0.7297297297297297,37,3.011904761904762,0.0021041854078978645,0.0021041854078978645,0.03546836150503773,0.05932570095179045
cls|eq_sign@q2,hold,B,0.25,961351.1864051754,-0.03864881359482464,-0.013001311765580614,0.005006084857290483,-2.6554016531406455,-0.0411687301483914,744,0.1891891891891892,37,3.011904761904762,-0.006762904968361569,0.0021041854078978645,0.03546836150503773,0.05932570095179045
cls|eq_sign@q2,hold,B,0.87,845810.7841035981,-0.1541892158964019,-0.05408185017635403,0.005037555007883508,-11.219225391967333,-0.15559381860170873,758,0.02702702702702703,37,3.011904761904762,-0.028753289101484957,0.0021041854078978645,0.03546836150503773,0.05932570095179045
cls|eq_sign@q2,hold,B,cs,640611.5685181817,-0.3593884314818183,-0.1374457721711323,0.0052407776580451464,-28.682535828240013,-0.3599440641592172,758,0.02702702702702703,37,3.011904761904762,-0.07647476238538856,0.0021041854078978645,0.03546836150503773,0.05932570095179045
cls|eq_sign@q2,hold,B,ar,801252.5876382143,-0.1987474123617856,-0.07092679633144616,0.005082583784305415,-14.714280648009238,-0.1997472989481308,758,0.05405405405405406,37,3.011904761904762,-0.03804770259426675,0.0021041854078978645,0.03546836150503773,0.05932570095179045
cls|eq_sign@q2,hold,B,tick,887938.232634816,-0.11206176736518403,-0.038692658664152835,0.005020964056233069,-7.98835234316192,-0.1137986557259153,757,0.02702702702702703,37,3.011904761904762,-0.020405591159717747,0.0021041854078978645,0.03546836150503773,0.05932570095179045
cls|eq_sign@q2,hold,C,0.0,1007166.56255632,0.0071665625563199775,0.0023737393576321875,0.004855336151813331,0.49891791687379117,-0.004091973758306167,298,0.6486486486486487,37,3.011904761904762,0.0012324044559344303,0.0012324044559344303,0.03546836150503773,0.03474658551000125
cls|eq_sign@q2,hold,C,0.25,956485.6873926676,-0.043514312607332406,-0.01466264299873632,0.004857751336616199,-3.0892356576333495,-0.0443137069473194,758,0.1891891891891892,37,3.011904761904762,-0.0076346859203250015,0.0012324044559344303,0.03546836150503773,0.03474658551000125
cls|eq_sign@q2,hold,C,0.87,841530.0324699536,-0.15846996753004639,-0.055674039496110495,0.0048906168604263694,-11.906685671545636,-0.15897231057548356,758,0.02702702702702703,37,3.011904761904762,-0.0296250700534484,0.0012324044559344303,0.03546836150503773,0.03474658551000125
cls|eq_sign@q2,hold,C,cs,637369.3878957906,-0.3626306121042093,-0.13889762690270635,0.005094707004534389,-29.841238259351773,-0.3627339299585718,758,0.0,37,3.011904761904762,-0.077346543337352,0.0012324044559344303,0.03546836150503773,0.03474658551000125
cls|eq_sign@q2,hold,C,ar,797197.369506825,-0.20280263049317504,-0.07249062453243837,0.004935035015016592,-15.501437502609667,-0.20308160847497536,758,0.05405405405405406,37,3.011904761904762,-0.038919483546230184,0.0012324044559344303,0.03546836150503773,0.03474658551000125
cls|eq_sign@q2,hold,C,tick,883444.2711040266,-0.11655572889597343,-0.04031075057855582,0.00487363935538501,-8.581431569512716,-0.1172142732132514,758,0.02702702702702703,37,3.011904761904762,-0.02127737211168118,0.0012324044559344303,0.03546836150503773,0.03474658551000125
cls|eq_sign@q2,learn,A,0.0,1028250.1788519436,0.028250178851943586,0.027262876950060244,0.005837077880577722,4.698676393427197,-0.0030653832427839367,52,0.8461538461538461,13,1.0357142857142858,0.013953266200685089,0.013953266200685089,0.05036677087617194,0.27703317004359024
cls|eq_sign@q2,learn,A,0.25,1002706.4838868856,0.0027064838868855468,0.002613035030864186,0.005838693528846697,0.45837460423177334,-0.00845770891248121,151,0.5384615384615384,13,1.0357142857142858,0.001361573481642104,0.013953266200685089,0.05036677087617194,0.27703317004359024
cls|eq_sign@q2,learn,A,0.87,942062.6024794736,-0.0579373975205264,-0.05599658588305201,0.005871105860479862,-9.99884280010111,-0.05915313383314136,258,0.0,13,1.0357142857142858,-0.029865824461584495,0.013953266200685089,0.05036677087617194,0.27703317004359024
cls|eq_sign@q2,learn,A,cs,820954.382407719,-0.179045617592281,-0.1734416036241645,0.006107308137515539,-31.7796797500844,-0.1794516301375001,260,0.0,13,1.0357142857142858,-0.09874251971170546,0.013953266200685089,0.05036677087617194,0.27703317004359024
cls|eq_sign@q2,learn,A,ar,900293.6302303809,-0.09970636976961911,-0.09643970855584238,0.005950842559249596,-17.362822194448274,-0.1001894083437086,260,0.0,13,1.0357142857142858,-0.052565843133601055,0.013953266200685089,0.05036677087617194,0.27703317004359024
cls|eq_sign@q2,learn,A,tick,963518.1979018177,-0.0364818020981823,-0.03524624858373182,0.005855185140179488,-6.241942948350707,-0.037962550060767986,258,0.0,13,1.0357142857142858,-0.018593677043666667,0.013953266200685089,0.05036677087617194,0.27703317004359024
cls|eq_sign@q2,learn,B,0.0,1021592.8246052514,0.02159282460525147,0.02084054001666491,0.005812345917176656,3.619120596573384,-0.004233440299264424,109,0.8461538461538461,13,1.0357142857142858,0.010701862445697622,0.010701862445697622,0.05036677087617194,0.21247862945211315
cls|eq_sign@q2,learn,B,0.25,996214.4860805873,-0.0037855139194127307,-0.0036552178199390495,0.005816819255129136,-0.6386050902324576,-0.010157844521464288,151,0.3076923076923077,13,1.0357142857142858,-0.0018898302733453614,0.010701862445697622,0.05036677087617194,0.21247862945211315
cls|eq_sign@q2,learn,B,0.87,935963.1838578251,-0.06403681614217482,-0.061898472504023916,0.005856377559398004,-11.11527102244842,-0.06514653760414235,258,0.0,13,1.0357142857142858,-0.03311722821657195,0.010701862445697622,0.05036677087617194,0.21247862945211315
cls|eq_sign@q2,learn,B,cs,815638.9648619464,-0.18436103513805358,-0.17860934204655,0.00610936573562772,-32.815068640760124,-0.18479095270521428,260,0.0,13,1.0357142857142858,-0.10199392346669293,0.010701862445697622,0.05036677087617194,0.21247862945211315
cls|eq_sign@q2,learn,B,ar,894464.5906738825,-0.10553540932611749,-0.10208879970152462,0.00594417794640546,-18.4574522286224,-0.10604441715453339,260,0.0,13,1.0357142857142858,-0.055817246888588516,0.010701862445697622,0.05036677087617194,0.21247862945211315
cls|eq_sign@q2,learn,B,tick,957279.8878434481,-0.042720112156551915,-0.041277842996291225,0.005837496638809188,-7.355668615270291,-0.043962724953549026,258,0.0,13,1.0357142857142858,-0.021845080798654135,0.010701862445697622,0.05036677087617194,0.21247862945211315
cls|eq_sign@q2,learn,C,0.0,1016708.0797102328,0.016708079710232804,0.01612731844618942,0.00575582707860793,2.835306580921396,-0.004102854402695089,126,0.7692307692307693,13,1.0357142857142858,0.008302571425835691,0.008302571425835691,0.05036677087617194,0.16484224184726448
cls|eq_sign@q2,learn,C,0.25,991451.0969412944,-0.008548903058705593,-0.008255333514231689,0.005757719719727246,-1.4642423084685396,-0.014780703446843568,199,0.38461538461538464,13,1.0357142857142858,-0.004289121293207294,0.008302571425835691,0.05036677087617194,0.16484224184726448
cls|eq_sign@q2,learn,C,0.87,931487.9072657734,-0.06851209273422665,-0.06622965868548114,0.005791212084809087,-12.054690656944894,-0.06925157398733894,258,0.0,13,1.0357142857142858,-0.03551651923643389,0.008302571425835691,0.05036677087617194,0.16484224184726448
cls|eq_sign@q2,learn,C,cs,811739.060651117,-0.188260939348883,-0.18240163280683397,0.006032297178538283,-34.0161129867435,-0.188620984979041,260,0.0,13,1.0357142857142858,-0.10439321448655489,0.008302571425835691,0.05036677087617194,0.16484224184726448
cls|eq_sign@q2,learn,C,ar,890187.7800983177,-0.10981221990168233,-0.1062343877639742,0.005870288409364979,-19.493152454025466,-0.11024442710989923,260,0.0,13,1.0357142857142858,-0.058216537908450446,0.008302571425835691,0.05036677087617194,0.16484224184726448
cls|eq_sign@q2,learn,C,tick,952702.6792753096,-0.047297320724690506,-0.045704240640811356,0.005774265807472608,-8.25295177523766,-0.04808810847051037,258,0.0,13,1.0357142857142858,-0.024244371818516065,0.008302571425835691,0.05036677087617194,0.16484224184726448
cls|eq_sign@q3,full,A,0.0,1118203.536445611,0.11820353644561088,0.027986726295775366,0.007103037387809898,3.956862795445444,-0.0040116669043718245,55,0.78,50,4.0476190476190474,0.014298811749329966,0.014298811749329966,0.05771549013491999,0.247746518584595
cls|eq_sign@q3,full,A,0.25,998883.1661827054,-0.0011168338172945491,-0.0002760397382461921,0.007101339115142204,-0.035999897156239996,-0.016617352742046676,465,0.46,50,4.0476190476190474,-0.00013006078440003333,0.014298811749329966,0.05771549013491999,0.247746518584595
cls|eq_sign@q3,full,A,0.87,755055.2973743522,-0.24494470262564771,-0.06706029692603732,0.007124423966271492,-9.908436051211533,-0.24629854967797282,1016,0.02,50,4.0476190476190474,-0.035913664668050425,0.014298811749329966,0.05771549013491999,0.247746518584595
cls|eq_sign@q3,full,A,cs,398269.6414127973,-0.6017303585872027,-0.20343677914990754,0.007350994187592545,-31.473461852954312,-0.601900808282527,1019,0.0,50,4.0476190476190474,-0.11770514608490174,0.014298811749329966,0.05771549013491999,0.247746518584595
cls|eq_sign@q3,full,A,ar,510932.32946836256,-0.48906767053163747,-0.15287285038825316,0.007252732789240492,-23.267361587750404,-0.4892803693303158,1019,0.0,50,4.0476190476190474,-0.08585264362362234,0.014298811749329966,0.05771549013491999,0.247746518584595
cls|eq_sign@q3,full,A,tick,839454.2680452467,-0.1605457319547533,-0.04231475020251807,0.007113422691497336,-6.179848589280845,-0.16254652263887792,1016,0.02,50,4.0476190476190474,-0.02236460886498177,0.014298811749329966,0.05771549013491999,0.247746518584595
cls|eq_sign@q3,full,B,0.0,1075424.4944888426,0.07542449448884248,0.018127337797622545,0.007074089993139628,2.587087780207378,-0.005219458448558201,80,0.74,50,4.0476190476190474,0.009310791502512628,0.009310791502512628,0.05771549013491999,0.1613222287595069
cls|eq_sign@q3,full,B,0.25,960668.7782877666,-0.039331221712233355,-0.009864406205689957,0.007076960763283728,-1.4215283101686926,-0.04267824526556707,1013,0.36,50,4.0476190476190474,-0.005118081031217368,0.009310791502512628,0.05771549013491999,0.1613222287595069
cls|eq_sign@q3,full,B,0.87,726168.7269233007,-0.2738312730766993,-0.07600823942966362,0.00711142367023748,-11.305240075223825,-0.27508169641468927,1013,0.0,50,4.0476190476190474,-0.04090168491486775,0.009310791502512628,0.05771549013491999,0.1613222287595069
cls|eq_sign@q3,full,B,cs,383032.4027596572,-0.6169675972403428,-0.21107692901045538,0.007364571598873427,-32.74673679301571,-0.6170893896674666,1019,0.0,50,4.0476190476190474,-0.12269316633171906,0.009310791502512628,0.05771549013491999,0.1613222287595069
cls|eq_sign@q3,full,B,ar,491384.9484910845,-0.5086150515089155,-0.16099790516002532,0.007258516519217993,-24.599573264176197,-0.5087725898937374,1019,0.0,50,4.0476190476190474,-0.09084066387043967,0.009310791502512628,0.05771549013491999,0.1613222287595069
cls|eq_sign@q3,full,B,tick,807338.9508149318,-0.1926610491850682,-0.05149998637201225,0.00709562511992422,-7.577109398181752,-0.19472259372824985,1013,0.02,50,4.0476190476190474,-0.02735262911179911,0.009310791502512628,0.05771549013491999,0.1613222287595069
cls|eq_sign@q3,full,C,0.0,1027043.575620532,0.027043575620532057,0.006614385667075728,0.006907061697026148,0.974464432937612,-0.00740256142436535,189,0.58,50,4.0476190476190474,0.003424239906317505,0.003424239906317505,0.05771549013491999,0.05932965133472398
cls|eq_sign@q3,full,C,0.25,917450.3774879812,-0.0825496225120188,-0.02106085029056559,0.006910855868939611,-3.129960500212396,-0.08438440563738303,1012,0.2,50,4.0476190476190474,-0.011004632627412492,0.003424239906317505,0.05771549013491999,0.05932965133472398
cls|eq_sign@q3,full,C,0.87,693499.8194017438,-0.3065001805982561,-0.08645677993369649,0.0069482496790759934,-13.235989196400803,-0.30702069874233995,1018,0.0,50,4.0476190476190474,-0.04678823651106289,0.003424239906317505,0.05771549013491999,0.05932965133472398
cls|eq_sign@q3,full,C,cs,365800.3986158767,-0.6341996013841233,-0.21999817368994246,0.007206149384809369,-35.072308394255415,-0.6343466467732042,1019,0.0,50,4.0476190476190474,-0.12857971792791417,0.003424239906317505,0.05771549013491999,0.05932965133472398
cls|eq_sign@q3,full,C,ar,469278.4386843408,-0.5307215613156593,-0.17048540674146617,0.007095443543395067,-26.79564900466311,-0.5309123817557239,1019,0.0,50,4.0476190476190474,-0.0967272154666348,0.003424239906317505,0.05771549013491999,0.05932965133472398
cls|eq_sign@q3,full,C,tick,771018.4373200983,-0.22898156267990177,-0.06222564228131833,0.006930421130278231,-9.427267459143643,-0.22972725364334723,1016,0.0,50,4.0476190476190474,-0.033239180707994226,0.003424239906317505,0.05771549013491999,0.05932965133472398
cls|eq_sign@q3,hold,A,0.0,1083201.7028513388,0.08320170285133877,0.02689029088174677,0.007298332169563194,3.700307854133453,-0.0036603972953552777,38,0.7567567567567568,37,3.011904761904762,0.013739354827589301,0.013739354827589301,0.057407110180436455,0.23933193613831275
cls|eq_sign@q3,hold,A,0.25,996361.8516988175,-0.0036381483011825866,-0.0012093934946938445,0.007295421273745741,-0.16500460335155961,-0.016617352742027358,465,0.40540540540540543,37,3.011904761904762,-0.0006124227175198137,0.013739354827589301,0.057407110180436455,0.23933193613831275
cls|eq_sign@q3,hold,A,0.87,809863.552319062,-0.19013644768093807,-0.06762356724264551,0.007314771454063758,-9.728836549204033,-0.19076186470786527,758,0.02702702702702703,37,3.011904761904762,-0.03620483102939042,0.013739354827589301,0.057407110180436455,0.23933193613831275
cls|eq_sign@q3,hold,A,cs,500722.7890478424,-0.4992772109521576,-0.20519320147385178,0.007536006645483981,-30.980861960903184,-0.4993235981025409,758,0.0,37,3.011904761904762,-0.11877898942826023,0.013739354827589301,0.057407110180436455,0.23933193613831275
cls|eq_sign@q3,hold,A,ar,618146.9114744191,-0.381853088525581,-0.14760843637847998,0.007428056038584113,-21.8570401513072,-0.38189950429379904,758,0.0,37,3.011904761904762,-0.0825983511810607,0.013739354827589301,0.057407110180436455,0.23933193613831275
cls|eq_sign@q3,hold,A,tick,875820.9376264033,-0.12417906237359666,-0.04306822210076422,0.0073049378974306975,-6.123748992713972,-0.1251295542815033,758,0.02702702702702703,37,3.011904761904762,-0.02275824485715779,0.013739354827589301,0.057407110180436455,0.23933193613831275
cls|eq_sign@q3,hold,B,0.0,1051240.724837328,0.05124072483732811,0.016729596607944597,0.00726633047409376,2.3251654751995257,-0.0052153173944862186,80,0.7027027027027027,37,3.011904761904762,0.008595553901990747,0.008595553901990747,0.057407110180436455,0.14972977868027212
cls|eq_sign@q3,hold,B,0.25,966963.03468662,-0.03303696531337996,-0.01109209876742201,0.0072680379138706135,-1.5567383284174332,-0.03400893526405957,506,0.35135135135135137,37,3.011904761904762,-0.00575622364311837,0.008595553901990747,0.057407110180436455,0.14972977868027212
cls|eq_sign@q3,hold,B,0.87,785967.3068070074,-0.21403269319299256,-0.07684923449530323,0.007298902840055731,-11.135217545943625,-0.2145268813405451,758,0.0,37,3.011904761904762,-0.041348631954988974,0.008595553901990747,0.057407110180436455,0.14972977868027212
cls|eq_sign@q3,hold,B,cs,485947.79916772223,-0.5140522008322778,-0.2130578661524546,0.007547219203157993,-32.274488147584506,-0.5140274442618353,758,0.0,37,3.011904761904762,-0.12392279035385877,0.008595553901990747,0.057407110180436455,0.14972977868027212
cls|eq_sign@q3,hold,B,ar,599907.2267973096,-0.40009277320269043,-0.15604282340435605,0.007430962698003132,-23.209102398965737,-0.40006026986272025,758,0.0,37,3.011904761904762,-0.08774215210665923,0.008595553901990747,0.057407110180436455,0.14972977868027212
cls|eq_sign@q3,hold,B,tick,849978.6435392413,-0.15002135646075876,-0.05253681356475026,0.00728417909589998,-7.529230194443717,-0.15080824030834572,758,0.02702702702702703,37,3.011904761904762,-0.027902045782756343,0.008595553901990747,0.057407110180436455,0.14972977868027212
cls|eq_sign@q3,hold,C,0.0,1009567.4672468051,0.009567467246805128,0.003166453508734568,0.007085635781535811,0.45719131701247734,-0.007384376040363239,188,0.5405405405405406,37,3.011904761904762,0.0016480927731130914,0.0016480927731130914,0.057407110180436455,0.02870886146215976
cls|eq_sign@q3,hold,C,0.25,928630.6173216999,-0.07136938267830018,-0.024284133980442713,0.007089434815214659,-3.522193720470695,-0.07136011782564744,758,0.16216216216216217,37,3.011904761904762,-0.012703684771996026,0.0016480927731130914,0.057407110180436455,0.02870886146215976
cls|eq_sign@q3,hold,C,0.87,754809.7459009062,-0.2451902540990939,-0.0891641450078462,0.007126128007533488,-13.32151211222852,-0.2451640467552323,758,0.0,37,3.011904761904762,-0.04829609308386664,0.0016480927731130914,0.057407110180436455,0.02870886146215976
cls|eq_sign@q3,hold,C,cs,466683.51130170387,-0.5333164886982962,-0.22355584885833246,0.00738399527710985,-34.83731457845024,-0.5332717345687917,758,0.0,37,3.011904761904762,-0.13087025148273643,0.0016480927731130914,0.057407110180436455,0.02870886146215976
cls|eq_sign@q3,hold,C,ar,576125.4078932821,-0.42387459210671785,-0.16730133726661667,0.007261468222977913,-25.63144230072016,-0.42381863763768446,758,0.0,37,3.011904761904762,-0.09468961323553687,0.0016480927731130914,0.057407110180436455,0.02870886146215976
cls|eq_sign@q3,hold,C,tick,816283.6184146607,-0.18371638158533932,-0.06517601844627907,0.007108208625357443,-9.636772694198068,-0.1836943069256174,758,0.0,37,3.011904761904762,-0.034849506911634,0.0016480927731130914,0.057407110180436455,0.02870886146215976
cls|eq_sign@q3,learn,A,0.0,1032313.3110870719,0.032313311087071916,0.031181867727166912,0.006500574551269199,4.816618844833994,-0.0040116669043718245,55,0.8461538461538461,13,1.0357142857142858,0.01592938028382759,0.01592938028382759,0.05861428078512081,0.27176619879077746
cls|eq_sign@q3,learn,A,0.25,1002530.5208942026,0.0025305208942025814,0.0024431550472241437,0.0065028480429911665,0.38563600002709536,-0.00730501764644742,200,0.6153846153846154,13,1.0357142857142858,0.0012758100875473852,0.01592938028382759,0.05861428078512081,0.27176619879077746
cls|eq_sign@q3,learn,A,0.87,932324.0874493509,-0.0676759125506492,-0.0654203465747617,0.006538268131403984,-10.54160659974056,-0.0688955846974012,257,0.0,13,1.0357142857142858,-0.03506504399922752,0.01592938028382759,0.05861428078512081,0.27176619879077746
cls|eq_sign@q3,learn,A,cs,795389.4852082396,-0.2046105147917604,-0.19830693523546317,0.006783027736536085,-33.20189081664196,-0.204888101022777,260,0.0,13,1.0357142857142858,-0.11457536951298594,0.01592938028382759,0.05861428078512081,0.27176619879077746
cls|eq_sign@q3,learn,A,ar,826554.8528741552,-0.1734451471258448,-0.16799797991870635,0.006714092662724096,-27.910742850707006,-0.17373380932780802,260,0.0,13,1.0357142857142858,-0.0953374612256364,0.01592938028382759,0.05861428078512081,0.27176619879077746
cls|eq_sign@q3,learn,A,tick,958477.0493387466,-0.041522950661253444,-0.04012024639488243,0.006523391510756547,-6.393115153696168,-0.04451599258739669,257,0.0,13,1.0357142857142858,-0.021217334717598,0.01592938028382759,0.05861428078512081,0.27176619879077746
cls|eq_sign@q3,learn,B,0.0,1023004.9779086314,0.02300497790863143,0.0222029618939501,0.00648143252338102,3.4558381270714857,-0.0036804638440789406,60,0.8461538461538461,13,1.0357142857142858,0.011395391550845178,0.011395391550845178,0.05861428078512081,0.194413228281697
cls|eq_sign@q3,learn,B,0.25,993490.6959490019,-0.006509304050998033,-0.006285552223379787,0.006488135510179017,-0.9870749363079175,-0.012165055796140578,254,0.38461538461538464,13,1.0357142857142858,-0.0032581786454350275,0.011395391550845178,0.05861428078512081,0.194413228281697
cls|eq_sign@q3,learn,B,0.87,923917.2172101528,-0.07608278278984726,-0.07355823102266379,0.006534531477248366,-11.911467411158275,-0.07729246118916266,254,0.0,13,1.0357142857142858,-0.03959903273220993,0.011395391550845178,0.05861428078512081,0.194413228281697
cls|eq_sign@q3,learn,B,cs,788217.1776797128,-0.21178282232028722,-0.2052878919208163,0.006804254901264739,-34.40808111476807,-0.2120912533007,260,0.0,13,1.0357142857142858,-0.11910935824596836,0.011395391550845178,0.05861428078512081,0.194413228281697
cls|eq_sign@q3,learn,B,ar,819101.5652777182,-0.18089843472228173,-0.17524281225486893,0.006729333788086432,-29.17188063790242,-0.18121914844996856,260,0.0,13,1.0357142857142858,-0.09987144995861881,0.011395391550845178,0.05861428078512081,0.194413228281697
cls|eq_sign@q3,learn,B,tick,949834.3951951987,-0.050165604804801256,-0.04847839338528126,0.006515139425328711,-7.769104860239744,-0.051987354253856255,254,0.0,13,1.0357142857142858,-0.025751323450580413,0.011395391550845178,0.05861428078512081,0.194413228281697
cls|eq_sign@q3,learn,C,0.0,1017310.490819769,0.017310490819768987,0.016708618579723833,0.006357662870978945,2.6591483552439583,-0.00437590461875903,55,0.6923076923076923,13,1.0357142857142858,0.008600920210907225,0.008600920210907225,0.05861428078512081,0.14673762256740958
cls|eq_sign@q3,learn,C,0.25,987960.5091355237,-0.01203949086447631,-0.01162675903613175,0.006361505931437816,-1.8701686266541249,-0.016687358181684986,253,0.3076923076923077,13,1.0357142857142858,-0.006052649985372979,0.008600920210907225,0.05861428078512081,0.14673762256740958
cls|eq_sign@q3,learn,C,0.87,918774.3311051376,-0.08122566889486238,-0.07853782307687585,0.006401451574375023,-13.017152537367952,-0.08204116375750692,259,0.0,13,1.0357142857142858,-0.04239350407214788,0.008600920210907225,0.05861428078512081,0.14673762256740958
cls|eq_sign@q3,learn,C,cs,783829.7041940837,-0.2161702958059163,-0.2095593901533671,0.006660066906221148,-35.97774178668304,-0.21657810812973277,260,0.0,13,1.0357142857142858,-0.1219038295859063,0.008600920210907225,0.05861428078512081,0.14673762256740958
cls|eq_sign@q3,learn,C,ar,814542.1678247892,-0.18545783217521083,-0.17967581088429974,0.006587196588999759,-30.63520758457973,-0.18588143134832336,260,0.0,13,1.0357142857142858,-0.10266592129855677,0.008600920210907225,0.05861428078512081,0.14673762256740958
cls|eq_sign@q3,learn,C,tick,944547.238149311,-0.055452761850688925,-0.053592794249993414,0.006383781564069651,-8.789400714468227,-0.056513729580909056,257,0.0,13,1.0357142857142858,-0.028545794790518362,0.008600920210907225,0.05861428078512081,0.14673762256740958
cls|eq_sign@q4,full,A,0.0,1186747.8707466398,0.1867478707466399,0.04320801221507242,0.00789476918677058,5.454841383281492,-0.006098726675308086,47,0.92,50,4.0476190476190474,0.021909194989546053,0.021909194989546053,0.062319851399704536,0.3515604497999481
cls|eq_sign@q4,full,A,0.25,1050613.1796925936,0.05061317969259371,0.012272978429781034,0.007887821113154586,1.5772085237695597,-0.009643883400712538,353,0.7,50,4.0476190476190474,0.006329232139619918,0.021909194989546053,0.062319851399704536,0.3515604497999481
cls|eq_sign@q4,full,A,0.87,776625.0790400518,-0.22337492095994826,-0.060545479921533585,0.007896182602039548,-8.042711580015933,-0.2245034308581203,1016,0.0,50,4.0476190476190474,-0.0323090757281969,0.021909194989546053,0.062319851399704536,0.3515604497999481
cls|eq_sign@q4,full,A,cs,376555.9773950661,-0.6234440226049338,-0.2143937196894634,0.008100402064238428,-30.30047175695734,-0.6235226168644901,1019,0.0,50,4.0476190476190474,-0.12487077938922234,0.021909194989546053,0.062319851399704536,0.3515604497999481
cls|eq_sign@q4,full,A,ar,361155.675015583,-0.638844324984417,-0.22245683227055169,0.008104762917279252,-31.579106367251697,-0.6388770871344858,1019,0.0,50,4.0476190476190474,-0.13021020057291344,0.021909194989546053,0.062319851399704536,0.3515604497999481
cls|eq_sign@q4,full,A,tick,879927.9667906358,-0.12007203320936422,-0.031108443768602112,0.007890258204580673,-4.070714318376537,-0.12192895102619261,1016,0.18,50,4.0476190476190474,-0.01634055100176764,0.021909194989546053,0.062319851399704536,0.3515604497999481
cls|eq_sign@q4,full,B,0.0,1101436.7196696813,0.10143671966968126,0.024156857507596108,0.007840462581870697,3.101095014262157,-0.006852347593972019,62,0.8,50,4.0476190476190474,0.012369769750787655,0.012369769750787655,0.062319851399704536,0.19848843463138138
cls|eq_sign@q4,full,B,0.25,975087.9278836079,-0.024912072116392125,-0.006213325453781615,0.007841159907143676,-0.8047222133447274,-0.03173823371586171,464,0.4,50,4.0476190476190474,-0.003210193099138481,0.012369769750787655,0.062319851399704536,0.19848843463138138
cls|eq_sign@q4,full,B,0.87,720795.3268689531,-0.2792046731310469,-0.07770216178543876,0.007868598290836056,-10.453883965133425,-0.2802253904518083,1017,0.0,50,4.0476190476190474,-0.0418485009669553,0.012369769750787655,0.062319851399704536,0.19848843463138138
cls|eq_sign@q4,full,B,cs,349485.503023073,-0.650514496976927,-0.22874117435169816,0.008118692262817358,-32.541780087754816,-0.6505681982846382,1019,0.0,50,4.0476190476190474,-0.13441020462798073,0.012369769750787655,0.062319851399704536,0.19848843463138138
cls|eq_sign@q4,full,B,ar,335192.2522409573,-0.6648077477590427,-0.23665707079181408,0.008128327457471803,-33.79438955094226,-0.6648274316879725,1019,0.0,50,4.0476190476190474,-0.13974962581167183,0.012369769750787655,0.062319851399704536,0.19848843463138138
cls|eq_sign@q4,full,B,tick,816672.3282954772,-0.1833276717045228,-0.04880262537139923,0.007854104498962537,-6.476827664452066,-0.18500789818361085,1017,0.06,50,4.0476190476190474,-0.025879976240526043,0.012369769750787655,0.062319851399704536,0.19848843463138138
cls|eq_sign@q4,full,C,0.0,1048617.9829650933,0.04861798296509323,0.011797696148873715,0.007690066461338264,1.5554392331990634,-0.007095073777073524,82,0.68,50,4.0476190476190474,0.006085384147269955,0.006085384147269955,0.062319851399704536,0.09764760362215508
cls|eq_sign@q4,full,C,0.25,928328.0484931354,-0.07167195150686467,-0.018206022404040345,0.007692613631055294,-2.426034218409174,-0.07401106379605538,1010,0.24,50,4.0476190476190474,-0.00949457870265618,0.006085384147269955,0.062319851399704536,0.09764760362215508
cls|eq_sign@q4,full,C,0.87,686229.7028590442,-0.31377029714095583,-0.08883222858506212,0.00772511538236045,-12.247066504528133,-0.31431518574173234,1018,0.0,50,4.0476190476190474,-0.048132886570472995,0.006085384147269955,0.062319851399704536,0.09764760362215508
cls|eq_sign@q4,full,C,cs,332725.78049957845,-0.6672742195004215,-0.2380486529066127,0.007984466038544288,-34.63591494083845,-0.667337635453645,1019,0.0,50,4.0476190476190474,-0.1406945902314984,0.006085384147269955,0.062319851399704536,0.09764760362215508
cls|eq_sign@q4,full,C,ar,319117.9496514005,-0.6808820503485995,-0.24586903206080024,0.007995293338176517,-35.90167873730105,-0.6809281988659162,1019,0.0,50,4.0476190476190474,-0.14603401141518954,0.006085384147269955,0.062319851399704536,0.09764760362215508
cls|eq_sign@q4,full,C,tick,777509.0411132106,-0.22249095888678938,-0.06028141401213516,0.007708587374276577,-8.201537658070013,-0.22381596622712807,1015,0.0,50,4.0476190476190474,-0.03216436184404374,0.006085384147269955,0.062319851399704536,0.09764760362215508
cls|eq_sign@q4,hold,A,0.0,1137605.766702631,0.13760576670263114,0.04373478548937926,0.008194050409844125,5.3155405791694745,-0.006098726675307864,47,0.9459459459459459,37,3.011904761904762,0.02215903920496882,0.02215903920496882,0.06346911726321616,0.3491310445215724
cls|eq_sign@q4,hold,A,0.25,1037211.4062592983,0.03721140625929831,0.012204326228967943,0.008185853340506295,1.5107872965358287,-0.009643883400704767,353,0.7297297297297297,37,3.011904761904762,0.006291759889164777,0.02215903920496882,0.06346911726321616,0.3491310445215724
cls|eq_sign@q4,hold,A,0.87,824817.7198860152,-0.17518228011398485,-0.06194235378677393,0.008190659584790825,-7.933543344411303,-0.17561274286948192,758,0.0,37,3.011904761904762,-0.03305909281402925,0.02215903920496882,0.06346911726321616,0.3491310445215724
cls|eq_sign@q4,hold,A,cs,475398.71364632813,-0.5246012863536719,-0.2187713695027832,0.008386092771348028,-29.92868723422562,-0.5245830076285327,758,0.0,37,3.011904761904762,-0.12768861806617599,0.02215903920496882,0.06346911726321616,0.3491310445215724
cls|eq_sign@q4,hold,A,ar,467217.3198813112,-0.5327826801186888,-0.22326109042460207,0.008378457918195054,-30.65538146587121,-0.5327307200035627,758,0.0,37,3.011904761904762,-0.13066993466525154,0.02215903920496882,0.06346911726321616,0.3491310445215724
cls|eq_sign@q4,hold,A,tick,909676.0776489384,-0.09032392235106157,-0.03094202735876661,0.008186415054030087,-3.899583729162566,-0.09240548717246866,741,0.1891891891891892,37,3.011904761904762,-0.0162411533093545,0.02215903920496882,0.06346911726321616,0.3491310445215724
cls|eq_sign@q4,hold,B,0.0,1070434.6127255438,0.07043461272554374,0.02285585397391876,0.00813116359133031,2.8298595869264758,-0.00685234759397213,62,0.7837837837837838,37,3.011904761904762,0.011706375275637762,0.011706375275637762,0.06346911726321616,0.18444206852743247
cls|eq_sign@q4,hold,B,0.25,975967.8555960445,-0.024032144403955513,-0.008043965832210231,0.008131213755492847,-1.0058366717792813,-0.031738233715859265,464,0.35135135135135137,37,3.011904761904762,-0.004160904040166277,0.011706375275637762,0.06346911726321616,0.18444206852743247
cls|eq_sign@q4,hold,B,0.87,776114.6708239566,-0.22388532917604342,-0.08070762871419646,0.008156614033260364,-10.485565297805596,-0.2243876749870728,758,0.0,37,3.011904761904762,-0.0435117567433603,0.011706375275637762,0.06346911726321616,0.18444206852743247
cls|eq_sign@q4,hold,B,cs,447327.0189610866,-0.5526729810389135,-0.23439983265797482,0.00840218953000087,-32.316636386365886,-0.55261493256397,758,0.0,37,3.011904761904762,-0.13814128199550704,0.011706375275637762,0.06346911726321616,0.18444206852743247
cls|eq_sign@q4,hold,B,ar,439628.657955483,-0.560371342044517,-0.23879977602467706,0.00840007759625468,-33.022383021936726,-0.5602976554491693,758,0.0,37,3.011904761904762,-0.1411225985945826,0.011706375275637762,0.06346911726321616,0.18444206852743247
cls|eq_sign@q4,hold,B,tick,855962.6784015871,-0.14403732159841298,-0.05032734001965722,0.008142792488925328,-6.443657656230555,-0.14495188532662207,758,0.05405405405405406,37,3.011904761904762,-0.02669381723868556,0.011706375275637762,0.06346911726321616,0.18444206852743247
cls|eq_sign@q4,hold,C,0.0,1034132.914837216,0.03413291483721603,0.011205870913085336,0.007989480532590316,1.4221281740855256,-0.007056839714279062,82,0.6486486486486487,37,3.011904761904762,0.005780456533223705,0.005780456533223705,0.06346911726321616,0.09107510522402991
cls|eq_sign@q4,hold,C,0.25,942869.7094790521,-0.05713029052094787,-0.019342046172730387,0.007991867343700951,-2.4808543496492006,-0.05834913364690608,758,0.21621621621621623,37,3.011904761904762,-0.010086822782580336,0.005780456533223705,0.06346911726321616,0.09107510522402991
cls|eq_sign@q4,hold,C,0.87,749793.9716465747,-0.2502060283534253,-0.09117817411451568,0.008023480173298169,-12.111289968439344,-0.2505697598226343,758,0.0,37,3.011904761904762,-0.04943767548577436,0.005780456533223705,0.06346911726321616,0.09107510522402991
cls|eq_sign@q4,hold,C,cs,432156.4120499114,-0.5678435879500886,-0.24311998429427273,0.008280468998063872,-34.198363623687264,-0.5678393158771254,758,0.0,37,3.011904761904762,-0.14406720073792106,0.005780456533223705,0.06346911726321616,0.09107510522402991
cls|eq_sign@q4,hold,C,ar,424719.1054220807,-0.5752808945779193,-0.24746982845776566,0.008280507395981296,-34.905900309669086,-0.5752606261665956,758,0.0,37,3.011904761904762,-0.1470485173369967,0.005780456533223705,0.06346911726321616,0.09107510522402991
cls|eq_sign@q4,hold,C,tick,826934.1555589779,-0.17306584444102213,-0.06114387467089766,0.008007029885511099,-8.007632538061486,-0.17402819911560785,758,0.0,37,3.011904761904762,-0.032619735981099615,0.005780456533223705,0.06346911726321616,0.09107510522402991
cls|eq_sign@q4,learn,A,0.0,1043197.833100363,0.04319783310036307,0.04167764156390219,0.006949537679875962,5.990814818456463,-0.0030935788114212492,28,0.8461538461538461,13,1.0357142857142858,0.02118101002951896,0.02118101002951896,0.05897025166826538,0.3591812724265079
cls|eq_sign@q4,learn,A,0.25,1012920.9661139693,0.012920966113969312,0.012472648646206785,0.006946817418369492,1.821756767461904,-0.004428046265467445,83,0.6153846153846154,13,1.0357142857142858,0.0064384471124526105,0.02118101002951896,0.05897025166826538,0.3591812724265079
cls|eq_sign@q4,learn,A,0.87,941571.7683021866,-0.058428231697813415,-0.056471475344684996,0.006967370852531769,-8.498181616859972,-0.05965872562928953,257,0.0,13,1.0357142857142858,-0.03012310892187193,0.02118101002951896,0.05897025166826538,0.3591812724265079
cls|eq_sign@q4,learn,A,cs,792084.5525787623,-0.2079154474212377,-0.20152342431968862,0.007202351603543107,-31.837243976962636,-0.20806316754506038,260,0.0,13,1.0357142857142858,-0.11665803073355209,0.02118101002951896,0.05897025166826538,0.3591812724265079
cls|eq_sign@q4,learn,A,ar,772992.9085405413,-0.22700709145945874,-0.22011327744148435,0.007248510755820967,-34.946133147667034,-0.22709456277437445,260,0.0,13,1.0357142857142858,-0.128870279810346,0.02118101002951896,0.05897025166826538,0.3591812724265079
cls|eq_sign@q4,learn,A,tick,967298.127774019,-0.03270187222598098,-0.03159222796216676,0.006955715572121433,-4.699505221164123,-0.034881281899145744,257,0.15384615384615385,13,1.0357142857142858,-0.0166302511437308,0.02118101002951896,0.05897025166826538,0.3591812724265079
cls|eq_sign@q4,learn,B,0.0,1028962.1678667687,0.02896216786676864,0.027949646360811764,0.006924038478190668,4.060420491553828,-0.0036427794567907013,29,0.8461538461538461,13,1.0357142857142858,0.014303270106406472,0.014303270106406472,0.05897025166826538,0.24255060308829787
cls|eq_sign@q4,learn,B,0.25,999098.4050269747,-0.0009015949730252215,-0.0008705190271879326,0.006926882347037014,-0.12465549512363278,-0.009556111410492951,148,0.5384615384615384,13,1.0357142857142858,-0.00043929281065987563,0.014303270106406472,0.05897025166826538,0.24255060308829787
cls|eq_sign@q4,learn,B,0.87,928722.7183886542,-0.07127728161134583,-0.06890617527500398,0.006961258461586101,-10.447660992769737,-0.07197237548228397,258,0.0,13,1.0357142857142858,-0.03700084884498442,0.014303270106406472,0.05897025166826538,0.24255060308829787
cls|eq_sign@q4,learn,B,cs,781275.1928885238,-0.21872480711147624,-0.21204675687285912,0.007227316734175827,-33.59779565969587,-0.21886795946254245,260,0.0,13,1.0357142857142858,-0.12353577065666455,0.014303270106406472,0.05897025166826538,0.24255060308829787
cls|eq_sign@q4,learn,B,ar,762444.0449350908,-0.23755595506490923,-0.23039165068348044,0.007278553926980718,-36.65924718905952,-0.23763135478252362,260,0.0,13,1.0357142857142858,-0.1357480197334585,0.014303270106406472,0.05897025166826538,0.24255060308829787
cls|eq_sign@q4,learn,B,tick,954098.0569626392,-0.04590194303736084,-0.04435476063830346,0.006944664942475818,-6.653640978180001,-0.04691017591108282,258,0.07692307692307693,13,1.0357142857142858,-0.02350799106684329,0.014303270106406472,0.05897025166826538,0.24255060308829787
cls|eq_sign@q4,learn,C,0.0,1014006.9694330771,0.01400696943307711,0.013520720118824991,0.0067421454232210005,2.0332275820846584,-0.004583095168278928,64,0.7692307692307693,13,1.0357142857142858,0.006974112757895187,0.006974112757895187,0.05897025166826538,0.11826493122545514
cls|eq_sign@q4,learn,C,0.25,984577.2317853513,-0.015422768214648719,-0.01489492949510196,0.006745232093611931,-2.263771716221294,-0.018554738725419462,251,0.3076923076923077,13,1.0357142857142858,-0.007768450159171159,0.006974112757895187,0.05897025166826538,0.11826493122545514
cls|eq_sign@q4,learn,C,0.87,915224.35336745,-0.0847756466325501,-0.08197564433315085,0.00678093899948838,-12.849999119666093,-0.08509693963801657,259,0.0,13,1.0357142857142858,-0.0443300061934957,0.006974112757895187,0.05897025166826538,0.11826493122545514
cls|eq_sign@q4,learn,C,cs,769919.8050106746,-0.23008019498932542,-0.2231070792765404,0.007049601324828723,-36.48831907430216,-0.23020834578008353,260,0.0,13,1.0357142857142858,-0.13086492800517585,0.006974112757895187,0.05897025166826538,0.11826493122545514
cls|eq_sign@q4,learn,C,ar,751362.3606224593,-0.2486376393775407,-0.24119446642470133,0.007098981566311662,-39.61589372296914,-0.24873611038789634,260,0.0,13,1.0357142857142858,-0.14307717708196976,0.006974112757895187,0.05897025166826538,0.11826493122545514
cls|eq_sign@q4,learn,C,tick,940230.8949104268,-0.05976910508957323,-0.05776883408042688,0.006764207606498741,-8.960916407560623,-0.06047777087003359,256,0.0,13,1.0357142857142858,-0.03083714841535457,0.006974112757895187,0.05897025166826538,0.11826493122545514
cls|eq_sign@q5,full,A,0.0,1374278.837836999,0.374278837836999,0.08171440261953844,0.009690741883619378,8.250682828503999,-0.005918631863927382,18,1.0,50,4.0476190476190474,0.04067726783406742,0.04067726783406742,0.06414599013908341,0.6341357853525942
cls|eq_sign@q5,full,A,0.25,1212296.6571461484,0.21229665714614843,0.04871219525204595,0.009676916049104796,5.005096443383728,-0.006124589242712863,42,0.94,50,4.0476190476190474,0.02464077029929657,0.04067726783406742,0.06414599013908341,0.6341357853525942
cls|eq_sign@q5,full,A,0.87,888244.7093325597,-0.11175529066744028,-0.02885398602735001,0.00966304818376867,-3.077602784226337,-0.11495177642602383,1015,0.16,50,4.0476190476190474,-0.015129743586935139,0.04067726783406742,0.06414599013908341,0.6341357853525942
cls|eq_sign@q5,full,A,cs,356185.1526901339,-0.6438148473098662,-0.22511446545714464,0.009836945400819617,-26.370864078637887,-0.643882243315878,1019,0.0,50,4.0476190476190474,-0.13197433359482913,0.04067726783406742,0.06414599013908341,0.6341357853525942
cls|eq_sign@q5,full,A,ar,191066.36810907917,-0.8089336318909208,-0.335629674679194,0.010056709841187549,-41.36000509971476,-0.8089462759432311,1019,0.0,50,4.0476190476190474,-0.2116125205117362,0.04067726783406742,0.06414599013908341,0.6341357853525942
cls|eq_sign@q5,full,A,tick,952215.0979414845,-0.04778490205851549,-0.012024193516604331,0.009670281239056276,-1.267792049174391,-0.06514806328143252,911,0.42,50,4.0476190476190474,-0.006237233245907518,0.04067726783406742,0.06414599013908341,0.6341357853525942
cls|eq_sign@q5,full,B,0.0,1160626.855176548,0.16062685517654796,0.0374875203802294,0.009566299035248516,3.9184825930959737,-0.0067991384945627065,49,0.88,50,4.0476190476190474,0.01907070423787755,0.01907070423787755,0.06414599013908341,0.29730158029407344
cls|eq_sign@q5,full,B,0.25,1023826.4240274932,0.023826424027493243,0.0058344497073417045,0.009565139176092035,0.6235180258049537,-0.012754210806009025,358,0.56,50,4.0476190476190474,0.0030342067031066985,0.01907070423787755,0.06414599013908341,0.29730158029407344
cls|eq_sign@q5,full,B,0.87,750151.94193732,-0.24984805806267996,-0.06856078680996536,0.009582939653495996,-7.535149756766722,-0.2519091637414972,1015,0.02,50,4.0476190476190474,-0.03673630718312501,0.01907070423787755,0.06414599013908341,0.29730158029407344
cls|eq_sign@q5,full,B,cs,300808.4018598312,-0.6991915981401688,-0.2567978936038532,0.009852755763666473,-30.639002808928847,-0.6992380643239382,1019,0.0,50,4.0476190476190474,-0.153580897191019,0.01907070423787755,0.06414599013908341,0.29730158029407344
cls|eq_sign@q5,full,B,ar,161360.33272527065,-0.8386396672747294,-0.3627949564262193,0.010131365729330806,-45.24715067736663,-0.8386488765351794,1019,0.0,50,4.0476190476190474,-0.23321908410792608,0.01907070423787755,0.06414599013908341,0.29730158029407344
cls|eq_sign@q5,full,B,tick,804177.4907850182,-0.1958225092149818,-0.052418976279018925,0.009579609408459904,-5.713152252793723,-0.19809921294064026,1015,0.06,50,4.0476190476190474,-0.0278437968420974,0.01907070423787755,0.06414599013908341,0.29730158029407344
cls|eq_sign@q5,full,C,0.0,1068462.6330679315,0.06846263306793143,0.016495003638742123,0.009396670337099034,1.7759545046182343,-0.007588719567346192,86,0.72,50,4.0476190476190474,0.00849005851321916,0.00849005851321916,0.06414599013908341,0.13235524924957492
cls|eq_sign@q5,full,C,0.25,942525.1794804505,-0.05747482051954955,-0.01451765280248074,0.009397857640408456,-1.578368295023174,-0.06126257632266063,908,0.3,50,4.0476190476190474,-0.007546439021551693,0.00849005851321916,0.06414599013908341,0.13235524924957492
cls|eq_sign@q5,full,C,0.87,690582.5923937178,-0.3094174076062821,-0.08740769614980237,0.00942183339536261,-9.871348678412884,-0.30985498799353983,1018,0.0,50,4.0476190476190474,-0.047316952907783406,0.00849005851321916,0.06414599013908341,0.13235524924957492
cls|eq_sign@q5,full,C,cs,276920.9132397058,-0.7230790867602942,-0.27183622624772663,0.009706676531623737,-33.24267865564468,-0.7231768950193953,1019,0.0,50,4.0476190476190474,-0.16416154291567736,0.00849005851321916,0.06414599013908341,0.13235524924957492
cls|eq_sign@q5,full,C,ar,148546.39817470132,-0.8514536018252987,-0.375688649128203,0.009998728643906468,-47.92736817104992,-0.8514781085359597,1019,0.0,50,4.0476190476190474,-0.24379972983258444,0.00849005851321916,0.06414599013908341,0.13235524924957492
cls|eq_sign@q5,full,C,tick,740318.0396121546,-0.2596819603878454,-0.07159248593130996,0.00941854621807816,-8.018974750503094,-0.2601631240367204,1018,0.02,50,4.0476190476190474,-0.038424442566755784,0.00849005851321916,0.06414599013908341,0.13235524924957492
cls|eq_sign@q5,hold,A,0.0,1264395.0038340904,0.2643950038340903,0.08100248123813714,0.009777473036449718,8.104448348318433,-0.005918631863929158,18,1.0,37,3.011904761904762,0.04031391188491196,0.04031391188491196,0.0651476950656946,0.6188079539001283
cls|eq_sign@q5,hold,A,0.25,1149998.492406944,0.14999849240694396,0.04749619388717585,0.009761988372319065,4.837892245356284,-0.006124589242712197,42,0.9459459459459459,37,3.011904761904762,0.024026988118488305,0.04031391188491196,0.0651476950656946,0.6188079539001283
cls|eq_sign@q5,hold,A,0.87,908984.9301609539,-0.09101506983904606,-0.031186540791159012,0.009744096439312504,-3.3010986904465667,-0.09674815071865861,730,0.13513513513513514,37,3.011904761904762,-0.016364582822242346,0.04031391188491196,0.0651476950656946,0.6188079539001283
cls|eq_sign@q5,hold,A,cs,466003.144736225,-0.533996855263775,-0.22393186031752288,0.009894399575751407,-26.045984005655434,-0.5340040118015024,758,0.0,37,3.011904761904762,-0.1311097746721536,0.04031391188491196,0.0651476950656946,0.6188079539001283
cls|eq_sign@q5,hold,A,ar,285562.1638739338,-0.7144378361260662,-0.340394884680256,0.010122699151014138,-41.78983154871906,-0.714424295693824,758,0.0,37,3.011904761904762,-0.2152146379422274,0.04031391188491196,0.0651476950656946,0.6188079539001283
cls|eq_sign@q5,hold,A,tick,968017.2557697773,-0.031982744230222626,-0.010734267436461886,0.00975155368087343,-1.120381650460789,-0.05482208528581689,725,0.43243243243243246,37,3.011904761904762,-0.005558334252917154,0.04031391188491196,0.0651476950656946,0.6188079539001283
cls|eq_sign@q5,hold,B,0.0,1108862.0475966916,0.10886204759669171,0.03490395334196261,0.009635446087961052,3.6251114387735934,-0.006799138494560042,49,0.8918918918918919,37,3.011904761904762,0.017770434387033924,0.017770434387033924,0.0651476950656946,0.2727714981952057
cls|eq_sign@q5,hold,B,0.25,1008536.8319324977,0.008536831932497657,0.002826319878478367,0.009632905572082134,0.30271120733526224,-0.01275421080600414,358,0.5135135135135135,37,3.011904761904762,0.0014835106206102762,0.017770434387033924,0.0651476950656946,0.2727714981952057
cls|eq_sign@q5,hold,B,0.87,797169.2552942001,-0.20283074470579987,-0.07250148484330332,0.009647425672102545,-7.927263289146562,-0.20370620142316875,758,0.02702702702702703,37,3.011904761904762,-0.03890806032012038,0.017770434387033924,0.0651476950656946,0.2727714981952057
cls|eq_sign@q5,hold,B,cs,408677.6260220528,-0.5913223739779472,-0.25702824815031866,0.009893074838366316,-30.528509831356743,-0.5912766998477732,758,0.0,37,3.011904761904762,-0.1536532521700316,0.017770434387033924,0.0651476950656946,0.2727714981952057
cls|eq_sign@q5,hold,B,ar,250432.89080341274,-0.7495671091965872,-0.3685251958444946,0.01018513154169335,-45.88427255907322,-0.7495233966206574,758,0.0,37,3.011904761904762,-0.23775811544010542,0.017770434387033924,0.0651476950656946,0.2727714981952057
cls|eq_sign@q5,hold,B,tick,848940.3344712314,-0.1510596655287686,-0.052921243339110635,0.00964288323597398,-5.728257806886512,-0.15340366978968933,730,0.05405405405405406,37,3.011904761904762,-0.028101811750795187,0.017770434387033924,0.0651476950656946,0.2727714981952057
cls|eq_sign@q5,hold,C,0.0,1041918.5431083706,0.04191854310837062,0.013727184108023316,0.009479765350268244,1.4670249802796587,-0.007588719567346858,86,0.7027027027027027,37,3.011904761904762,0.007075220073276894,0.007075220073276894,0.0651476950656946,0.10860276892593482
cls|eq_sign@q5,hold,C,0.25,947649.9091339558,-0.05235009086604414,-0.017694123863005284,0.009480622606356187,-1.9098455376875705,-0.05703290293933161,714,0.2702702702702703,37,3.011904761904762,-0.009211703693146757,0.007075220073276894,0.0651476950656946,0.10860276892593482
cls|eq_sign@q5,hold,C,0.87,749042.5512131677,-0.25095744878683224,-0.09148067314829245,0.009503886935691793,-10.258981117945336,-0.2510629752592427,758,0.0,37,3.011904761904762,-0.04960327463387741,0.007075220073276894,0.0651476950656946,0.10860276892593482
cls|eq_sign@q5,hold,C,cs,384004.43775689823,-0.6159955622431017,-0.27223182352712116,0.009773643071395308,-33.0525008290912,-0.6160038516917028,758,0.0,37,3.011904761904762,-0.16434846648378862,0.007075220073276894,0.0651476950656946,0.10860276892593482
cls|eq_sign@q5,hold,C,ar,235313.2503019867,-0.7646867496980133,-0.38144736032413584,0.010079824696405329,-48.44924189389436,-0.7646735828790124,758,0.0,37,3.011904761904762,-0.24845332975386247,0.007075220073276894,0.0651476950656946,0.10860276892593482
cls|eq_sign@q5,hold,C,tick,797688.1512033846,-0.20231184879661535,-0.07230108042096683,0.009499681490022104,-8.027578031177379,-0.20242910187286867,758,0.02702702702702703,37,3.011904761904762,-0.038797026064552216,0.007075220073276894,0.0651476950656946,0.10860276892593482
cls|eq_sign@q5,learn,A,0.0,1086906.254508852,0.08690625450885214,0.08378736805396625,0.009433636166891315,8.696206680404561,-0.003661841503522778,12,1.0,13,1.0357142857142858,0.04173628910003375,0.04173628910003375,0.0612264650233666,0.6816707298731915
cls|eq_sign@q5,learn,A,0.25,1054172.3881818526,0.05417238818185255,0.05225641038729134,0.009424783811983408,5.512080274614946,-0.003902229120398948,28,0.9230769230769231,13,1.0357142857142858,0.0264296728441921,0.04173628910003375,0.0612264650233666,0.6816707298731915
cls|eq_sign@q5,learn,A,0.87,977183.0971667425,-0.022816902833257435,-0.022038848603851746,0.00942291113826666,-2.4052878465944465,-0.027135917638628215,256,0.23076923076923078,13,1.0357142857142858,-0.011530735470295195,0.04173628910003375,0.0612264650233666,0.6816707298731915
cls|eq_sign@q5,learn,A,cs,764340.6631767454,-0.23565933682325457,-0.22854330524597122,0.00966770255349348,-27.34482966932761,-0.23576365608321703,260,0.0,13,1.0357142857142858,-0.13449413900030666,0.04173628910003375,0.0612264650233666,0.6816707298731915
cls|eq_sign@q5,learn,A,ar,669088.528806044,-0.33091147119395603,-0.3215757056143774,0.009860636481776508,-40.08966114275622,-0.33092072064557776,260,0.0,13,1.0357142857142858,-0.20111394750016284,0.04173628910003375,0.0612264650233666,0.6816707298731915
cls|eq_sign@q5,learn,A,tick,983675.747788488,-0.016324252211511903,-0.015765808215596033,0.009429598372341233,-1.7126092126743906,-0.02430628521426581,152,0.38461538461538464,13,1.0357142857142858,-0.008215922387205452,0.04173628910003375,0.0612264650233666,0.6816707298731915
cls|eq_sign@q5,learn,B,0.0,1046682.8201867477,0.04668282018674774,0.045037360031151996,0.009361888416162758,4.799718483410318,-0.003840463004462835,32,0.8461538461538461,13,1.0357142857142858,0.02286041354837268,0.02286041354837268,0.0612264650233666,0.37337470879052354
cls|eq_sign@q5,learn,B,0.25,1015160.1722524146,0.015160172252414617,0.014633601580928524,0.00936478317472315,1.5854872110947644,-0.008175412589773057,93,0.6923076923076923,13,1.0357142857142858,0.007553797292531024,0.02286041354837268,0.0612264650233666,0.37337470879052354
cls|eq_sign@q5,learn,B,0.87,941019.6604490085,-0.05898033955099158,-0.0570056582126528,0.009392141495053677,-6.363536436949268,-0.061723835524778004,256,0.0,13,1.0357142857142858,-0.030406611021956267,0.02286041354837268,0.0612264650233666,0.37337470879052354
cls|eq_sign@q5,learn,B,cs,736053.0224955264,-0.2639469775044736,-0.2561276060741554,0.009734536018742272,-30.96851252313695,-0.26406547105725453,260,0.0,13,1.0357142857142858,-0.15337001455196772,0.02286041354837268,0.0612264650233666,0.37337470879052354
cls|eq_sign@q5,learn,B,ar,644325.6403246806,-0.35567435967531935,-0.34583397311148556,0.009970944456796459,-43.36720539004925,-0.3557126371882836,260,0.0,13,1.0357142857142858,-0.2199898230518239,0.02286041354837268,0.0612264650233666,0.37337470879052354
cls|eq_sign@q5,learn,B,tick,947272.0969087991,-0.0527279030912009,-0.05095684645406584,0.00939299345797185,-5.669293635400255,-0.05605736306628961,256,0.07692307692307693,13,1.0357142857142858,-0.027091797938866524,0.02286041354837268,0.0612264650233666,0.37337470879052354
cls|eq_sign@q5,learn,C,0.0,1025476.1661889536,0.025476166188953542,0.0245869670154375,0.009150169549232109,2.7096173367149183,-0.005597772186835881,48,0.7692307692307693,13,1.0357142857142858,0.012613684393813723,0.012613684393813723,0.0612264650233666,0.2060168652395628
cls|eq_sign@q5,learn,C,0.25,994592.1699520935,-0.005407830047906459,-0.0052218408909050495,0.009152259514667851,-0.5783519205851753,-0.011261653048385889,149,0.38461538461538464,13,1.0357142857142858,-0.002692931862027927,0.012613684393813723,0.0612264650233666,0.2060168652395628
cls|eq_sign@q5,learn,C,0.87,921953.7545300022,-0.07804624546999772,-0.07545923784500863,0.009178095497456457,-8.706403792933232,-0.07903702524957557,259,0.0,13,1.0357142857142858,-0.04065334017651522,0.012613684393813723,0.0612264650233666,0.2060168652395628
cls|eq_sign@q5,learn,C,cs,721139.8775943891,-0.27886012240561087,-0.2706845888235817,0.009509046099729697,-33.82096038410107,-0.27914721054275715,260,0.0,13,1.0357142857142858,-0.16361674370652668,0.012613684393813723,0.0612264650233666,0.2060168652395628
cls|eq_sign@q5,learn,C,ar,631270.8612203735,-0.36872913877962643,-0.35863559186729577,0.009756285585652905,-46.385785147819725,-0.36886515398829567,260,0.0,13,1.0357142857142858,-0.23023655220638287,0.012613684393813723,0.0612264650233666,0.2060168652395628
cls|eq_sign@q5,learn,C,tick,928079.5239283906,-0.07192047607160945,-0.06952878355579906,0.00917819913444263,-7.996406242638587,-0.07329446991361688,259,0.0,13,1.0357142857142858,-0.03733852709342548,0.012613684393813723,0.0612264650233666,0.2060168652395628
cls|eq_size,full,A,0.0,1067677.507776775,0.06767750777677484,0.01631041480603357,0.0023105973248169834,7.124488332998943,-0.002083312179629093,48,0.98,50,4.0476190476190474,0.008374961173645282,0.008374961173645282,0.017315614910808946,0.48366524762671703
cls|eq_size,full,A,0.25,1032137.2150725267,0.03213721507252676,0.007845486269481894,0.0023047986135761554,3.4505967110964977,-0.0022357425947531206,111,0.8,50,4.0476190476190474,0.004046057445943045,0.008374961173645282,0.017315614910808946,0.48366524762671703
cls|eq_size,full,A,0.87,949018.7358282615,-0.05098126417173854,-0.012844577454783401,0.0022993481932904116,-5.718631296125299,-0.051307696306700956,1017,0.1,50,4.0476190476190474,-0.006689623798758501,0.008374961173645282,0.017315614910808946,0.48366524762671703
cls|eq_size,full,A,cs,773367.4358356112,-0.22663256416438882,-0.06152059347446537,0.00234207430271852,-27.578816383205663,-0.22668058216623344,1019,0.0,50,4.0476190476190474,-0.03286102826134438,0.008374961173645282,0.017315614910808946,0.48366524762671703
cls|eq_size,full,A,ar,830957.2624532094,-0.16904273754679067,-0.04471885642008966,0.0023205484203199945,-20.05539375731128,-0.16910238569597047,1019,0.0,50,4.0476190476190474,-0.023677000560858853,0.008374961173645282,0.017315614910808946,0.48366524762671703
cls|eq_size,full,A,tick,976259.730020511,-0.02374026997948908,-0.005918403125265703,0.002301393896680636,-2.6228389878946334,-0.024319949513287198,1017,0.26,50,4.0476190476190474,-0.003070912514609649,0.008374961173645282,0.017315614910808946,0.48366524762671703
cls|eq_size,full,B,0.0,1031464.9933173876,0.03146499331738761,0.007683276889911328,0.0022592982918469614,3.447565208636765,-0.002171487638141678,79,0.8,50,4.0476190476190474,0.00396269749028493,0.00396269749028493,0.017315614910808946,0.22885109831192255
cls|eq_size,full,B,0.25,997130.0590790339,-0.002869940920966041,-0.0007098116004233823,0.002258949216374921,-0.31865035966704525,-0.006988966854349576,465,0.48,50,4.0476190476190474,-0.0003662062374173074,0.00396269749028493,0.017315614910808946,0.22885109831192255
cls|eq_size,full,B,0.87,916830.5741434363,-0.08316942585656373,-0.021224282586868037,0.0022672050307692526,-9.625009533191077,-0.08338494772770266,1019,0.02,50,4.0476190476190474,-0.011101887482118855,0.00396269749028493,0.017315614910808946,0.22885109831192255
cls|eq_size,full,B,cs,747136.6124272962,-0.25286338757270377,-0.06948718709626567,0.002341428279069238,-31.290466294203796,-0.25290803112023585,1019,0.0,50,4.0476190476190474,-0.037273291944704724,0.00396269749028493,0.017315614910808946,0.22885109831192255
cls|eq_size,full,B,ar,802773.2043376537,-0.19722679566234624,-0.0528280543712043,0.002312768596396335,-23.872798119304647,-0.197282544911764,1019,0.0,50,4.0476190476190474,-0.02808926424421921,0.00396269749028493,0.017315614910808946,0.22885109831192255
cls|eq_size,full,B,tick,943147.6878652743,-0.056852312134725747,-0.014356887062156432,0.0022635214787059183,-6.49825118652689,-0.05712161461434617,1017,0.08,50,4.0476190476190474,-0.007483176197970002,0.00396269749028493,0.017315614910808946,0.22885109831192255
cls|eq_size,full,C,0.0,1015854.6662494161,0.015854666249416116,0.0038938693900991694,0.002170616359832606,1.822523450883919,-0.0021311843850974066,82,0.72,50,4.0476190476190474,0.002012616615113559,0.002012616615113559,0.017315614910808946,0.11623131061070324
cls|eq_size,full,C,0.25,982039.3494677432,-0.017960650532256817,-0.004467659765433951,0.002170899586452685,-2.0972383876786624,-0.01936344533258272,958,0.26,50,4.0476190476190474,-0.0023162871125886773,0.002012616615113559,0.017315614910808946,0.11623131061070324
cls|eq_size,full,C,0.87,902955.1012035303,-0.09704489879646971,-0.024904993002767162,0.002181085296973185,-11.762469371873022,-0.09726832590146217,1018,0.0,50,4.0476190476190474,-0.013051968357290226,0.002012616615113559,0.017315614910808946,0.11623131061070324
cls|eq_size,full,C,cs,735829.2696192036,-0.2641707303807964,-0.07298641851270382,0.002260918230176451,-34.10006632956888,-0.26421204705171064,1019,0.0,50,4.0476190476190474,-0.03922337281987609,0.002012616615113559,0.017315614910808946,0.11623131061070324
cls|eq_size,full,C,ar,790623.8644161508,-0.20937613558384915,-0.05638992715859681,0.0022299133067793363,-26.478758876932886,-0.20942801450481363,1019,0.0,50,4.0476190476190474,-0.030039345119390583,0.002012616615113559,0.017315614910808946,0.11623131061070324
cls|eq_size,full,C,tick,928873.9418170867,-0.0711260581829134,-0.018063418661981245,0.002176070623882313,-8.520867796967915,-0.07138799215306235,1018,0.0,50,4.0476190476190474,-0.009433257073141372,0.002012616615113559,0.017315614910808946,0.11623131061070324
cls|eq_size,hold,A,0.0,1048223.7165248955,0.048223716524895544,0.015759856596612165,0.0022475150452277684,7.075071440986351,-0.002083312179628427,48,0.972972972972973,37,3.011904761904762,0.008089809477858225,0.008089809477858225,0.016858977098595684,0.47985173896060923
cls|eq_size,hold,A,0.25,1022812.2081592146,0.022812208159214586,0.007517027602199189,0.002240877630847692,3.399037974486304,-0.002235742594754342,111,0.8108108108108109,37,3.011904761904762,0.0038750652032093036,0.008089809477858225,0.016858977098595684,0.47985173896060923
cls|eq_size,hold,A,0.87,962418.1914968216,-0.03758180850317838,-0.01263773272203339,0.0022332566151603635,-5.789184766096941,-0.037778695050925015,741,0.10810810810810811,37,3.011904761904762,-0.006577500597920022,0.008089809477858225,0.016858977098595684,0.47985173896060923
cls|eq_size,hold,A,cs,829422.548096761,-0.17057745190323903,-0.06020680950291435,0.002270341611641966,-27.807504991902096,-0.17057471957306136,758,0.0,37,3.011904761904762,-0.03211870965560491,0.008089809477858225,0.016858977098595684,0.47985173896060923
cls|eq_size,hold,A,ar,878825.1353063011,-0.12117486469369898,-0.041979652904005516,0.0022479299717043755,-19.396426934930197,-0.12117006924881768,758,0.0,37,3.011904761904762,-0.02218244274064084,0.008089809477858225,0.016858977098595684,0.47985173896060923
cls|eq_size,hold,A,tick,982560.8900522473,-0.017439109947752662,-0.005824115415464237,0.0022361475246548295,-2.654766490528296,-0.019109491692748115,720,0.24324324324324326,37,3.011904761904762,-0.003020171711605331,0.008089809477858225,0.016858977098595684,0.47985173896060923
cls|eq_size,hold,B,0.0,1021663.6568586583,0.021663656858658342,0.007141251975003371,0.0021833263329760905,3.3148561265087593,-0.0021714876381442316,79,0.8108108108108109,37,3.011904761904762,0.0036820373784257716,0.0036820373784257716,0.016858977098595684,0.21840218163250708
cls|eq_size,hold,B,0.25,996895.9821394297,-0.0031040178605703517,-0.001031653276182709,0.002182152713594534,-0.4798420700315771,-0.006988966854339029,465,0.43243243243243246,37,3.011904761904762,-0.0005327068962231501,0.0036820373784257716,0.016858977098595684,0.21840218163250708
cls|eq_size,hold,B,0.87,938032.1313330109,-0.06196786866698911,-0.021015440651493633,0.0021883485641296784,-9.867099038906343,-0.062051715580822675,758,0.02702702702702703,37,3.011904761904762,-0.010985272697352477,0.0036820373784257716,0.016858977098595684,0.21840218163250708
cls|eq_size,hold,B,cs,808406.1547719645,-0.19159384522803546,-0.06818098069198686,0.0022571702971964577,-31.808168230317843,-0.19156061154328508,758,0.0,37,3.011904761904762,-0.03652648175503736,0.0036820373784257716,0.016858977098595684,0.21840218163250708
cls|eq_size,hold,B,ar,856557.0147927813,-0.14344298520721865,-0.05010845829330446,0.002227100376321208,-23.468060463436395,-0.14340591968887662,758,0.0,37,3.011904761904762,-0.02659021484007329,0.0036820373784257716,0.016858977098595684,0.21840218163250708
cls|eq_size,hold,B,tick,957664.4935924978,-0.042335506407502166,-0.014259620799313089,0.002185321670488592,-6.6811062884447265,-0.042457739164646346,758,0.08108108108108109,37,3.011904761904762,-0.007427943811037786,0.0036820373784257716,0.016858977098595684,0.21840218163250708
cls|eq_size,hold,C,0.0,1008134.344922645,0.008134344922644976,0.0026934267609941553,0.0021062229334778623,1.2995132049004212,-0.0021311843850980727,82,0.6756756756756757,37,3.011904761904762,0.0013924829642442936,0.0013924829642442936,0.016858977098595684,0.08259593426698968
cls|eq_size,hold,C,0.25,983694.6371064804,-0.01630536289351958,-0.0054433904177642045,0.002106934397080962,-2.632942363757028,-0.016358975151966382,758,0.16216216216216217,37,3.011904761904762,-0.0028222613104046277,0.0013924829642442936,0.016858977098595684,0.08259593426698968
cls|eq_size,hold,C,0.87,925610.2473905114,-0.07438975260948855,-0.02533893768780382,0.00211811033829431,-12.318999486798942,-0.07438393581440028,758,0.0,37,3.011904761904762,-0.013274827111533953,0.0013924829642442936,0.016858977098595684,0.08259593426698968
cls|eq_size,hold,C,cs,797700.7681293951,-0.20229923187060495,-0.07229620868282682,0.002198138203167085,-34.709737806425395,-0.20227918427414393,758,0.0,37,3.011904761904762,-0.038816036169218845,0.0013924829642442936,0.016858977098595684,0.08259593426698968
cls|eq_size,hold,C,ar,845214.0139832769,-0.1547859860167231,-0.054303490382737185,0.002164214257903411,-26.22941524336665,-0.1547629165819574,758,0.0,37,3.011904761904762,-0.02887976925425477,0.0013924829642442936,0.016858977098595684,0.08259593426698968
cls|eq_size,hold,C,tick,944982.6474191671,-0.055017352580832846,-0.018612946998232793,0.0021124965511197732,-9.041773110288037,-0.055034065403314236,758,0.0,37,3.011904761904762,-0.009717498225219263,0.0013924829642442936,0.016858977098595684,0.08259593426698968
cls|eq_size,learn,A,0.0,1018558.816162213,0.018558816162213,0.017913159666342215,0.002485359646231341,7.280803553901668,-0.0012748131749124036,17,1.0,13,1.0357142857142858,0.009206051762823027,0.009206051762823027,0.01864651139152481,0.49371443105477364
cls|eq_size,learn,A,0.25,1009117.0273868073,0.009117027386807308,0.008801267772851062,0.002481771576331631,3.599251330137735,-0.0016750226042264726,80,0.7692307692307693,13,1.0357142857142858,0.004544423914941823,0.009206051762823027,0.01864651139152481,0.49371443105477364
cls|eq_size,learn,A,0.87,986077.3042457564,-0.013922695754243652,-0.01344584524918091,0.002482009689499131,-5.556570444374771,-0.014349834733301203,258,0.07692307692307693,13,1.0357142857142858,-0.007016413147803557,0.009206051762823027,0.01864651139152481,0.49371443105477364
cls|eq_size,learn,A,cs,932416.7007639502,-0.06758329923604978,-0.06533071064358764,0.002539428174098534,-27.110146591087997,-0.06765130155516719,260,0.0,13,1.0357142857142858,-0.03502455741623432,0.009206051762823027,0.01864651139152481,0.49371443105477364
cls|eq_size,learn,A,ar,945531.971116867,-0.05446802888313296,-0.05264016247494674,0.002519356602452288,-21.871303075844498,-0.054545743869208074,260,0.0,13,1.0357142857142858,-0.028032973040478158,0.009206051762823027,0.01864651139152481,0.49371443105477364
cls|eq_size,learn,A,tick,993587.0030086308,-0.006412996991369213,-0.006192545310149011,0.002481850026399727,-2.549256436323726,-0.007811590224558129,258,0.3076923076923077,13,1.0357142857142858,-0.0032187994270399434,0.009206051762823027,0.01864651139152481,0.49371443105477364
cls|eq_size,learn,B,0.0,1009593.5060358607,0.009593506035860733,0.009261168427949329,0.0024674371405702064,3.8083799899404593,-0.0014094690498769324,76,0.7692307692307693,13,1.0357142857142858,0.0047806971065239515,0.0047806971065239515,0.01864651139152481,0.2563856051216566
cls|eq_size,learn,B,0.25,1000234.8057809661,0.00023480578096601867,0.00022670811216918274,0.002469234533532685,0.09478343657106932,-0.0029901682314564804,151,0.6153846153846154,13,1.0357142857142858,0.00011906925864274949,0.0047806971065239515,0.01864651139152481,0.2563856051216566
cls|eq_size,learn,B,0.87,977397.8348061288,-0.02260216519387126,-0.021831351413849398,0.002482842341872119,-9.058142120609324,-0.022798538029653037,260,0.0,13,1.0357142857142858,-0.011441767804102632,0.0047806971065239515,0.01864651139152481,0.2563856051216566
cls|eq_size,learn,B,cs,924209.455874388,-0.07579054412561204,-0.07327530010623118,0.002571117690489017,-30.15915897456383,-0.07585868566450948,260,0.0,13,1.0357142857142858,-0.03944991207253339,0.0047806971065239515,0.01864651139152481,0.2563856051216566
cls|eq_size,learn,B,ar,937209.3047791541,-0.0627906952208459,-0.06069260016463529,0.002545132670827758,-25.067490450325142,-0.06286847430957454,260,0.0,13,1.0357142857142858,-0.032458327696777235,0.0047806971065239515,0.01864651139152481,0.2563856051216566
cls|eq_size,learn,B,tick,984841.4493548175,-0.015158550645182456,-0.014639687292729242,0.00247745487316611,-6.064832675240314,-0.015449640951787247,258,0.07692307692307693,13,1.0357142857142858,-0.007644154083339017,0.0047806971065239515,0.01864651139152481,0.2563856051216566
cls|eq_size,learn,C,0.0,1007658.0282832943,0.007658028283294316,0.007392984649437162,0.0023481151725686655,3.1977361145335643,-0.0015371111584735475,51,0.8461538461538461,13,1.0357142857142858,0.003820030875257954,0.003820030875257954,0.01864651139152481,0.20486571429089034
cls|eq_size,learn,C,0.25,998317.2749181647,-0.0016827250818353123,-0.0016247472430012122,0.0023473410766167383,-0.7047305676482871,-0.00379210069441005,199,0.5384615384615384,13,1.0357142857142858,-0.0008415969726232477,0.003820030875257954,0.01864651139152481,0.20486571429089034
cls|eq_size,learn,C,0.87,975524.0974796333,-0.024475902520366688,-0.023641963738549987,0.0023550748435934615,-10.351358644179378,-0.02478151410288687,259,0.0,13,1.0357142857142858,-0.012402434035368629,0.003820030875257954,0.01864651139152481,0.20486571429089034
cls|eq_size,learn,C,cs,922437.7097501343,-0.07756229024986572,-0.0749906638217318,0.0024346584410913415,-32.62512366142947,-0.07764319019184018,260,0.0,13,1.0357142857142858,-0.04041057830379939,0.003820030875257954,0.01864651139152481,0.20486571429089034
cls|eq_size,learn,C,ar,935412.6308083297,-0.0645873691916703,-0.062431260815291933,0.002410638409199257,-27.249368554938737,-0.06467785882120047,260,0.0,13,1.0357142857142858,-0.033418993928043234,0.003820030875257954,0.01864651139152481,0.20486571429089034
cls|eq_size,learn,C,tick,982953.437667793,-0.017046562332207027,-0.016463615850929814,0.0023515940941715337,-7.192412522343183,-0.017517646790307206,259,0.0,13,1.0357142857142858,-0.008604820314605017,0.003820030875257954,0.01864651139152481,0.20486571429089034
cls|lw_filt,full,A,0.0,1290225.7665406864,0.29022576654068644,0.0649787453783961,0.027479822151005855,2.3443845259762726,-0.029632388770160056,139,0.7,50,4.0476190476190474,0.032775371300060106,0.032775371300060106,0.05046260156780265,0.6494982478464255
cls|lw_filt,full,A,0.25,1169011.1995500538,0.16901119955005384,0.039334159342133024,0.02746618018505815,1.4427178133250866,-0.03528241460749282,251,0.68,50,4.0476190476190474,0.020159720908109444,0.032775371300060106,0.05046260156780265,0.6494982478464255
cls|lw_filt,full,A,0.87,915277.9603761176,-0.08472203962388236,-0.021634047685788138,0.02753291835300208,-0.7943731892290489,-0.11509000953018278,678,0.48,50,4.0476190476190474,-0.011127092063928205,0.032775371300060106,0.05046260156780265,0.6494982478464255
cls|lw_filt,full,A,cs,494065.3092302797,-0.5059346907697203,-0.1598695524047793,0.02842581986594283,-6.220101208685593,-0.5069955484855203,991,0.04,50,4.0476190476190474,-0.08995292862537135,0.032775371300060106,0.05046260156780265,0.6494982478464255
cls|lw_filt,full,A,ar,637370.1387509105,-0.36262986124908947,-0.1053086333143507,0.02792213502842777,-4.040318372960899,-0.3658209718676396,958,0.12,50,4.0476190476190474,-0.05739434023588309,0.032775371300060106,0.05046260156780265,0.6494982478464255
cls|lw_filt,full,A,tick,995684.6097300474,-0.004315390269952646,-0.0010678917182072034,0.027496222095902006,-0.025784106819561975,-0.06875733496561653,678,0.54,50,4.0476190476190474,-0.0003606865728811213,0.032775371300060106,0.05046260156780265,0.6494982478464255
cls|lw_filt,full,B,0.0,1127976.0089853003,0.12797600898530037,0.030199044046566703,0.027356344312535343,1.120095359370079,-0.03760305143883236,267,0.68,50,4.0476190476190474,0.015588987746133947,0.015588987746133947,0.05046260156780265,0.3089216025691471
cls|lw_filt,full,B,0.25,1022001.2341572022,0.022001234157202232,0.005391147117048689,0.0273707848559093,0.21352664653753525,-0.05042888750353891,360,0.56,50,4.0476190476190474,0.002973337354183282,0.015588987746133947,0.05046260156780265,0.3089216025691471
cls|lw_filt,full,B,0.87,800170.0128567978,-0.19982998714320221,-0.053587808922501035,0.027507258277085084,-2.0232102783146595,-0.21787601478307494,908,0.36,50,4.0476190476190474,-0.028313475617854352,0.015588987746133947,0.05046260156780265,0.3089216025691471
cls|lw_filt,full,B,cs,431921.65043946775,-0.5680783495605323,-0.18731249642044823,0.028567406174203055,-7.371793950610643,-0.5689303082953262,991,0.04,50,4.0476190476190474,-0.10713931217929751,0.015588987746133947,0.05046260156780265,0.3089216025691471
cls|lw_filt,full,B,ar,557206.0333404505,-0.4427939666595495,-0.13453209949166112,0.027998262822588757,-5.235891655498596,-0.44400139225581936,958,0.1,50,4.0476190476190474,-0.07458072378980925,0.015588987746133947,0.05046260156780265,0.3089216025691471
cls|lw_filt,full,B,tick,870467.0292564104,-0.1295329707435896,-0.03369265530422183,0.0274451940541964,-1.2567053077906274,-0.15300085639488126,908,0.42,50,4.0476190476190474,-0.017547070126807274,0.015588987746133947,0.05046260156780265,0.3089216025691471
cls|lw_filt,full,C,0.0,1082042.4887994095,0.08204248879940956,0.019671686007914246,0.02678535686422913,0.75328289825883,-0.04759107352440184,360,0.64,50,4.0476190476190474,0.010265034213259848,0.010265034213259848,0.05046260156780265,0.20341864855040273
cls|lw_filt,full,C,0.25,980383.4997790197,-0.01961650022098027,-0.004882636384729744,0.026797060581721793,-0.17242082006510104,-0.0811220283144416,678,0.52,50,4.0476190476190474,-0.002350616178690812,0.010265034213259848,0.05046260156780265,0.20341864855040273
cls|lw_filt,full,C,0.87,767586.1771096482,-0.23241382289035173,-0.06325874447234581,0.026928928192912958,-2.455267817011464,-0.24982929125659314,908,0.32,50,4.0476190476190474,-0.03363742915072846,0.010265034213259848,0.05046260156780265,0.20341864855040273
cls|lw_filt,full,C,cs,414335.1523156468,-0.5856648476843531,-0.1956160785085882,0.027968552755938077,-7.903798134027908,-0.5864486722618616,990,0.04,50,4.0476190476190474,-0.11246326571217159,0.010265034213259848,0.05046260156780265,0.20341864855040273
cls|lw_filt,full,C,ar,534517.2868750396,-0.4654827131249605,-0.1433753816856156,0.027406164310404612,-5.730850620560541,-0.4669217092196072,959,0.06,50,4.0476190476190474,-0.07990467732268336,0.010265034213259848,0.05046260156780265,0.20341864855040273
cls|lw_filt,full,C,tick,835020.4153246143,-0.16497958467538576,-0.04356694753775825,0.026868173675264242,-1.6731797497221437,-0.18887510899416082,902,0.38,50,4.0476190476190474,-0.02287102365968138,0.010265034213259848,0.05046260156780265,0.20341864855040273
cls|lw_filt,hold,A,0.0,1191641.0860269119,0.19164108602691177,0.059940531087397275,0.028847223148535925,2.0661855998048706,-0.029632388770169382,139,0.7027027027027027,37,3.011904761904762,0.0303234213796615,0.0303234213796615,0.05388885507715996,0.5627030178363106
cls|lw_filt,hold,A,0.25,1101737.3778074197,0.10173737780741976,0.03269146825248481,0.02883047967167442,1.1488790355260345,-0.03528241460749337,251,0.6756756756756757,37,3.011904761904762,0.01685120761037151,0.0303234213796615,0.05388885507715996,0.5627030178363106
cls|lw_filt,hold,A,0.87,906957.7708220718,-0.09304222917792815,-0.03190442416615802,0.028888764621677974,-1.1267392545827672,-0.11509000953017545,678,0.43243243243243246,37,3.011904761904762,-0.01655988253746767,0.0303234213796615,0.05388885507715996,0.5627030178363106
cls|lw_filt,hold,A,cs,551984.4120269406,-0.4480155879730594,-0.1790520516078704,0.02978452230719703,-6.720089242592528,-0.44923570864061724,742,0.02702702702702703,37,3.011904761904762,-0.10182877897453804,0.0303234213796615,0.05388885507715996,0.5627030178363106
cls|lw_filt,hold,A,ar,686662.6662135611,-0.3133373337864389,-0.11733432230293983,0.029245368628708,-4.324466362359754,-0.31625344346219264,742,0.13513513513513514,37,3.011904761904762,-0.06434198864960264,0.0303234213796615,0.05388885507715996,0.5627030178363106
cls|lw_filt,hold,A,tick,969979.8999944665,-0.030020100005533568,-0.010068785372736144,0.02885485372704127,-0.34216016682235795,-0.06875733496560565,678,0.4864864864864865,37,3.011904761904762,-0.005022884394016679,0.0303234213796615,0.05388885507715996,0.5627030178363106
cls|lw_filt,hold,B,0.0,1069991.9939112484,0.06999199391124833,0.02271541006318234,0.02871001671527083,0.8098043197940492,-0.03760305143883658,267,0.6756756756756757,37,3.011904761904762,0.011828192693012655,0.011828192693012655,0.05388885507715996,0.2194923732574506
cls|lw_filt,hold,B,0.25,989263.5261855079,-0.010736473814492165,-0.0035775384816688627,0.02872252903102225,-0.11250707846932652,-0.05042888750351182,360,0.5135135135135135,37,3.011904761904762,-0.0016440210762773346,0.011828192693012655,0.05388885507715996,0.2194923732574506
cls|lw_filt,hold,B,0.87,814363.1936793204,-0.18563680632067958,-0.06590679799691324,0.02885350930113458,-2.3880743899465275,-0.19633622996968014,720,0.2972972972972973,37,3.011904761904762,-0.03505511122411652,0.011828192693012655,0.05388885507715996,0.2194923732574506
cls|lw_filt,hold,B,cs,495622.2120082324,-0.5043777879917676,-0.20789047961077634,0.029925449556948126,-7.903268721452372,-0.5044527862272259,758,0.02702702702702703,37,3.011904761904762,-0.12032400766118685,0.011828192693012655,0.05388885507715996,0.2194923732574506
cls|lw_filt,hold,B,ar,616552.9343187152,-0.3834470656812847,-0.1483388396444657,0.02931448330790402,-5.554415975403997,-0.38365251438007875,755,0.10810810810810811,37,3.011904761904762,-0.08283721733625148,0.011828192693012655,0.05388885507715996,0.2194923732574506
cls|lw_filt,hold,B,tick,870953.249109492,-0.129046750890508,-0.04483733324952843,0.02879299919767599,-1.6055014885384826,-0.14580690196085433,678,0.3783783783783784,37,3.011904761904762,-0.02351811308066552,0.011828192693012655,0.05388885507715996,0.2194923732574506
cls|lw_filt,hold,C,0.0,1028905.1844808969,0.02890518448089696,0.00950578891081566,0.028181905738168717,0.3554200124138151,-0.047591073524406946,360,0.6216216216216216,37,3.011904761904762,0.005095855355771712,0.005095855355771712,0.05388885507715996,0.09456232366553877
cls|lw_filt,hold,C,0.25,951276.6644208028,-0.04872333557919717,-0.016447539904387964,0.02819356414967204,-0.583983281085199,-0.08112202831447102,678,0.4864864864864865,37,3.011904761904762,-0.008376358413518274,0.005095855355771712,0.05388885507715996,0.09456232366553877
cls|lw_filt,hold,C,0.87,783092.4371064989,-0.2169075628935011,-0.07797170877752557,0.02832430400783872,-2.8998915161153747,-0.2256929594980468,720,0.24324324324324326,37,3.011904761904762,-0.04178744856135746,0.005095855355771712,0.05388885507715996,0.09456232366553877
cls|lw_filt,hold,C,cs,476592.2979950978,-0.5234077020049022,-0.21812068838434429,0.02937609602796871,-8.501536470031029,-0.5235875733316021,758,0.02702702702702703,37,3.011904761904762,-0.1270563449984278,0.005095855355771712,0.05388885507715996,0.09456232366553877
cls|lw_filt,hold,C,ar,592878.7859373756,-0.40712121406262436,-0.15933862661881248,0.02877426468456478,-6.118589600680864,-0.40735454677166394,758,0.05405405405405406,37,3.011904761904762,-0.0895695546734924,0.005095855355771712,0.05388885507715996,0.09456232366553877
cls|lw_filt,hold,C,tick,837509.4129346953,-0.16249058706530473,-0.05717440945950214,0.028264237845012672,-2.1037285939740604,-0.1798645072509284,678,0.2972972972972973,37,3.011904761904762,-0.030250450417906458,0.005095855355771712,0.05388885507715996,0.09456232366553877
cls|lw_filt,learn,A,0.0,1082730.1791368013,0.08273017913680136,0.07976659865822588,0.023036354419518783,3.406360437012441,-0.01827462232385435,59,0.6923076923076923,13,1.0357142857142858,0.039921716680731315,0.039921716680731315,0.04047659380479591,0.9862914076530114
cls|lw_filt,learn,A,0.25,1061061.5770125443,0.06106157701254422,0.058895205089384506,0.023033518251020575,2.5432470833835024,-0.018698482780000858,70,0.6923076923076923,13,1.0357142857142858,0.02980256822953233,0.039921716680731315,0.04047659380479591,0.9862914076530114
cls|lw_filt,learn,A,0.87,1009173.7342373886,0.009173734237388542,0.008856002029661747,0.023131472499566885,0.3999847647772422,-0.02534440890345191,149,0.6153846153846154,13,1.0357142857142858,0.004707080070558866,0.039921716680731315,0.04047659380479591,0.9862914076530114
cls|lw_filt,learn,A,cs,895071.1260414263,-0.10492887395857364,-0.10150092966736834,0.02402561154645503,-4.527522457720517,-0.10918181935017579,232,0.07692307692307693,13,1.0357142857142858,-0.05534009759719398,0.039921716680731315,0.04047659380479591,0.9862914076530114
cls|lw_filt,learn,A,ar,928214.3476148936,-0.07178565238510648,-0.06939827382444608,0.023645184598466026,-3.0878283162288684,-0.07868686429071103,199,0.07692307692307693,13,1.0357142857142858,-0.03714502978510486,0.039921716680731315,0.04047659380479591,0.9862914076530114
cls|lw_filt,learn,A,tick,1026500.2498873912,0.026500249887391192,0.025574863107545864,0.023084292278773916,1.126310141552801,-0.019531931755365384,127,0.6923076923076923,13,1.0357142857142858,0.013227550114037485,0.039921716680731315,0.04047659380479591,0.9862914076530114
cls|lw_filt,learn,B,0.0,1054191.0737687917,0.05419107376879184,0.052274418847826354,0.02296010449106999,2.2729317259755866,-0.018819041755026245,71,0.6923076923076923,13,1.0357142857142858,0.026550035576652184,0.026550035576652184,0.04047659380479591,0.6559355192952618
cls|lw_filt,learn,B,0.25,1033093.0102092824,0.03309301020928235,0.03193384577930547,0.022981504331838973,1.4053280093177638,-0.019242673018995626,119,0.6923076923076923,13,1.0357142857142858,0.0164308871254532,0.026550035576652184,0.04047659380479591,0.6559355192952618
cls|lw_filt,learn,B,0.87,982571.4362673934,-0.017428563732606595,-0.016832665998596452,0.023139443269435372,-0.7360220206327808,-0.0424687695750916,149,0.5384615384615384,13,1.0357142857142858,-0.008664601033520262,0.026550035576652184,0.04047659380479591,0.6559355192952618
cls|lw_filt,learn,B,cs,871473.5537968616,-0.12852644620313847,-0.1243825420542789,0.02417064084802903,-5.587765465731779,-0.13234785904463364,232,0.07692307692307693,13,1.0357142857142858,-0.06871177870127311,0.026550035576652184,0.04047659380479591,0.6559355192952618
cls|lw_filt,learn,B,ar,903744.0296284609,-0.0962559703715391,-0.09309642123120332,0.02374697425849223,-4.181402053285615,-0.10039011354554372,199,0.07692307692307693,13,1.0357142857142858,-0.050516710889184004,0.026550035576652184,0.04047659380479591,0.6559355192952618
cls|lw_filt,learn,B,tick,999441.7382866933,-0.0005582617133066403,-0.000539016498491196,0.023071005040282755,-0.01227965030267208,-0.030464381392668716,149,0.5384615384615384,13,1.0357142857142858,-0.00014413099004164737,0.026550035576652184,0.04047659380479591,0.6559355192952618
cls|lw_filt,learn,C,0.0,1051644.5102230648,0.05164451022306471,0.04982003585944028,0.02221912756631042,2.240880435119198,-0.015544962072641,64,0.6923076923076923,13,1.0357142857142858,0.02533089552745353,0.02533089552745353,0.04047659380479591,0.6258158887977421
cls|lw_filt,learn,C,0.25,1030597.6551794276,0.030597655179427585,0.029527140490878123,0.02223077677790715,1.3449916911045894,-0.015969856870397314,88,0.6153846153846154,13,1.0357142857142858,0.015211747076254556,0.02533089552745353,0.04047659380479591,0.6258158887977421
cls|lw_filt,learn,C,0.87,980198.6850311739,-0.01980131496882609,-0.019125083123538666,0.022368229577212035,-0.8685301357951155,-0.042980144373492846,149,0.5384615384615384,13,1.0357142857142858,-0.009883741082718908,0.02533089552745353,0.04047659380479591,0.6258158887977421
cls|lw_filt,learn,C,cs,869370.2228480149,-0.1306297771519851,-0.1264230859047495,0.023378305271375757,-5.879648344922066,-0.13385348469049352,231,0.07692307692307693,13,1.0357142857142858,-0.06993091875047175,0.02533089552745353,0.04047659380479591,0.6258158887977421
cls|lw_filt,learn,C,ar,901562.5108426255,-0.09843748915737449,-0.09521016701540552,0.022954399373093015,-4.430174231597954,-0.10255823576506884,200,0.07692307692307693,13,1.0357142857142858,-0.051735850938382635,0.02533089552745353,0.04047659380479591,0.6258158887977421
cls|lw_filt,learn,C,tick,997028.0959573345,-0.002971904042665452,-0.002869571772347257,0.02230418617486521,-0.12014092483456912,-0.03124189791241494,143,0.6153846153846154,13,1.0357142857142858,-0.0013632710392402945,0.02533089552745353,0.04047659380479591,0.6258158887977421
cls|lw_filt@q1,full,A,0.0,1020653.6865700441,0.020653686570044183,0.005063471739297443,0.009968302776502742,0.520438509812191,-0.02041398000711714,662,0.48,50,4.0476190476190474,0.002639340986141541,0.002639340986141541,0.013782842654265028,0.19149467583342183
cls|lw_filt@q1,full,A,0.25,993517.1072552422,-0.006482892744757773,-0.0016055797593772514,0.009971096671845278,-0.15895946956581822,-0.02429173170818477,662,0.44,50,4.0476190476190474,-0.0008063696774247148,0.002639340986141541,0.013782842654265028,0.19149467583342183
cls|lw_filt@q1,full,A,0.87,929290.1024105405,-0.07070989758945956,-0.017954747391545456,0.01000317609767165,-1.8375928286799883,-0.07684653350997372,901,0.34,50,4.0476190476190474,-0.009351732123069032,0.002639340986141541,0.013782842654265028,0.19149467583342183
cls|lw_filt@q1,full,A,cs,771860.1253712757,-0.22813987462872432,-0.061972825025577105,0.010301216266826625,-6.313008283674093,-0.2299084557000236,987,0.02,50,4.0476190476190474,-0.033084891953802806,0.002639340986141541,0.013782842654265028,0.19149467583342183
cls|lw_filt@q1,full,A,ar,1011927.7833779418,0.01192778337794187,0.002933722830608332,0.009969644117198974,0.30391058296446033,-0.020835140882382586,662,0.46,50,4.0476190476190474,0.0015414531723677962,0.002639340986141541,0.013782842654265028,0.19149467583342183
cls|lw_filt@q1,full,A,tick,947582.5089052822,-0.052417491094717716,-0.013213879545644791,0.009991323428875478,-1.3494223557378362,-0.05936236426540398,901,0.38,50,4.0476190476190474,-0.0068592364663877595,0.002639340986141541,0.013782842654265028,0.19149467583342183
cls|lw_filt@q1,full,B,0.0,1012023.2192785692,0.012023219278569197,0.002957090717426114,0.009947896999960357,0.3069358978304964,-0.022046316021913315,662,0.48,50,4.0476190476190474,0.0015534018606064993,0.0015534018606064993,0.013782842654265028,0.11270547735127828
cls|lw_filt@q1,full,B,0.25,985116.0326186221,-0.014883967381377983,-0.0036980013460422567,0.009952404625361873,-0.3737310050295967,-0.030761621596211652,662,0.44,50,4.0476190476190474,-0.0018923088029597572,0.0015534018606064993,0.013782842654265028,0.11270547735127828
cls|lw_filt@q1,full,B,0.87,921431.963323844,-0.07856803667615597,-0.02001294695612199,0.00998876505946075,-2.053936245784897,-0.08456256036890764,901,0.32,50,4.0476190476190474,-0.010437671248604076,0.0015534018606064993,0.013782842654265028,0.11270547735127828
cls|lw_filt@q1,full,B,cs,765332.8992282143,-0.23466710077178576,-0.0639388685371477,0.010297120711002453,-6.522812294293059,-0.2364030922164565,987,0.02,50,4.0476190476190474,-0.03417083107933785,0.0015534018606064993,0.013782842654265028,0.11270547735127828
cls|lw_filt@q1,full,B,ar,1003371.0735273664,0.0033710735273664305,0.0008317985542085626,0.00994990405722378,0.08998663759018043,-0.022466773678978313,662,0.46,50,4.0476190476190474,0.00045551404683275487,0.0015534018606064993,0.013782842654265028,0.11270547735127828
cls|lw_filt@q1,full,B,tick,939569.7487514595,-0.06043025124854051,-0.015281999433631954,0.00997531931501045,-1.5655676425298573,-0.06722422152464225,901,0.36,50,4.0476190476190474,-0.007945175591922801,0.0015534018606064993,0.013782842654265028,0.11270547735127828
cls|lw_filt@q1,full,C,0.0,1011510.4308330532,0.011510430833053142,0.0028315127824611874,0.009666849050680213,0.30239692237801813,-0.025160173971502275,678,0.54,50,4.0476190476190474,0.001487192410469355,0.001487192410469355,0.013782842654265028,0.10790171866390356
cls|lw_filt@q1,full,C,0.25,984616.9410723198,-0.015383058927680215,-0.0038227302332367596,0.009669826513741287,-0.398110914690839,-0.03631234812068307,678,0.46,50,4.0476190476190474,-0.0019585182530969017,0.001487192410469355,0.013782842654265028,0.10790171866390356
cls|lw_filt@q1,full,C,0.87,920965.2826178536,-0.0790347173821464,-0.0201355948527403,0.009703140460679391,-2.12780882489669,-0.08489045149895302,901,0.24,50,4.0476190476190474,-0.010503880698741218,0.001487192410469355,0.013782842654265028,0.10790171866390356
cls|lw_filt@q1,full,C,cs,764945.8297898015,-0.23505417021019848,-0.0640558523541559,0.010002245259805503,-6.728122048273454,-0.23651555126367385,990,0.04,50,4.0476190476190474,-0.034237040529474995,0.001487192410469355,0.013782842654265028,0.10790171866390356
cls|lw_filt@q1,full,C,ar,1002862.7107094728,0.002862710709472749,0.0007064969819372546,0.00966783701878846,0.07915080837396923,-0.025649285675948597,678,0.52,50,4.0476190476190474,0.00038930459669561093,0.001487192410469355,0.013782842654265028,0.10790171866390356
cls|lw_filt@q1,full,C,tick,939093.842161811,-0.06090615783818909,-0.015405249672667987,0.009690389035252657,-1.6250305721871834,-0.07055205709629453,678,0.32,50,4.0476190476190474,-0.008011385042059945,0.001487192410469355,0.013782842654265028,0.10790171866390356
cls|lw_filt@q1,hold,A,0.0,1008836.149167349,0.008836149167348983,0.002925125443503873,0.010825508276632105,0.2797429657206495,-0.020413980007125576,662,0.4594594594594595,37,3.011904761904762,0.0015406795842177955,0.0015406795842177955,0.015398509635398693,0.10005381174526276
cls|lw_filt@q1,hold,A,0.25,986474.3422048151,-0.013525657795184887,-0.004511172898292948,0.010827838388321494,-0.419148095984831,-0.024291731708187547,662,0.40540540540540543,37,3.011904761904762,-0.0023089478246318762,0.0015406795842177955,0.015398509635398693,0.10005381174526276
cls|lw_filt@q1,hold,A,0.87,933131.815406398,-0.066868184593602,-0.022716424807371127,0.010860341791482266,-2.1458072707034352,-0.07154940504106333,678,0.2972972972972973,37,3.011904761904762,-0.011856023798579068,0.0015406795842177955,0.015398509635398693,0.10005381174526276
cls|lw_filt@q1,hold,A,cs,796887.4136186572,-0.20311258638134289,-0.07261037232392464,0.011184700103726788,-6.846946263491879,-0.20482810997292378,755,0.02702702702702703,37,3.011904761904762,-0.03896064335749357,0.0015406795842177955,0.015398509635398693,0.10005381174526276
cls|lw_filt@q1,hold,A,ar,1003209.0516028416,0.0032090516028415728,0.0010643159479502007,0.010826012618295723,0.10531694563440339,-0.020835140882379033,662,0.43243243243243246,37,3.011904761904762,0.0005800582938331359,0.0015406795842177955,0.015398509635398693,0.10005381174526276
cls|lw_filt@q1,hold,A,tick,947872.565696172,-0.052127434303828046,-0.017617500889191562,0.010848762126025398,-1.6604025047287454,-0.05851660520967128,662,0.35135135135135137,37,3.011904761904762,-0.009164281546224524,0.0015406795842177955,0.015398509635398693,0.10005381174526276
cls|lw_filt@q1,hold,B,0.0,1001740.9619443143,0.0017409619443142788,0.0005776911116954775,0.010804819006032586,0.05974796012542027,-0.022046316021907986,662,0.4594594594594595,37,3.011904761904762,0.0003284319775818169,0.0003284319775818169,0.015398509635398693,0.021328815928185977
cls|lw_filt@q1,hold,B,0.25,979536.3655473774,-0.02046363445262267,-0.006841222444206818,0.010809013765600037,-0.6403231497148419,-0.030761621596208988,662,0.40540540540540543,37,3.011904761904762,-0.003521195431267856,0.0003284319775818169,0.015398509635398693,0.021328815928185977
cls|lw_filt@q1,hold,B,0.87,926568.8592585358,-0.07343114074146417,-0.025003912957245134,0.010846171644220852,-2.3683005503400327,-0.07781310175662437,678,0.2972972972972973,37,3.011904761904762,-0.013068271405215047,0.0003284319775818169,0.015398509635398693,0.021328815928185977
cls|lw_filt@q1,hold,B,cs,791282.3976055188,-0.20871760239448123,-0.0747811928905644,0.011181890445436748,-7.061760698193717,-0.2103919565171214,755,0.02702702702702703,37,3.011904761904762,-0.040172890964129564,0.0003284319775818169,0.015398509635398693,0.021328815928185977
cls|lw_filt@q1,hold,B,ar,996153.4247508384,-0.0038465752491615435,-0.0012787680700072634,0.0108057815408595,-0.11499689388930867,-0.022466773678965324,662,0.43243243243243246,37,3.011904761904762,-0.0006321893128028429,0.0003284319775818169,0.015398509635398693,0.021328815928185977
cls|lw_filt@q1,hold,B,tick,941205.9844899433,-0.058794015510056696,-0.019916906448559923,0.010832965846430509,-1.8827813169542276,-0.0648302470345713,662,0.32432432432432434,37,3.011904761904762,-0.010376529152860501,0.0003284319775818169,0.015398509635398693,0.021328815928185977
cls|lw_filt@q1,hold,C,0.0,1000318.849709514,0.000318849709513902,0.00010585187294509524,0.010504213256966294,0.01549730974184489,-0.025160173971502386,678,0.5135135135135135,37,3.011904761904762,8.281799269312286e-05,8.281799269312286e-05,0.015398509635398693,0.005378312229823699
cls|lw_filt@q1,hold,C,0.25,978145.8128607302,-0.021854187139269787,-0.0073095507024072415,0.010507306067729103,-0.7046564115170499,-0.03631234812068773,678,0.43243243243243246,37,3.011904761904762,-0.003766809416156551,8.281799269312286e-05,0.015398509635398693,0.005378312229823699
cls|lw_filt@q1,hold,C,0.87,925253.5861969824,-0.07474641380301761,-0.025463646167825926,0.010542507040962117,-2.4823102342836703,-0.08351160670500668,678,0.21621621621621623,37,3.011904761904762,-0.013313885390103742,8.281799269312286e-05,0.015398509635398693,0.005378312229823699
cls|lw_filt@q1,hold,C,cs,790159.6030195128,-0.20984039698048718,-0.07521728472681999,0.010870358431007487,-7.30855507957956,-0.21144152552934503,755,0.05405405405405406,37,3.011904761904762,-0.04041850494901825,8.281799269312286e-05,0.015398509635398693,0.005378312229823699
cls|lw_filt@q1,hold,C,ar,994739.2543730247,-0.005260745626975316,-0.0017497286783312305,0.010504892654576159,-0.16424824304995253,-0.025649285675945155,678,0.4864864864864865,37,3.011904761904762,-0.0008778032976915362,8.281799269312286e-05,0.015398509635398693,0.005378312229823699
cls|lw_filt@q1,hold,C,tick,939869.9128419574,-0.06013008715804258,-0.02037904558555681,0.01052964454158233,-1.982866987494933,-0.07055205709627632,678,0.2972972972972973,37,3.011904761904762,-0.010622143137749196,8.281799269312286e-05,0.015398509635398693,0.005378312229823699
cls|lw_filt@q1,learn,A,0.0,1011714.0304819982,0.011714030481998261,0.01130782331285185,0.00688599402043281,1.667436306949081,-0.004232539419447678,70,0.5384615384615384,13,1.0357142857142858,0.005841451179845308,0.005841451179845308,0.009073890741637634,0.6437647692891503
cls|lw_filt@q1,learn,A,0.25,1007139.3291737145,0.007139329173714515,0.006892299000153201,0.006890978296936648,1.0191653820452848,-0.004604375077310152,142,0.5384615384615384,13,1.0357142857142858,0.0035729784944359003,0.005841451179845308,0.009073890741637634,0.6437647692891503
cls|lw_filt@q1,learn,A,0.87,995882.9900208847,-0.004117009979115349,-0.0039753266794597675,0.006923172936072243,-0.5828324796287755,-0.010269945403157732,142,0.46153846153846156,13,1.0357142857142858,-0.0020528337653794334,0.005841451179845308,0.009073890741637634,0.6437647692891503
cls|lw_filt@q1,learn,A,cs,968593.6961487036,-0.03140630385129639,-0.03033992829192056,0.007121494131600187,-4.405024703830625,-0.033277202586906585,228,0.0,13,1.0357142857142858,-0.015959685377433686,0.005841451179845308,0.009073890741637634,0.6437647692891503
cls|lw_filt@q1,learn,A,ar,1008690.8424133203,0.008690842413320299,0.008389904594825026,0.006891328875128973,1.2388856788839615,-0.0044289337576047805,70,0.5384615384615384,13,1.0357142857142858,0.004343492395134719,0.005841451179845308,0.009073890741637634,0.6437647692891503
cls|lw_filt@q1,learn,A,tick,999693.9917860528,-0.00030600821394721756,-0.0002954577655622792,0.006909228016639921,-0.04012817404790871,-0.007674451951475092,142,0.46153846153846156,13,1.0357142857142858,-0.00014105347191107565,0.005841451179845308,0.009073890741637634,0.6437647692891503
cls|lw_filt@q1,learn,B,0.0,1010264.3874263599,0.010264387426359933,0.009908695334997386,0.006865103888653184,1.4669897445110245,-0.004074682683708919,70,0.5384615384615384,13,1.0357142857142858,0.005123645197220683,0.005123645197220683,0.009073890741637634,0.5646580219122166
cls|lw_filt@q1,learn,B,0.25,1005696.2326948686,0.00569623269486863,0.005499271794273453,0.006871242295911118,0.8167558132182094,-0.004702268522214226,142,0.5384615384615384,13,1.0357142857142858,0.002855172511811274,0.005123645197220683,0.009073890741637634,0.5646580219122166
cls|lw_filt@q1,learn,B,0.87,994456.0019653557,-0.005543998034644337,-0.005353338325656987,0.006906339616709304,-0.7885464357270702,-0.011526898329492274,142,0.38461538461538464,13,1.0357142857142858,-0.0027706397480040603,0.005123645197220683,0.009073890741637634,0.5646580219122166
cls|lw_filt@q1,learn,B,cs,967205.7681861537,-0.03279423181384622,-0.031681505181233915,0.007110923096296447,-4.609988966749473,-0.034580152367464034,228,0.0,13,1.0357142857142858,-0.01667749136005831,0.005123645197220683,0.009073890741637634,0.5646580219122166
cls|lw_filt@q1,learn,B,ar,1007245.5192114128,0.007245519211412699,0.006994801978034815,0.006872122921470697,1.037037505566719,-0.004271105352654847,117,0.5384615384615384,13,1.0357142857142858,0.0036256864125100955,0.005123645197220683,0.009073890741637634,0.5646580219122166
cls|lw_filt@q1,learn,B,tick,998261.5540429425,-0.0017384459570575217,-0.0016785498849438696,0.006890819562217272,-0.24498887666304903,-0.008451692605041528,142,0.46153846153846156,13,1.0357142857142858,-0.0008588594545357014,0.005123645197220683,0.009073890741637634,0.5646580219122166
cls|lw_filt@q1,learn,C,0.0,1011188.0138285676,0.0111880138285676,0.010800144528056776,0.00664967845203305,1.6495049625459723,-0.003643158136133695,70,0.6153846153846154,13,1.0357142857142858,0.005580320312354262,0.005580320312354262,0.009073890741637634,0.6149865004157125
cls|lw_filt@q1,learn,C,0.25,1006615.7091575752,0.006615709157575145,0.006386854319387458,0.006652164430453042,0.9785939243656758,-0.00433616920063129,142,0.5384615384615384,13,1.0357142857142858,0.0033118476269448516,0.005580320312354262,0.009073890741637634,0.6149865004157125
cls|lw_filt@q1,learn,C,0.87,995365.2667299925,-0.004634733270007518,-0.0044752730410698716,0.006678902968597344,-0.6809993952233488,-0.011015318154563136,142,0.3076923076923077,13,1.0357142857142858,-0.002313964632870481,0.005580320312354262,0.009073890741637634,0.6149865004157125
cls|lw_filt@q1,learn,C,cs,968090.2780484352,-0.03190972195156472,-0.030826526636195672,0.006866685283096414,-4.6432354326055085,-0.03332861854807401,231,0.0,13,1.0357142857142858,-0.016220816244924736,0.005580320312354262,0.009073890741637634,0.6149865004157125
cls|lw_filt@q1,learn,C,ar,1008166.41778309,0.008166417783090019,0.007883710098570473,0.006652234390126079,1.2062548232886787,-0.0037961890551562183,70,0.6153846153846154,13,1.0357142857142858,0.004082361527643673,0.005580320312354262,0.009073890741637634,0.6149865004157125
cls|lw_filt@q1,learn,C,tick,999174.2786214171,-0.0008257213785828332,-0.0007972595809149219,0.006665738455888058,-0.11859654301775237,-0.008179459266902667,142,0.38461538461538464,13,1.0357142857142858,-0.0004021843394021214,0.005580320312354262,0.009073890741637634,0.6149865004157125
cls|lw_filt@q2,full,A,0.0,1016764.1364020644,0.01676413640206431,0.004115841656904706,0.004944288351263994,0.8476009980079344,-0.0067014256883812795,298,0.58,50,4.0476190476190474,0.0021320633602820343,0.0021320633602820343,0.00631536145632097,0.3375995776374886
cls|lw_filt@q2,full,A,0.25,1004287.0152400356,0.004287015240035608,0.0010574398197729096,0.004944165056266869,0.21993908151507066,-0.009699682631830298,720,0.52,50,4.0476190476190474,0.0005532229962017925,0.0021320633602820343,0.00631536145632097,0.3375995776374886
cls|lw_filt@q2,full,A,0.87,974000.220343884,-0.025999779656115996,-0.006487321540889823,0.004956378560481572,-1.3334209594194537,-0.03365852465788588,910,0.38,50,4.0476190476190474,-0.0033623011067172096,0.0021320633602820343,0.00631536145632097,0.3375995776374886
cls|lw_filt@q2,full,A,cs,912737.6689657003,-0.0872623310342997,-0.02230561030574496,0.005052093238289253,-4.539943089965019,-0.09042449085741222,973,0.14,50,4.0476190476190474,-0.01166881145046311,0.0021320633602820343,0.00631536145632097,0.3375995776374886
cls|lw_filt@q2,full,A,ar,959864.5150415406,-0.04013548495845942,-0.010069265896771373,0.004978783124844309,-2.065415160454551,-0.04443805011789548,910,0.26,50,4.0476190476190474,-0.005231610778728491,0.0021320633602820343,0.00631536145632097,0.3375995776374886
cls|lw_filt@q2,full,A,tick,985588.0830627625,-0.014411916937237534,-0.0035800741254374824,0.004949612605140022,-0.7346815439985549,-0.023119530603581073,908,0.42,50,4.0476190476190474,-0.001850014769504976,0.0021320633602820343,0.00631536145632097,0.3375995776374886
cls|lw_filt@q2,full,B,0.0,1011174.8705366754,0.01117487053667543,0.002749310705272734,0.004927110768428626,0.5693491560985554,-0.006829206628128248,323,0.58,50,4.0476190476190474,0.0014271705118075607,0.0014271705118075607,0.00631536145632097,0.22598397917178956
cls|lw_filt@q2,full,B,0.25,998766.3192012988,-0.001233680798701231,-0.00030493338772041856,0.004927877555331919,-0.060497091958913916,-0.01206886961689424,720,0.5,50,4.0476190476190474,-0.00015166985227268166,0.0014271705118075607,0.00631536145632097,0.22598397917178956
cls|lw_filt@q2,full,B,0.87,968645.9707304115,-0.031354029269588524,-0.007839437963959694,0.004942333628571817,-1.6175509464007856,-0.03873435584281382,910,0.32,50,4.0476190476190474,-0.004067193955191683,0.0014271705118075607,0.00631536145632097,0.22598397917178956
cls|lw_filt@q2,full,B,cs,907720.1156849948,-0.09227988431500511,-0.02363621873520716,0.005042188016738171,-4.82365058368562,-0.09519680630097893,973,0.1,50,4.0476190476190474,-0.012373704298937586,0.0014271705118075607,0.00631536145632097,0.22598397917178956
cls|lw_filt@q2,full,B,ar,954587.9560264354,-0.045412043973564686,-0.011416511543961283,0.0049655901948253535,-2.3499304356187523,-0.04945727865747074,910,0.24,50,4.0476190476190474,-0.005936503627202965,0.0014271705118075607,0.00631536145632097,0.22598397917178956
cls|lw_filt@q2,full,B,tick,980170.1487008077,-0.019829851299192236,-0.004936143200391929,0.004934771725094598,-1.0176613415292555,-0.028239266092906834,908,0.4,50,4.0476190476190474,-0.00255490761797945,0.0014271705118075607,0.00631536145632097,0.22598397917178956
cls|lw_filt@q2,full,C,0.0,1008951.2833135388,0.008951283313538783,0.002204079764495326,0.004782481613272512,0.470725643943904,-0.0076375835217452615,589,0.56,50,4.0476190476190474,0.0011453178352958805,0.0011453178352958805,0.00631536145632097,0.1813542808621897
cls|lw_filt@q2,full,C,0.25,996570.0037093528,-0.0034299962906472192,-0.0008485073020284561,0.004784038214519873,-0.17811979009537693,-0.015182448547452765,911,0.5,50,4.0476190476190474,-0.00043352252878436166,0.0011453178352958805,0.00631536145632097,0.1813542808621897
cls|lw_filt@q2,full,C,0.87,966515.855042395,-0.0334841449576051,-0.008378924117335873,0.004800822418496141,-1.7806295076321415,-0.04131186686723787,911,0.3,50,4.0476190476190474,-0.004349046631703364,0.0011453178352958805,0.00631536145632097,0.1813542808621897
cls|lw_filt@q2,full,C,cs,905724.0358409268,-0.09427596415907324,-0.024167100524132845,0.004900314226590987,-5.076360747634841,-0.09761875228382355,973,0.12,50,4.0476190476190474,-0.012655556975449265,0.0011453178352958805,0.00631536145632097,0.1813542808621897
cls|lw_filt@q2,full,C,ar,952488.7978964151,-0.04751120210358484,-0.011954041630585555,0.004822388069670602,-2.534595095623732,-0.051820905538788486,911,0.24,50,4.0476190476190474,-0.006218356303714644,0.0011453178352958805,0.00631536145632097,0.1813542808621897
cls|lw_filt@q2,full,C,tick,978014.7064143211,-0.02198529358567891,-0.00547720404228802,0.004792204055151509,-1.1635431151680118,-0.031061144088383674,911,0.38,50,4.0476190476190474,-0.00283676029449113,0.0011453178352958805,0.00631536145632097,0.1813542808621897
cls|lw_filt@q2,hold,A,0.0,1006372.3381886984,0.006372338188698423,0.0021112300103740544,0.0048218545471921965,0.4471193284138844,-0.006701425688364071,298,0.5405405405405406,37,3.011904761904762,0.0010968377934727357,0.0010968377934727357,0.006218588304169683,0.17638051271818153
cls|lw_filt@q2,hold,A,0.25,997303.5240568419,-0.0026964759431581387,-0.0008960801401604046,0.004821530773285493,-0.1866357321216024,-0.009699682631855389,720,0.4864864864864865,37,3.011904761904762,-0.0004578092825696851,0.0010968377934727357,0.006218588304169683,0.17638051271818153
cls|lw_filt@q2,hold,A,0.87,975163.7759337622,-0.024836224066237755,-0.00831538111291863,0.004832674918155585,-1.7543678222150796,-0.028407463114635823,720,0.35135135135135137,37,3.011904761904762,-0.0043133340311548906,0.0010968377934727357,0.006218588304169683,0.17638051271818153
cls|lw_filt@q2,hold,A,cs,929668.0217707385,-0.07033197822926152,-0.02392237004555431,0.0049241764218659525,-4.9970716628030445,-0.0712074864135318,758,0.10810810810810811,37,3.011904761904762,-0.012518550295252971,0.0010968377934727357,0.006218588304169683,0.17638051271818153
cls|lw_filt@q2,hold,A,ar,966018.8667428929,-0.033981133257107055,-0.011412796342620268,0.004851504645126111,-2.403141933029121,-0.035970765736368704,744,0.24324324324324326,37,3.011904761904762,-0.005931448031638237,0.0010968377934727357,0.006218588304169683,0.17638051271818153
cls|lw_filt@q2,hold,A,tick,983619.8398410706,-0.016380160158929402,-0.005468499146167871,0.0048260612318820366,-1.1528408200904317,-0.020737278744544785,720,0.3783783783783784,37,3.011904761904762,-0.0028305252281082246,0.0010968377934727357,0.006218588304169683,0.17638051271818153
cls|lw_filt@q2,hold,B,0.0,1002040.5442429372,0.0020405442429372034,0.0006770317445374818,0.0048038621538263855,0.14564820436097456,-0.006829206628138573,323,0.5405405405405406,37,3.011904761904762,0.0003559594509068263,0.0003559594509068263,0.006218588304169683,0.0572411990464377
cls|lw_filt@q2,hold,B,0.25,993010.7496986203,-0.006989250301379757,-0.0023259797173168506,0.004804615435310208,-0.4903910474604721,-0.012068869616879141,720,0.4594594594594595,37,3.011904761904762,-0.0011986876251355945,0.0003559594509068263,0.006218588304169683,0.0572411990464377
cls|lw_filt@q2,hold,B,0.87,970966.2609311744,-0.02903373906882556,-0.00973467537545758,0.004818465581151641,-2.0617683522834644,-0.032133175291265026,720,0.2702702702702703,37,3.011904761904762,-0.0050542123737208,0.0003559594509068263,0.006218588304169683,0.0572411990464377
cls|lw_filt@q2,hold,B,cs,925666.2675935192,-0.07433373240648078,-0.025319352843339638,0.0049153370708406585,-5.3023287222984585,-0.0751868597379386,758,0.05405405405405406,37,3.011904761904762,-0.013259428637818881,0.0003559594509068263,0.006218588304169683,0.0572411990464377
cls|lw_filt@q2,hold,B,ar,961860.7014539724,-0.0381392985460276,-0.012827662309056964,0.004838304988630542,-2.7106858190946412,-0.04011579979323798,744,0.24324324324324326,37,3.011904761904762,-0.006672326374204146,0.0003559594509068263,0.006218588304169683,0.0572411990464377
cls|lw_filt@q2,hold,B,tick,979385.9393469152,-0.020614060653084798,-0.006891863488029615,0.004810948259025538,-1.4591615790810804,-0.024492390616665638,720,0.35135135135135137,37,3.011904761904762,-0.003571403570674134,0.0003559594509068263,0.006218588304169683,0.0572411990464377
cls|lw_filt@q2,hold,C,0.0,1000394.9132959746,0.00039491329597463043,0.00013110016762851728,0.004675418132727057,0.0308456204701617,-0.007637583521739266,589,0.5135135135135135,37,3.011904761904762,7.337005151679441e-05,7.337005151679441e-05,0.006218588304169683,0.011798506015842595
cls|lw_filt@q2,hold,C,0.25,991379.9381198605,-0.008620061880139529,-0.0028702763311067025,0.004676909923634765,-0.6225474013715357,-0.013939852743561243,720,0.4594594594594595,37,3.011904761904762,-0.0014812770245256261,7.337005151679441e-05,0.006218588304169683,0.011798506015842595
cls|lw_filt@q2,hold,C,0.87,969371.6283479395,-0.03062837165206056,-0.010274938347032081,0.004692911442482485,-2.2352899034629083,-0.033292969344808854,720,0.24324324324324326,37,3.011904761904762,-0.005336801773110831,7.337005151679441e-05,0.006218588304169683,0.011798506015842595
cls|lw_filt@q2,hold,C,cs,924146.1051431624,-0.07585389485683758,-0.02585108757829524,0.004786651604278047,-5.560920838723244,-0.07702187294801599,758,0.08108108108108109,37,3.011904761904762,-0.013542018037208912,7.337005151679441e-05,0.006218588304169683,0.011798506015842595
cls|lw_filt@q2,hold,C,ar,960281.0575776211,-0.039718942422378944,-0.013366226055631425,0.004710689401796128,-2.902034347533992,-0.04111728440577134,758,0.21621621621621623,37,3.011904761904762,-0.006954915773594178,7.337005151679441e-05,0.006218588304169683,0.011798506015842595
cls|lw_filt@q2,hold,C,tick,977777.4866399346,-0.02222251336006542,-0.007433674848253524,0.0046846449354938135,-1.617072091112406,-0.025896354212675776,720,0.32432432432432434,37,3.011904761904762,-0.0038539929700641654,7.337005151679441e-05,0.006218588304169683,0.011798506015842595
cls|lw_filt@q2,learn,A,0.0,1010325.9974654226,0.01032599746542262,0.009968159883863237,0.0052848722123476025,1.9151715812222392,-0.004804810440244278,127,0.6923076923076923,13,1.0357142857142858,0.005149286259401318,0.005149286259401318,0.006597412228686219,0.7805009117077295
cls|lw_filt@q2,learn,A,0.25,1007002.3729132669,0.0070023729132668855,0.00676009749354467,0.005285292128573764,1.3016250634682038,-0.004889783940970394,149,0.6153846153846154,13,1.0357142857142858,0.003499933202229764,0.005149286259401318,0.006597412228686219,0.7805009117077295
cls|lw_filt@q2,learn,A,0.87,998806.810077858,-0.0011931899221419018,-0.001152069151980628,0.005300411566792801,-0.2189665535646207,-0.008653393024912748,151,0.46153846153846156,13,1.0357142857142858,-0.0005904623795556917,0.005149286259401318,0.006597412228686219,0.7805009117077295
cls|lw_filt@q2,learn,A,cs,981788.8187949208,-0.01821118120507914,-0.017588765313213628,0.005407660010102141,-3.341221206710262,-0.021140300224614106,214,0.23076923076923078,13,1.0357142857142858,-0.009192199992079925,0.005149286259401318,0.006597412228686219,0.7805009117077295
cls|lw_filt@q2,learn,A,ar,993629.1599333774,-0.006370840066622585,-0.006151833071231572,0.005332465642841247,-1.1765646538149195,-0.010328139709243733,151,0.3076923076923077,13,1.0357142857142858,-0.003191895906109819,0.005149286259401318,0.006597412228686219,0.7805009117077295
cls|lw_filt@q2,learn,A,tick,1002001.0202539349,0.002001020253934893,0.0019319529461199192,0.0052932074973605315,0.374217255223282,-0.006653147367740253,149,0.5384615384615384,13,1.0357142857142858,0.0010077378820663185,0.005149286259401318,0.006597412228686219,0.7805009117077295
cls|lw_filt@q2,learn,B,0.0,1009115.7252530548,0.009115725253054707,0.00880001093363103,0.0052697901803196515,1.6968522326355049,-0.0048201249973894855,149,0.6923076923076923,13,1.0357142857142858,0.004549275149061893,0.004549275149061893,0.006597412228686219,0.6895544785395071
cls|lw_filt@q2,learn,B,0.25,1005796.0797548719,0.005796079754871952,0.005595656806942406,0.005270606197174987,1.0814860094982743,-0.005075646236778031,149,0.6153846153846154,13,1.0357142857142858,0.002899922091890339,0.004549275149061893,0.006597412228686219,0.6895544785395071
cls|lw_filt@q2,learn,B,0.87,997610.3287064341,-0.0023896712935659314,-0.00230736397590825,0.005286744056746056,-0.4426154674070007,-0.00965471099467885,151,0.46153846153846156,13,1.0357142857142858,-0.0011904734898951167,0.004549275149061893,0.006597412228686219,0.6895544785395071
cls|lw_filt@q2,learn,B,cs,980612.7191442534,-0.01938728085574659,-0.018725053172288786,0.005394880218481503,-3.5677474500690742,-0.022141972657566122,214,0.23076923076923078,13,1.0357142857142858,-0.00979221110241935,0.004549275149061893,0.006597412228686219,0.6895544785395071
cls|lw_filt@q2,learn,B,ar,992438.8787102224,-0.007561121289777595,-0.0073013471700019705,0.005319236154267654,-1.4012110414674386,-0.01134679875080391,151,0.23076923076923078,13,1.0357142857142858,-0.003791907016449244,0.004549275149061893,0.006597412228686219,0.6895544785395071
cls|lw_filt@q2,learn,B,tick,1000800.7153486507,0.0008007153486506713,0.0007730938044598901,0.005279027029446775,0.1518135326900136,-0.007585770362667388,149,0.5384615384615384,13,1.0357142857142858,0.0004077267717268951,0.004549275149061893,0.006597412228686219,0.6895544785395071
cls|lw_filt@q2,learn,C,0.0,1008552.992327169,0.008552992327168996,0.00825684735509924,0.00508154131205946,1.6515198189858293,-0.004713393989570935,95,0.6923076923076923,13,1.0357142857142858,0.004269569692644206,0.004269569692644206,0.006597412228686219,0.6471582409356934
cls|lw_filt@q2,learn,C,0.25,1005235.193279521,0.005235193279520933,0.005054213950444586,0.005083287081031154,1.0131825601398643,-0.0049791264003908875,152,0.6153846153846154,13,1.0357142857142858,0.002620216635472652,0.004269569692644206,0.006597412228686219,0.6471582409356934
cls|lw_filt@q2,learn,C,0.87,997053.9953697553,-0.0029460046302446363,-0.0028445628877319384,0.005102240532380234,-0.5663754420304329,-0.010067647061239526,152,0.46153846153846156,13,1.0357142857142858,-0.0014701789463128026,0.004269569692644206,0.006597412228686219,0.6471582409356934
cls|lw_filt@q2,learn,C,cs,980065.8475973586,-0.019934152402641403,-0.01925342873953262,0.0052174404444412376,-3.794458106204656,-0.02287781677895362,214,0.23076923076923078,13,1.0357142857142858,-0.010071916558837036,0.004269569692644206,0.006597412228686219,0.6471582409356934
cls|lw_filt@q2,learn,C,ar,991885.4385185166,-0.008114561481483373,-0.007835848226651954,0.005134100584346609,-1.5588244416301713,-0.011818805092516538,152,0.3076923076923077,13,1.0357142857142858,-0.004071612472866931,0.004269569692644206,0.006597412228686219,0.6471582409356934
cls|lw_filt@q2,learn,C,tick,1000242.6112051228,0.0002426112051228113,0.0002342443217431267,0.005092643323515792,0.049412197435820975,-0.007843185491188787,152,0.5384615384615384,13,1.0357142857142858,0.00012802131530920824,0.004269569692644206,0.006597412228686219,0.6471582409356934
cls|lw_filt@q3,full,A,0.0,1035712.6945814401,0.03571269458144011,0.00870692733317635,0.006478495378754565,1.3645812204530894,-0.006208045868218104,151,0.7,50,4.0476190476190474,0.004497574852788259,0.004497574852788259,0.009503978733823172,0.4732307361739031
cls|lw_filt@q3,full,A,0.25,1016645.3420010126,0.016645342001012642,0.0040868562738409775,0.006478358724387608,0.6437090254266675,-0.008506055977270055,288,0.62,50,4.0476190476190474,0.0021215801693324665,0.004497574852788259,0.009503978733823172,0.4732307361739031
cls|lw_filt@q3,full,A,0.87,970858.9204849262,-0.02914107951507383,-0.007279917961669269,0.006493859811990386,-1.1413943333023757,-0.03218770486399969,897,0.32,50,4.0476190476190474,-0.0037708866456379014,0.004497574852788259,0.009503978733823172,0.4732307361739031
cls|lw_filt@q3,full,A,cs,875591.1620592149,-0.12440883794078506,-0.03229041167587443,0.006622556968580395,-5.038838563790453,-0.12445487897475449,992,0.04,50,4.0476190476190474,-0.016977002159229797,0.004497574852788259,0.009503978733823172,0.4732307361739031
cls|lw_filt@q3,full,A,ar,912989.925795689,-0.08701007420431106,-0.022238859691015356,0.006561632888980955,-3.4835835309666043,-0.08705904828891187,992,0.12,50,4.0476190476190474,-0.011629017230516316,0.004497574852788259,0.009503978733823172,0.4732307361739031
cls|lw_filt@q3,full,A,tick,988244.4938973443,-0.011755506102655633,-0.0029172437997648792,0.006485489768194238,-0.4550304587298632,-0.016346470201611174,897,0.46,50,4.0476190476190474,-0.0015013712781386129,0.004497574852788259,0.009503978733823172,0.4732307361739031
cls|lw_filt@q3,full,B,0.0,1018023.1041211907,0.01802310412119068,0.0044228684074478775,0.006444526169405079,0.699872267375677,-0.007749185454700824,276,0.58,50,4.0476190476190474,0.0022946403858076004,0.0022946403858076004,0.009503978733823172,0.24143997478038692
cls|lw_filt@q3,full,B,0.25,999281.3303497555,-0.0007186696502444745,-0.00017760173704406412,0.006447528303647206,-0.02480175346680208,-0.011556033331286963,377,0.48,50,4.0476190476190474,-8.135429764819187e-05,0.0022946403858076004,0.009503978733823172,0.24143997478038692
cls|lw_filt@q3,full,B,0.87,954276.7276084578,-0.04572327239154217,-0.011496151374872143,0.0064708640040329465,-1.8146174562847845,-0.04771179177804774,966,0.26,50,4.0476190476190474,-0.00597382111261856,0.0022946403858076004,0.009503978733823172,0.24143997478038692
cls|lw_filt@q3,full,B,cs,860635.7596694451,-0.13936424033055494,-0.0364005255052714,0.006615729162124921,-5.698553025464285,-0.1393885804358196,992,0.04,50,4.0476190476190474,-0.019179936626210457,0.0022946403858076004,0.009503978733823172,0.24143997478038692
cls|lw_filt@q3,full,B,ar,897395.8898879328,-0.10260411011206716,-0.026391624755367604,0.0065486639635573855,-4.151699401267013,-0.10263043989083653,992,0.12,50,4.0476190476190474,-0.01383195169749698,0.0022946403858076004,0.009503978733823172,0.24143997478038692
cls|lw_filt@q3,full,B,tick,971365.4410114994,-0.028634558988500647,-0.007151984893072227,0.006459243820591072,-1.127250120113929,-0.03156353515708166,902,0.36,50,4.0476190476190474,-0.003704305745119271,0.0022946403858076004,0.009503978733823172,0.24143997478038692
cls|lw_filt@q3,full,C,0.0,1016274.4855328478,0.016274485532847827,0.003996352292512606,0.0062834695516178745,0.6488824259867224,-0.008324742763457516,360,0.48,50,4.0476190476190474,0.0020742943458829416,0.0020742943458829416,0.009503978733823172,0.21825536482955848
cls|lw_filt@q3,full,C,0.25,997564.938251235,-0.002435061748764955,-0.0006021557843398639,0.006285153858591455,-0.09435285068201947,-0.013471050978128174,678,0.44,50,4.0476190476190474,-0.0003017003375728513,0.0020742943458829416,0.009503978733823172,0.21825536482955848
cls|lw_filt@q3,full,C,0.87,952637.7182608576,-0.047362281739142365,-0.011915878308960237,0.006305643012284321,-1.9308506573111996,-0.049146039847214884,967,0.32,50,4.0476190476190474,-0.006194167152543221,0.0020742943458829416,0.009503978733823172,0.21825536482955848
cls|lw_filt@q3,full,C,cs,859157.7983217725,-0.14084220167822747,-0.03680961806337557,0.006444363211208422,-5.917294596653344,-0.14087679917183682,992,0.02,50,4.0476190476190474,-0.01940028266613512,0.0020742943458829416,0.009503978733823172,0.21825536482955848
cls|lw_filt@q3,full,C,ar,895854.7618189552,-0.10414523818104482,-0.026804976997945595,0.006377234950438189,-4.331218254829716,-0.10418226182259827,992,0.12,50,4.0476190476190474,-0.014052297737421638,0.0020742943458829416,0.009503978733823172,0.21825536482955848
cls|lw_filt@q3,full,C,tick,969697.0429344046,-0.03030295706559538,-0.007573566046200186,0.0062953015513708835,-1.2254052463940286,-0.03354667127311006,897,0.36,50,4.0476190476190474,-0.00392465178504393,0.0020742943458829416,0.009503978733823172,0.21825536482955848
cls|lw_filt@q3,hold,A,0.0,1025604.1748856673,0.02560417488566724,0.008429311416186858,0.0067809493849870905,1.2619959578555853,-0.006208045868222545,151,0.7297297297297297,37,3.011904761904762,0.00435364810453654,0.00435364810453654,0.009975477724485649,0.43643504850400744
cls|lw_filt@q3,hold,A,0.25,1010818.9375637238,0.010818937563723763,0.0035791561530573723,0.006780806794922018,0.5391070813582762,-0.008506055977258842,288,0.6216216216216216,37,3.011904761904762,0.0018597786734151289,0.00435364810453654,0.009975477724485649,0.43643504850400744
cls|lw_filt@q3,hold,A,0.87,975064.4686133445,-0.024935531386655496,-0.008348912445835133,0.00679585512330932,-1.2509469779352524,-0.0277192555336635,678,0.2972972972972973,37,3.011904761904762,-0.004325017515765972,0.00435364810453654,0.009975477724485649,0.43643504850400744
cls|lw_filt@q3,hold,A,cs,897916.4331994384,-0.10208356680056163,-0.0351193743913375,0.006927150746494682,-5.243931649238073,-0.10203672793069196,758,0.05405405405405406,37,3.011904761904762,-0.018480619169000095,0.00435364810453654,0.009975477724485649,0.43643504850400744
cls|lw_filt@q3,hold,A,ar,930972.8134936523,-0.06902718650634776,-0.02346774541973584,0.00686099498557116,-3.515757505421234,-0.0689774840739037,758,0.16216216216216217,37,3.011904761904762,-0.012271873532345977,0.00435364810453654,0.009975477724485649,0.43643504850400744
cls|lw_filt@q3,hold,A,tick,988507.0178716766,-0.011492982128323392,-0.0038305934905797923,0.006787835369867325,-0.5714896246421228,-0.01629799951315425,678,0.4594594594594595,37,3.011904761904762,-0.0019735335203795294,0.00435364810453654,0.009975477724485649,0.43643504850400744
cls|lw_filt@q3,hold,B,0.0,1012231.9350843199,0.012231935084319856,0.004044716276643268,0.006746427418627296,0.611717371388925,-0.007749185454697938,276,0.5675675675675675,37,3.011904761904762,0.0020995659578697907,0.0020995659578697907,0.009975477724485649,0.21047272279664658
cls|lw_filt@q3,hold,B,0.25,997639.4091488859,-0.002360590851114175,-0.0007843722223466187,0.006749354660430596,-0.11483215003757687,-0.011556033331255433,377,0.4864864864864865,37,3.011904761904762,-0.0003943034732516205,0.0020995659578697907,0.009975477724485649,0.21047272279664658
cls|lw_filt@q3,hold,B,0.87,962350.9693569733,-0.037649030643026715,-0.012660630531250328,0.006772064942715573,-1.909591595158585,-0.03830455113581699,678,0.2702702702702703,37,3.011904761904762,-0.006579099662432724,0.0020995659578697907,0.009975477724485649,0.21047272279664658
cls|lw_filt@q3,hold,B,cs,886208.5396987478,-0.1137914603012522,-0.039314801423829815,0.006919358350843594,-5.890160162192763,-0.11377296780757451,758,0.05405405405405406,37,3.011904761904762,-0.020734701315666848,0.0020995659578697907,0.009975477724485649,0.21047272279664658
cls|lw_filt@q3,hold,B,ar,918834.0275186023,-0.08116597248139767,-0.027713790203755417,0.0068466492349863505,-4.170247007363207,-0.08114567490560587,758,0.16216216216216217,37,3.011904761904762,-0.014525955679012728,0.0020995659578697907,0.009975477724485649,0.21047272279664658
cls|lw_filt@q3,hold,B,tick,975618.3095958199,-0.024381690404180145,-0.008161935938075682,0.006760930166532941,-1.2290914342349284,-0.026651775781129983,678,0.35135135135135137,37,3.011904761904762,-0.004227615667046278,0.0020995659578697907,0.009975477724485649,0.21047272279664658
cls|lw_filt@q3,hold,C,0.0,1008520.9999284375,0.008520999928437467,0.0028210931385033167,0.006595879486582169,0.4375528694575249,-0.008324742763453408,360,0.43243243243243246,37,3.011904761904762,0.001468277368716959,0.001468277368716959,0.009975477724485649,0.1471886770006963
cls|lw_filt@q3,hold,C,0.25,993981.9960617984,-0.0060180039382016215,-0.002002102002791495,0.00659756735802568,-0.30555258453101286,-0.01347105097812229,678,0.3783783783783784,37,3.011904761904762,-0.0010255920624044521,0.001468277368716959,0.009975477724485649,0.1471886770006963
cls|lw_filt@q3,hold,C,0.87,958822.9847448778,-0.041177015255122185,-0.013863866846565931,0.0066175693115391055,-2.1416835215618297,-0.04366031132479531,678,0.2972972972972973,37,3.011904761904762,-0.007210388251585556,0.001468277368716959,0.009975477724485649,0.1471886770006963
cls|lw_filt@q3,hold,C,cs,882959.8929635889,-0.1170401070364111,-0.040485483330754746,0.0067567237003161576,-6.2155848928599005,-0.11696278875118304,758,0.02702702702702703,37,3.011904761904762,-0.021365989904819676,0.001468277368716959,0.009975477724485649,0.1471886770006963
cls|lw_filt@q3,hold,C,ar,915465.7556342169,-0.08453424436578305,-0.02889861858869014,0.0066838537628686415,-4.4574702545136695,-0.08445170165034688,758,0.16216216216216217,37,3.011904761904762,-0.015157244268165563,0.001468277368716959,0.009975477724485649,0.1471886770006963
cls|lw_filt@q3,hold,C,tick,972041.6608148935,-0.027958339185106484,-0.009370663460140927,0.0066075826689014575,-1.4454094159025959,-0.03245632315972158,678,0.35135135135135137,37,3.011904761904762,-0.004858904256199111,0.001468277368716959,0.009975477724485649,0.1471886770006963
cls|lw_filt@q3,learn,A,0.0,1009856.1608301477,0.009856160830147731,0.009514681544122716,0.005503100776598124,1.7562767721886938,-0.0027384149584221973,76,0.6153846153846154,13,1.0357142857142858,0.004917057422137182,0.004917057422137182,0.0081297685161185,0.6048213319221045
cls|lw_filt@q3,learn,A,0.25,1005764.0436093666,0.005764043609366665,0.005564731502774034,0.005502973356108857,1.0303520393821177,-0.0030525215213176304,115,0.6153846153846154,13,1.0357142857142858,0.002884615293107558,0.004917057422137182,0.0081297685161185,0.6048213319221045
cls|lw_filt@q3,learn,A,0.87,995686.9024933451,-0.004313097506654873,-0.00416468014618554,0.0055203153637595655,-0.7676230718197629,-0.008586819703748194,138,0.38461538461538464,13,1.0357142857142858,-0.002155841186885912,0.004917057422137182,0.0081297685161185,0.6048213319221045
cls|lw_filt@q3,learn,A,cs,975136.5825206338,-0.024863417479366157,-0.024016438526602624,0.0056414679820486,-4.388219035755567,-0.025321767231472947,233,0.0,13,1.0357142857142858,-0.012594626164240544,0.004917057422137182,0.0081297685161185,0.6048213319221045
cls|lw_filt@q3,learn,A,ar,980683.7670904031,-0.01931623290959683,-0.018656408915429856,0.005598618102937445,-3.424982336282175,-0.019811631987721623,233,0.0,13,1.0357142857142858,-0.00975537653141553,0.004917057422137182,0.0081297685161185,0.6048213319221045
cls|lw_filt@q3,learn,A,tick,999734.4237626982,-0.00026557623730183444,-0.0002564196102375904,0.005510562763912112,-0.04466841614361625,-0.005826693587414167,138,0.46153846153846156,13,1.0357142857142858,-0.00012522797655878354,0.004917057422137182,0.0081297685161185,0.6048213319221045
cls|lw_filt@q3,learn,B,0.0,1005721.1878386183,0.005721187838618302,0.005523361686699868,0.0054705303773158,1.0287663432180647,-0.0030686142700731,82,0.6153846153846154,13,1.0357142857142858,0.0028631957324656665,0.0028631957324656665,0.0081297685161185,0.3521866245993286
cls|lw_filt@q3,learn,B,0.25,1001645.8062761191,0.0016458062761190995,0.0015890092701733582,0.005473841168110477,0.29831506482632497,-0.0050591821702438144,138,0.46153846153846156,13,1.0357142857142858,0.0008307536034360421,0.0028631957324656665,0.0081297685161185,0.3521866245993286
cls|lw_filt@q3,learn,B,0.87,991609.8783026084,-0.008390121697391617,-0.008101982401602759,0.005499767509843597,-1.5045348661286586,-0.011378281454009986,207,0.23076923076923078,13,1.0357142857142858,-0.004209702876557427,0.0028631957324656665,0.0081297685161185,0.3521866245993286
cls|lw_filt@q3,learn,B,cs,971143.6091126058,-0.028856390887394223,-0.02787534460298413,0.005637947311826852,-5.107012558497961,-0.029182146544736387,233,0.0,13,1.0357142857142858,-0.014648487853912057,0.0028631957324656665,0.0081297685161185,0.3521866245993286
cls|lw_filt@q3,learn,B,ar,976668.106547409,-0.023331893452591013,-0.022536481355559412,0.005590342057670905,-4.152203641191783,-0.02366912895877593,233,0.0,13,1.0357142857142858,-0.011809238221087046,0.0028631957324656665,0.0081297685161185,0.3521866245993286
cls|lw_filt@q3,learn,B,tick,995640.8479192192,-0.004359152080780859,-0.004209153295202106,0.005486225028154626,-0.7807223775841002,-0.008412404694465137,143,0.38461538461538464,13,1.0357142857142858,-0.0021790896662302987,0.0028631957324656665,0.0081297685161185,0.3521866245993286
cls|lw_filt@q3,learn,C,0.0,1007687.9763583961,0.007687976358396131,0.0074218924118869545,0.005268362410265052,1.4328957508413434,-0.003051994788343615,75,0.6153846153846154,13,1.0357142857142858,0.0038405647698214543,0.0038405647698214543,0.0081297685161185,0.4724076413992541
cls|lw_filt@q3,learn,C,0.25,1003604.6348964247,0.0036046348964247077,0.0034801211106918473,0.0052700338671442665,0.6743876704280636,-0.003352191899828938,82,0.6153846153846154,13,1.0357142857142858,0.0018081226407918303,0.0038405647698214543,0.0081297685161185,0.4724076413992541
cls|lw_filt@q3,learn,C,0.87,993549.1049104768,-0.006450895089523123,-0.0062291447200727434,0.005292597166461757,-1.2004456780870427,-0.008642707971961539,208,0.38461538461538464,13,1.0357142857142858,-0.00323233383920164,0.0038405647698214543,0.0081297685161185,0.4724076413992541
cls|lw_filt@q3,learn,C,cs,973042.8359979889,-0.02695716400201109,-0.026039817716283276,0.005431820071979328,-4.947135727938609,-0.02717983249756839,233,0.0,13,1.0357142857142858,-0.01367111881655627,0.0038405647698214543,0.0081297685161185,0.4724076413992541
cls|lw_filt@q3,learn,C,ar,978578.1240919508,-0.021421875908049226,-0.02069088676958697,0.0053847838332084135,-3.9539418344405997,-0.02164003666655967,233,0.0,13,1.0357142857142858,-0.010831869183731259,0.0038405647698214543,0.0081297685161185,0.4724076413992541
cls|lw_filt@q3,learn,C,tick,997587.945069638,-0.0024120549303620065,-0.0023289775545900504,0.005280791820955809,-0.44730073598852915,-0.0057653221604389016,138,0.38461538461538464,13,1.0357142857142858,-0.001201720628874511,0.0038405647698214543,0.0081297685161185,0.4724076413992541
cls|lw_filt@q4,full,A,0.0,1062411.4658230555,0.062411465823055456,0.01506968000777853,0.007382988517094678,2.0647022844922582,-0.009518455272060855,157,0.66,50,4.0476190476190474,0.007755226525043495,0.007755226525043495,0.010299545173915165,0.7529678635406676
cls|lw_filt@q4,full,A,0.25,1041231.9025032411,0.04123190250324105,0.010032285905751559,0.007378657952005098,1.3799903485696292,-0.011100709189807434,261,0.58,50,4.0476190476190474,0.005180340231564704,0.007755226525043495,0.010299545173915165,0.7529678635406676
cls|lw_filt@q4,full,A,0.87,990510.2220311809,-0.009489777968819113,-0.002352956263995898,0.007383029757023107,-0.3209103355933484,-0.022151907235403723,739,0.46,50,4.0476190476190474,-0.0012053777762626996,0.007755226525043495,0.010299545173915165,0.7529678635406676
cls|lw_filt@q4,full,A,cs,881525.54215677,-0.11847445784322996,-0.030674140455278387,0.007494477531393728,-4.225260533059652,-0.11956478406008186,953,0.16,50,4.0476190476190474,-0.016110154725936222,0.007755226525043495,0.010299545173915165,0.7529678635406676
cls|lw_filt@q4,full,A,ar,875294.8726619045,-0.12470512733809547,-0.03237132415127719,0.007495865442876675,-4.462312639893591,-0.12520519404665564,953,0.12,50,4.0476190476190474,-0.01701714240572352,0.007755226525043495,0.010299545173915165,0.7529678635406676
cls|lw_filt@q4,full,A,tick,1011939.6363538939,0.011939636353893945,0.002936625172507812,0.007378704893650865,0.4079781283231715,-0.014874507921065594,677,0.56,50,4.0476190476190474,0.0015315172018522114,0.007755226525043495,0.010299545173915165,0.7529678635406676
cls|lw_filt@q4,full,B,0.0,1029759.8328195339,0.02975983281953387,0.007271458577083001,0.007337536839218169,1.008185857825988,-0.012175317534668162,273,0.6,50,4.0476190476190474,0.0037635332074567322,0.0037635332074567322,0.010299545173915165,0.3654077091664525
cls|lw_filt@q4,full,B,0.25,1009231.0280350752,0.00923102803507514,0.0022727238165025643,0.007338464742648621,0.3183778155309065,-0.014547992821269062,365,0.56,50,4.0476190476190474,0.0011886469139779422,0.0037635332074567322,0.010299545173915165,0.3654077091664525
cls|lw_filt@q4,full,B,0.87,960067.8244009805,-0.039932175599019515,-0.010017467301247862,0.007355943826153665,-1.388722261003452,-0.04503366082060234,953,0.34,50,4.0476190476190474,-0.005197071093849463,0.0037635332074567322,0.010299545173915165,0.3654077091664525
cls|lw_filt@q4,full,B,cs,854431.9188442854,-0.14556808115571462,-0.03812128484381305,0.0074963902604287475,-5.27082917800079,-0.14594176610386989,953,0.08,50,4.0476190476190474,-0.020101848043522986,0.0037635332074567322,0.010299545173915165,0.3654077091664525
cls|lw_filt@q4,full,B,ar,848392.6581112805,-0.1516073418887195,-0.03980545468390717,0.007501253353646791,-5.505075692139212,-0.15196313637014636,989,0.06,50,4.0476190476190474,-0.021008835723310283,0.0037635332074567322,0.010299545173915165,0.3654077091664525
cls|lw_filt@q4,full,B,tick,980838.8020203508,-0.019161197979649214,-0.004768479383689628,0.007345752940101545,-0.6583017714479502,-0.02595572050544881,739,0.44,50,4.0476190476190474,-0.002460176115734552,0.0037635332074567322,0.010299545173915165,0.3654077091664525
cls|lw_filt@q4,full,C,0.0,1013760.3806087449,0.01376038060874496,0.003382152382537029,0.007131147257313315,0.4852477835924095,-0.01606324152123295,363,0.54,50,4.0476190476190474,0.0017604667282673867,0.0017604667282673867,0.010299545173915165,0.17092664758886442
cls|lw_filt@q4,full,C,0.25,993550.5061117241,-0.006449493888275981,-0.001597287874458675,0.007132929663403256,-0.22442715306626945,-0.018763281490733252,739,0.44,50,4.0476190476190474,-0.0008144195652114046,0.0017604667282673867,0.010299545173915165,0.17092664758886442
cls|lw_filt@q4,full,C,0.87,945151.0917946668,-0.05484890820533317,-0.01384004021678542,0.0071529581581033065,-1.9785646862105806,-0.05932674810193472,953,0.3,50,4.0476190476190474,-0.007200137573038808,0.0017604667282673867,0.010299545173915165,0.17092664758886442
cls|lw_filt@q4,full,C,cs,841156.3927739202,-0.15884360722607982,-0.04183536320196124,0.007299647267289578,-5.952262951190039,-0.1593053623633468,991,0.06,50,4.0476190476190474,-0.02210491452271233,0.0017604667282673867,0.010299545173915165,0.17092664758886442
cls|lw_filt@q4,full,C,ar,835210.962116882,-0.16478903788311805,-0.043513030976272904,0.00730473487409801,-6.192174767303728,-0.16522669049658467,991,0.06,50,4.0476190476190474,-0.023011902202499632,0.0017604667282673867,0.010299545173915165,0.17092664758886442
cls|lw_filt@q4,full,C,tick,965599.3654555288,-0.034400634544471176,-0.00861131536339188,0.00714196225895765,-1.2283668446412095,-0.03949951561917431,897,0.4,50,4.0476190476190474,-0.004463242594923897,0.0017604667282673867,0.010299545173915165,0.17092664758886442
cls|lw_filt@q4,hold,A,0.0,1043852.110996652,0.043852110996652094,0.014351402452099649,0.007769853898073601,1.8685279410487543,-0.009518455272058968,157,0.6486486486486487,37,3.011904761904762,0.007386136094025794,0.007386136094025794,0.011023368960252147,0.6700434432212676
cls|lw_filt@q4,hold,A,0.25,1027235.7922445616,0.02723579224456163,0.008961679665484557,0.007765174953129473,1.172067037031953,-0.01110070918981243,261,0.5675675675675675,37,3.011904761904762,0.004630293853962757,0.007386136094025794,0.011023368960252147,0.6700434432212676
cls|lw_filt@q4,hold,A,0.87,987159.40010776,-0.012840599892240068,-0.004281697602516066,0.007768546117444815,-0.5577060923214617,-0.022151907235400836,739,0.5135135135135135,37,3.011904761904762,-0.0022041949013935753,0.007386136094025794,0.011023368960252147,0.6700434432212676
cls|lw_filt@q4,hold,A,cs,898366.3547410367,-0.10163364525896335,-0.034958879744592886,0.007881771564610656,-4.586447252044579,-0.10307071693883996,739,0.16216216216216217,37,3.011904761904762,-0.018390989791285943,0.007386136094025794,0.011023368960252147,0.6700434432212676
cls|lw_filt@q4,hold,A,ar,895139.913296928,-0.1048600867030719,-0.036110996694338704,0.00787710383622587,-4.743359173807036,-0.10550270813424201,739,0.13513513513513514,37,3.011904761904762,-0.019008919792731276,0.007386136094025794,0.011023368960252147,0.6700434432212676
cls|lw_filt@q4,hold,A,tick,1004351.4228163286,0.0043514228163286095,0.0014426465361503382,0.007764844514783714,0.19264932920799602,-0.014874507921062707,677,0.5675675675675675,37,3.011904761904762,0.0007610358603873978,0.007386136094025794,0.011023368960252147,0.6700434432212676
cls|lw_filt@q4,hold,B,0.0,1017461.5990830985,0.01746159908309841,0.005764040066888576,0.007718118923543341,0.7610036954240258,-0.012175317534665053,273,0.5945945945945946,37,3.011904761904762,0.002988154773371279,0.002988154773371279,0.011023368960252147,0.27107454936380254
cls|lw_filt@q4,hold,B,0.25,1001265.2368717499,0.001265236871749842,0.0004199012534757962,0.007718987376099388,0.059157178684418284,-0.014547992821274502,365,0.5675675675675675,37,3.011904761904762,0.00023231253330824209,0.002988154773371279,0.011023368960252147,0.27107454936380254
cls|lw_filt@q4,hold,B,0.87,962201.7342029954,-0.037798265797004515,-0.012711468169243845,0.0077361906522245925,-1.6774712730646104,-0.04173671012465574,739,0.35135135135135137,37,3.011904761904762,-0.00660217622204809,0.002988154773371279,0.011023368960252147,0.27107454936380254
cls|lw_filt@q4,hold,B,cs,875652.9217913939,-0.12434707820860613,-0.043129176135962344,0.007880453698158423,-5.684190699337279,-0.12512970577877036,739,0.08108108108108109,37,3.011904761904762,-0.022788971111940462,0.002988154773371279,0.011023368960252147,0.27107454936380254
cls|lw_filt@q4,hold,B,ar,872507.9777078051,-0.12749202229219492,-0.04427156691864653,0.00787949240163596,-5.839031562352757,-0.12765442453951104,758,0.05405405405405406,37,3.011904761904762,-0.023406901113385788,0.002988154773371279,0.011023368960252147,0.27107454936380254
cls|lw_filt@q4,hold,B,tick,978959.253522697,-0.02104074647730303,-0.007035535726840347,0.007726086571241454,-0.9252782674362858,-0.02595572050545103,739,0.4864864864864865,37,3.011904761904762,-0.0036369454602671178,0.002988154773371279,0.011023368960252147,0.27107454936380254
cls|lw_filt@q4,hold,C,0.0,1005404.3775212814,0.005404377521281312,0.0017911096625824463,0.0075224457274763136,0.24563361327716673,-0.016063241521235172,363,0.5405405405405406,37,3.011904761904762,0.000940051650753659,0.000940051650753659,0.011023368960252147,0.08527807189828075
cls|lw_filt@q4,hold,C,0.25,989399.9243111684,-0.01060007568883159,-0.003531926527337359,0.007524222709899255,-0.4743503907255162,-0.018763281490731476,739,0.43243243243243246,37,3.011904761904762,-0.0018157905893093778,0.000940051650753659,0.011023368960252147,0.08527807189828075
cls|lw_filt@q4,hold,C,0.87,950799.2825323439,-0.049200717467656085,-0.0166114433918102,0.0075440618127911524,-2.253824199988116,-0.05269861634965589,739,0.32432432432432434,37,3.011904761904762,-0.008650279344665711,0.000940051650753659,0.011023368960252147,0.08527807189828075
cls|lw_filt@q4,hold,C,cs,865276.0670118824,-0.13472393298811758,-0.04690900996567127,0.0076930893777868645,-6.345923037942365,-0.13513133938292177,758,0.05405405405405406,37,3.011904761904762,-0.024837074234558075,0.000940051650753659,0.011023368960252147,0.08527807189828075
cls|lw_filt@q4,hold,C,ar,862168.3776070882,-0.1378316223929118,-0.04804689328930711,0.00769279587997576,-6.504053546582073,-0.13819543538122647,758,0.05405405405405406,37,3.011904761904762,-0.025455004236003408,0.000940051650753659,0.011023368960252147,0.08527807189828075
cls|lw_filt@q4,hold,C,tick,967358.2374721692,-0.0326417625278308,-0.010957925664643264,0.007532996222710742,-1.4834112701170445,-0.03689282188524179,739,0.40540540540540543,37,3.011904761904762,-0.005685048582884739,0.000940051650753659,0.011023368960252147,0.08527807189828075
cls|lw_filt@q4,learn,A,0.0,1017779.6783959024,0.017779678395902332,0.01716135566048904,0.006117592033334094,2.8374133739675838,-0.00274856527339451,24,0.6923076923076923,13,1.0357142857142858,0.008830961259594884,0.008830961259594884,0.008189920206098397,1.0782719534946328
cls|lw_filt@q4,learn,A,0.25,1013625.0219904466,0.013625021990446573,0.013152117724028356,0.006114422774450381,2.1806818328458646,-0.002963799928365818,28,0.6153846153846154,13,1.0357142857142858,0.006783481208070286,0.008830961259594884,0.008189920206098397,1.0782719534946328
cls|lw_filt@q4,learn,A,0.87,1003394.4081604746,0.003394408160474649,0.0032771680222285493,0.006122467833425302,0.5476197370727294,-0.003999760612577674,194,0.3076923076923077,13,1.0357142857142858,0.0017057306802892793,0.008830961259594884,0.008189920206098397,1.0782719534946328
cls|lw_filt@q4,learn,A,cs,981253.9589273486,-0.01874604107265143,-0.01810551397955662,0.006229061627389329,-2.9859321228184355,-0.020326409336309692,194,0.15384615384615385,13,1.0357142857142858,-0.009462533174723987,0.008830961259594884,0.008189920206098397,1.0782719534946328
cls|lw_filt@q4,learn,A,ar,977830.2359885466,-0.02216976401145332,-0.021413534554098446,0.0062529849985087475,-3.5244445096533124,-0.023068741129366854,194,0.07692307692307693,13,1.0357142857142858,-0.011211995648625704,0.008830961259594884,0.008189920206098397,1.0782719534946328
cls|lw_filt@q4,learn,A,tick,1007555.3370714603,0.0075553370714602774,0.007293860419093523,0.00611581409506009,1.2139550235642906,-0.003318137098856866,83,0.5384615384615384,13,1.0357142857142858,0.003777128227453955,0.008830961259594884,0.008189920206098397,1.0782719534946328
cls|lw_filt@q4,learn,B,0.0,1012087.1723782743,0.01208717237827428,0.011667951305607493,0.006094267183964208,1.9427485311214674,-0.0030972055802670484,40,0.6153846153846154,13,1.0357142857142858,0.006023417083795394,0.006023417083795394,0.008189920206098397,0.7354671269336939
cls|lw_filt@q4,learn,B,0.25,1007955.7252863387,0.0079557252863387,0.007680339172084105,0.006095377332233976,1.2821358555282774,-0.0033216547921215422,83,0.5384615384615384,13,1.0357142857142858,0.003975937032270795,0.006023417083795394,0.008189920206098397,0.7354671269336939
cls|lw_filt@q4,learn,B,0.87,997782.263608384,-0.002217736391616043,-0.002141344660731237,0.00611406347612982,-0.3542201704693077,-0.008426164644516732,194,0.3076923076923077,13,1.0357142857142858,-0.0011018134955102122,0.006023417083795394,0.008189920206098397,0.7354671269336939
cls|lw_filt@q4,learn,B,cs,975765.5088917,-0.024234491108300005,-0.02340867859602147,0.006242553543668436,-3.863493339941138,-0.025035038428284362,194,0.07692307692307693,13,1.0357142857142858,-0.01227007735052348,0.006023417083795394,0.008189920206098397,0.7354671269336939
cls|lw_filt@q4,learn,B,ar,972360.9179369418,-0.027639082063058207,-0.026698850043207933,0.006269166355223408,-4.395609546384122,-0.028327674831392646,230,0.07692307692307693,13,1.0357142857142858,-0.014019539824425194,0.006023417083795394,0.008189920206098397,0.7354671269336939
cls|lw_filt@q4,learn,B,tick,1001919.94558598,0.0019199455859799652,0.0018536792428940352,0.006103436974413027,0.3122526569737038,-0.0051811046860973375,194,0.3076923076923077,13,1.0357142857142858,0.0009695840516544642,0.006023417083795394,0.008189920206098397,0.7354671269336939
cls|lw_filt@q4,learn,C,0.0,1008311.0868366197,0.00831108683661963,0.008023351049707639,0.005843106358488228,1.3965875137031931,-0.003806000081509886,44,0.5384615384615384,13,1.0357142857142858,0.004151612424452786,0.004151612424452786,0.008189920206098397,0.5069173227550378
cls|lw_filt@q4,learn,C,0.25,1004195.0496442998,0.004195049644299731,0.004050100224298081,0.005844890970233542,0.7076064572103363,-0.0041011172868463674,114,0.46153846153846156,13,1.0357142857142858,0.002104132372928186,0.004151612424452786,0.008189920206098397,0.5069173227550378
cls|lw_filt@q4,learn,C,0.87,994059.5340768074,-0.005940465923192528,-0.005736210930585406,0.0058659242118030966,-0.9964233485011318,-0.010880677225522106,194,0.23076923076923078,13,1.0357142857142858,-0.0029736181548528197,0.004151612424452786,0.008189920206098397,0.5069173227550378
cls|lw_filt@q4,learn,C,cs,972124.8799573821,-0.02787512004261794,-0.026926970105393466,0.006006488494978704,-4.627875888188369,-0.02851415681987779,232,0.07692307692307693,13,1.0357142857142858,-0.014141882009866087,0.004151612424452786,0.008189920206098397,0.5069173227550378
cls|lw_filt@q4,learn,C,ar,968733.0036796035,-0.031266996320396534,-0.030205276720559615,0.006032021918459194,-5.178367575506566,-0.031804767232491815,232,0.07692307692307693,13,1.0357142857142858,-0.015891344483767802,0.004151612424452786,0.008189920206098397,0.5069173227550378
cls|lw_filt@q4,learn,C,tick,998181.7780130036,-0.0018182219869963268,-0.0017555797449736454,0.005855029563259052,-0.30288571685446747,-0.0073763925322754,138,0.38461538461538464,13,1.0357142857142858,-0.0009022206076881448,0.004151612424452786,0.008189920206098397,0.5069173227550378
cls|lw_filt@q5,full,A,0.0,1130919.6999126999,0.1309196999126998,0.030862615375739644,0.0087037016664046,3.5571636347907236,-0.007329186820243749,51,0.78,50,4.0476190476190474,0.015751165575804766,0.015751165575804766,0.010560873549478314,1.4914642715879163
cls|lw_filt@q5,full,A,0.25,1107808.4026587768,0.10780840265877689,0.025617412092110436,0.008696347895147437,2.9634138496193745,-0.008222674705828159,90,0.76,50,4.0476190476190474,0.013110947188435194,0.015751165575804766,0.010560873549478314,1.4914642715879163
cls|lw_filt@q5,full,A,0.87,1052509.459329485,0.05250945932948503,0.01272406786591529,0.008690972329376179,1.484372106408992,-0.010444877904971728,144,0.66,50,4.0476190476190474,0.006563205587758638,0.015751165575804766,0.010560873549478314,1.4914642715879163
cls|lw_filt@q5,full,A,cs,909485.3928533854,-0.09051460714661452,-0.02316745365103945,0.008794270695592387,-2.707158142522792,-0.09437748503958943,958,0.22,50,4.0476190476190474,-0.01211206833593941,0.015751165575804766,0.010560873549478314,1.4914642715879163
cls|lw_filt@q5,full,A,ar,821909.338537186,-0.17809066146281394,-0.04729927298922709,0.00893078436099105,-5.51508669392287,-0.1788739182386565,991,0.08,50,4.0476190476190474,-0.025058022993282563,0.015751165575804766,0.010560873549478314,1.4914642715879163
cls|lw_filt@q5,full,A,tick,1067056.410568808,0.06705641056880807,0.016164317784486792,0.008692972163954722,1.8809083436114116,-0.009790197414649482,143,0.68,50,4.0476190476190474,0.008318418739298016,0.015751165575804766,0.010560873549478314,1.4914642715879163
cls|lw_filt@q5,full,B,0.0,1052403.794031014,0.05240379403101403,0.012698948174979963,0.008662447252934828,1.4863184580202031,-0.010929074695875007,144,0.64,50,4.0476190476190474,0.006550241780455553,0.006550241780455553,0.010560873549478314,0.620236739865058
cls|lw_filt@q5,full,B,0.25,1030896.6885564108,0.030896688556410812,0.0075460809295617715,0.008664275583523912,0.8870380342085044,-0.011835155946764653,285,0.62,50,4.0476190476190474,0.003910023393085977,0.006550241780455553,0.010560873549478314,0.620236739865058
cls|lw_filt@q5,full,B,0.87,979436.1625087633,-0.02056383749123669,-0.005120288318291921,0.008681710626877353,-0.597197848634686,-0.03591779656631244,719,0.52,50,4.0476190476190474,-0.00263771820759058,0.006550241780455553,0.010560873549478314,0.620236739865058
cls|lw_filt@q5,full,B,cs,846339.8374659152,-0.15366016253408477,-0.04037998070126947,0.008851623015787922,-4.732783723226814,-0.15498680874260762,958,0.1,50,4.0476190476190474,-0.02131299213128863,0.006550241780455553,0.010560873549478314,0.620236739865058
cls|lw_filt@q5,full,B,ar,764842.9183599298,-0.2351570816400702,-0.06408696272804293,0.009030939152570982,-7.456520819162428,-0.2358428708037399,992,0.04,50,4.0476190476190474,-0.03425894678863178,0.006550241780455553,0.010560873549478314,0.620236739865058
cls|lw_filt@q5,full,B,tick,992973.4108774429,-0.007026589122557048,-0.001740591985348039,0.008676545645162622,-0.19992425662410382,-0.02610188659114432,719,0.56,50,4.0476190476190474,-0.0008825050560512018,0.006550241780455553,0.010560873549478314,0.620236739865058
cls|lw_filt@q5,full,C,0.0,1029999.3446656055,0.0299993446656055,0.007329334765665552,0.008455678139315284,0.8828248450528192,-0.011867450027864934,200,0.66,50,4.0476190476190474,0.003797762893344285,0.003797762893344285,0.010560873549478314,0.35960689005048135
cls|lw_filt@q5,full,C,0.25,1008950.098182201,0.00895009818220105,0.0022037889252477516,0.00845745181806475,0.26902541449707235,-0.01746396372893766,357,0.58,50,4.0476190476190474,0.0011575445059747072,0.003797762893344285,0.010560873549478314,0.35960689005048135
cls|lw_filt@q5,full,C,0.87,958585.1016424529,-0.04141489835754708,-0.010395421001182403,0.008475066465308184,-1.250134314900701,-0.05184159569487157,719,0.38,50,4.0476190476190474,-0.005390197094701847,0.003797762893344285,0.010560873549478314,0.35960689005048135
cls|lw_filt@q5,full,C,cs,828322.268534985,-0.17167773146501497,-0.045468149319676354,0.00864701934409579,-5.470450331080331,-0.17410115124993375,958,0.06,50,4.0476190476190474,-0.02406547101839989,0.003797762893344285,0.010560873549478314,0.35960689005048135
cls|lw_filt@q5,full,C,ar,748560.2643292577,-0.2514397356707424,-0.06904944812656555,0.00883190873252491,-8.237138823720896,-0.2521458892579669,992,0.02,50,4.0476190476190474,-0.03701142567574304,0.003797762893344285,0.010560873549478314,0.35960689005048135
cls|lw_filt@q5,full,C,tick,971834.1545044184,-0.028165845495581654,-0.007033645572832259,0.008469981308237581,-0.8435584659119933,-0.041907186081269976,719,0.48,50,4.0476190476190474,-0.0036349839431624705,0.003797762893344285,0.010560873549478314,0.35960689005048135
cls|lw_filt@q5,hold,A,0.0,1097169.0593385315,0.09716905933853148,0.031267795858932246,0.008854328201747391,3.5399289896882706,-0.007329186820240419,51,0.7837837837837838,37,3.011904761904762,0.01594611980340863,0.01594611980340863,0.011272910452853795,1.4145521575904816
cls|lw_filt@q5,hold,A,0.25,1079312.0385940606,0.07931203859406066,0.025664525966803575,0.008845664625988882,2.917156141465507,-0.008222674705830268,90,0.7567567567567568,37,3.011904761904762,0.013127892190195181,0.01594611980340863,0.011272910452853795,1.4145521575904816
cls|lw_filt@q5,hold,A,0.87,1036270.336491747,0.036270336491746935,0.011899316885172873,0.008837350330361256,1.365364516578372,-0.010444877904970618,144,0.6756756756756757,37,3.011904761904762,0.006138687709425831,0.01594611980340863,0.011272910452853795,1.4145521575904816
cls|lw_filt@q5,hold,A,cs,924412.9615348753,-0.07558703846512471,-0.025757702130284388,0.008929987145211418,-2.966668361933891,-0.08596724886602103,719,0.1891891891891892,37,3.011904761904762,-0.013477976361505429,0.01594611980340863,0.011272910452853795,1.4145521575904816
cls|lw_filt@q5,hold,A,ar,850893.759345172,-0.14910624065482803,-0.05219825558790203,0.009071648631919978,-6.004023752596534,-0.1532747659407745,733,0.08108108108108109,37,3.011904761904762,-0.027709805586720287,0.01594611980340863,0.011272910452853795,1.4145521575904816
cls|lw_filt@q5,hold,A,tick,1048687.7865939564,0.04868778659395634,0.015909141255951775,0.00884018047783301,1.8197927148172064,-0.009790197414651702,143,0.7027027027027027,37,3.011904761904762,0.008184420040308202,0.01594611980340863,0.011272910452853795,1.4145521575904816
cls|lw_filt@q5,hold,B,0.0,1035772.9284683599,0.03577292846835989,0.011738027634366155,0.008803553937056478,1.3521620905978202,-0.01092907469587745,144,0.6486486486486487,37,3.011904761904762,0.006056080533282945,0.006056080533282945,0.011272910452853795,0.5372242207201972
cls|lw_filt@q5,hold,B,0.25,1018914.8847383709,0.018914884738370885,0.006240779154318199,0.00880469573137989,0.7228328943845479,-0.011835155946759435,285,0.6216216216216216,37,3.011904761904762,0.0032378529200694965,0.006056080533282945,0.011272910452853795,0.5372242207201972
cls|lw_filt@q5,hold,B,0.87,978281.0878986357,-0.02171891210136434,-0.007263971511305312,0.008820759699393266,-0.8359434877495678,-0.03591779656634009,719,0.4864864864864865,37,3.011904761904762,-0.003751351560699857,0.006056080533282945,0.011272910452853795,0.5372242207201972
cls|lw_filt@q5,hold,B,cs,872681.4934238725,-0.12731850657612753,-0.04420846626796693,0.008983261130562208,-5.11308430846644,-0.13167584331336224,719,0.10810810810810811,37,3.011904761904762,-0.023368015631631107,0.006056080533282945,0.011272910452853795,0.5372242207201972
cls|lw_filt@q5,hold,B,ar,803275.4042803947,-0.19672459571960532,-0.07014870614058011,0.009172807233880866,-8.057103258164503,-0.19813679705892662,743,0.02702702702702703,37,3.011904761904762,-0.03759984485684596,0.006056080533282945,0.011272910452853795,0.5372242207201972
cls|lw_filt@q5,hold,B,tick,990003.8933276447,-0.009996106672355287,-0.003330007885306352,0.008815130937403413,-0.38031938288108724,-0.02610188659113777,719,0.5405405405405406,37,3.011904761904762,-0.0017056192298174834,0.006056080533282945,0.011272910452853795,0.5372242207201972
cls|lw_filt@q5,hold,C,0.0,1014736.9151474426,0.014736915147442575,0.0048690013680685595,0.008611585038222161,0.5777796450770026,-0.011867450027854276,200,0.6486486486486487,37,3.011904761904762,0.002531338292091181,0.002531338292091181,0.011272910452853795,0.2245505544178575
cls|lw_filt@q5,hold,C,0.25,998221.2245861089,-0.0017787754138910428,-0.0005909327704450851,0.008613511573496666,-0.06546803179937051,-0.017463963728912568,357,0.5675675675675675,37,3.011904761904762,-0.00028688932112226617,0.002531338292091181,0.011272910452853795,0.2245505544178575
cls|lw_filt@q5,hold,C,0.87,958412.6206603489,-0.041587379339651065,-0.014004015404970538,0.008631810596605408,-1.6568818114038097,-0.05184159569487157,719,0.32432432432432434,37,3.011904761904762,-0.007276093801891619,0.002531338292091181,0.011272910452853795,0.2245505544178575
cls|lw_filt@q5,hold,C,cs,854957.5658907063,-0.14504243410929374,-0.050697733175881,0.008802691326097595,-6.005027657632827,-0.14694695624818244,743,0.05405405405405406,37,3.011904761904762,-0.02689275787282288,0.002531338292091181,0.011272910452853795,0.2245505544178575
cls|lw_filt@q5,hold,C,ar,786960.9745085955,-0.21303902549140452,-0.0764619012281339,0.009000750442207302,-8.980860975863195,-0.21365012332527744,755,0.0,37,3.011904761904762,-0.041124587098037735,0.002531338292091181,0.011272910452853795,0.2245505544178575
cls|lw_filt@q5,hold,C,tick,969897.3452136953,-0.030102654786304694,-0.01009675944051558,0.008626047640637402,-1.191831871989997,-0.04190718608127586,719,0.4594594594594595,37,3.011904761904762,-0.0052303614710092474,0.002531338292091181,0.011272910452853795,0.2245505544178575
cls|lw_filt@q5,learn,A,0.0,1030761.567952442,0.030761567952442004,0.02968523627545472,0.008249226304281218,3.6177486439863302,-0.006009896409418736,24,0.7692307692307693,13,1.0357142857142858,0.01518296055975262,0.01518296055975262,0.008485602112255165,1.789261428817753
cls|lw_filt@q5,learn,A,0.25,1026402.3406074852,0.026402340607485142,0.025480415075673335,0.008245960079508015,3.1135006901245337,-0.00607724638182261,40,0.7692307692307693,13,1.0357142857142858,0.013061560031688828,0.01518296055975262,0.008485602112255165,1.789261428817753
cls|lw_filt@q5,learn,A,0.87,1015670.739830987,0.01567073983098699,0.015126303406475694,0.008249731953525876,1.858561803864218,-0.006254782300380235,61,0.6153846153846154,13,1.0357142857142858,0.007800486722090623,0.01518296055975262,0.008485602112255165,1.789261428817753
cls|lw_filt@q5,learn,A,cs,983851.8397051536,-0.016148160294846448,-0.015595692436832675,0.008386165209402757,-1.9058052350483181,-0.020240394697836894,199,0.3076923076923077,13,1.0357142857142858,-0.00813105288871584,0.01518296055975262,0.008485602112255165,1.789261428817753
cls|lw_filt@q5,learn,A,ar,965936.4985467888,-0.03406350145321113,-0.03290844455910513,0.008506225179563698,-4.004406317525625,-0.03566254936236235,232,0.07692307692307693,13,1.0357142857142858,-0.017329254094088527,0.01518296055975262,0.008485602112255165,1.789261428817753
cls|lw_filt@q5,learn,A,tick,1017515.8175861903,0.017515817586190252,0.016906747134643574,0.008249164550527282,2.07516074986008,-0.0062099140861593405,61,0.6153846153846154,13,1.0357142857142858,0.00870896545298707,0.01518296055975262,0.008485602112255165,1.789261428817753
cls|lw_filt@q5,learn,B,0.0,1016056.478312519,0.016056478312518996,0.015498538484098656,0.008237586957508602,1.9066422759708221,-0.006199162861974639,60,0.6153846153846154,13,1.0357142857142858,0.007990502414108548,0.007990502414108548,0.008485602112255165,0.9416541464474772
cls|lw_filt@q5,learn,B,0.25,1011759.3765657133,0.011759376565713353,0.011351588125871448,0.008241528252484587,1.3997776035933265,-0.0062857537370493155,64,0.6153846153846154,13,1.0357142857142858,0.005869101886044758,0.007990502414108548,0.008485602112255165,0.9416541464474772
cls|lw_filt@q5,learn,B,0.87,1001180.718532116,0.0011807185321159874,0.0011399809021073182,0.00826315292057807,0.1446349815077283,-0.008020033799845394,199,0.6153846153846154,13,1.0357142857142858,0.0006080285764465532,0.007990502414108548,0.008485602112255165,0.9416541464474772
cls|lw_filt@q5,learn,B,cs,969815.2691944776,-0.03018473080552242,-0.029159205600133187,0.008455933151550474,-3.5619833730136667,-0.03240718535029852,199,0.07692307692307693,13,1.0357142857142858,-0.015323511034359907,0.007990502414108548,0.008485602112255165,0.9416541464474772
cls|lw_filt@q5,learn,B,ar,952155.2810958077,-0.047844718904192285,-0.046233652045443496,0.008602891078003662,-5.602753439673142,-0.04930882545539195,233,0.07692307692307693,13,1.0357142857142858,-0.024521712239732596,0.007990502414108548,0.008485602112255165,0.9416541464474772
cls|lw_filt@q5,learn,B,tick,1002999.5008805704,0.002999500880570327,0.002895920198605184,0.008259498623291615,0.36089923847283795,-0.007315776005553776,170,0.6153846153846154,13,1.0357142857142858,0.0015165073073429983,0.007990502414108548,0.008485602112255165,0.9416541464474772
cls|lw_filt@q5,learn,C,0.0,1015040.774894811,0.015040774894810927,0.014518380936578534,0.007983912946376851,1.8437126081832191,-0.005420429400488258,30,0.6923076923076923,13,1.0357142857142858,0.0074888283281808275,0.0074888283281808275,0.008485602112255165,0.8825335231503765
cls|lw_filt@q5,learn,C,0.25,1010747.991859797,0.010747991859797024,0.010375455506455689,0.00798514224767945,1.321230825534264,-0.005487810543450711,52,0.6153846153846154,13,1.0357142857142858,0.005367427800117038,0.0074888283281808275,0.008485602112255165,0.8825335231503765
cls|lw_filt@q5,learn,C,0.87,1000179.9652658894,0.00017996526588937023,0.0001737590279493606,0.008000438466072833,0.026129866188001127,-0.008207716028661438,199,0.5384615384615384,13,1.0357142857142858,0.000106354490518836,0.0074888283281808275,0.008485602112255165,0.8825335231503765
cls|lw_filt@q5,learn,C,cs,968846.0592450969,-0.031153940754903076,-0.030096000207861295,0.00817553108095096,-3.8047661447847103,-0.03369954206793424,199,0.07692307692307693,13,1.0357142857142858,-0.01582518512028763,0.0074888283281808275,0.008485602112255165,0.8825335231503765
cls|lw_filt@q5,learn,C,ar,951203.7935511075,-0.04879620644889249,-0.047153899957183,0.008318224490971127,-5.913036876451936,-0.050032558780739866,233,0.07692307692307693,13,1.0357142857142858,-0.025023386325660313,0.0074888283281808275,0.008485602112255165,0.8825335231503765
cls|lw_filt@q5,learn,C,tick,1001996.9219425938,0.00199692194259371,0.0019279962283333951,0.007997614729243461,0.2494188889494766,-0.006887703646370813,169,0.5384615384615384,13,1.0357142857142858,0.0010148332214152797,0.0074888283281808275,0.008485602112255165,0.8825335231503765
cls|lw_sign,full,A,0.0,1955186.7406952663,0.9551867406952663,0.18015927751545102,0.031529175965614525,5.360660549545079,-0.030852845615522262,78,0.86,50,4.0476190476190474,0.08598759145224595,0.08598759145224595,0.23244056509001684,0.369933670652305
cls|lw_sign,full,A,0.25,1241155.3947975775,0.24115539479757753,0.05482540378991363,0.03149073629637996,1.7400646195624043,-0.043709628147608814,354,0.7,50,4.0476190476190474,0.02787745017974176,0.08598759145224595,0.23244056509001684,0.369933670652305
cls|lw_sign,full,A,0.87,402116.5485754274,-0.5978834514245726,-0.2015427708245877,0.03160273807132871,-7.2295283956221645,-0.6021917001926436,1017,0.04,50,4.0476190476190474,-0.11623570017606866,0.08598759145224595,0.23244056509001684,0.369933670652305
cls|lw_sign,full,A,cs,22040.990424917018,-0.977959009575083,-0.6103446655687015,0.0333796005761471,-28.707414750389148,-0.9780567306997221,1019,0.0,50,4.0476190476190474,-0.48750612430900664,0.08598759145224595,0.23244056509001684,0.369933670652305
cls|lw_sign,full,A,ar,75190.70869875514,-0.9248092913012449,-0.47234939062984027,0.03241742506932979,-20.046680715130286,-0.9251216528676177,1019,0.0,50,4.0476190476190474,-0.33061750609051416,0.08598759145224595,0.23244056509001684,0.369933670652305
cls|lw_sign,full,A,tick,586921.9364949005,-0.41307806350509946,-0.12335102066968773,0.03153927234061585,-4.230655957194139,-0.41993728278706155,1017,0.14,50,4.0476190476190474,-0.06788350143131601,0.08598759145224595,0.23244056509001684,0.369933670652305
cls|lw_sign,full,B,0.0,1466235.505037353,0.466235505037353,0.09916299415237328,0.031227424860827684,3.095833899149424,-0.03368436380670492,85,0.8,50,4.0476190476190474,0.04918341497114969,0.04918341497114969,0.23244056509001684,0.21159566081807846
cls|lw_sign,full,B,0.25,930761.4696545171,-0.06923853034548288,-0.017570825451528882,0.031235444923275797,-0.5617455829760682,-0.1065961401988641,465,0.42,50,4.0476190476190474,-0.008926726301354515,0.04918341497114969,0.23244056509001684,0.21159566081807846
cls|lw_sign,full,B,0.87,301547.7691921127,-0.6984522308078873,-0.256346997879353,0.031463783688633694,-9.560680448804161,-0.701145202834952,1017,0.0,50,4.0476190476190474,-0.15303987665716495,0.04918341497114969,0.23244056509001684,0.21159566081807846
cls|lw_sign,full,B,cs,16527.764951856196,-0.9834722350481439,-0.6370940583875557,0.03353418727442465,-30.732348418028216,-0.9835386362052321,1019,0.0,50,4.0476190476190474,-0.5243103007901029,0.04918341497114969,0.23244056509001684,0.21159566081807846
cls|lw_sign,full,B,ar,56383.952984099036,-0.943616047015901,-0.5085696752146496,0.03246343832152603,-22.246690326202277,-0.9438294436265398,1019,0.0,50,4.0476190476190474,-0.3674216825716105,0.04918341497114969,0.23244056509001684,0.21159566081807846
cls|lw_sign,full,B,tick,440136.5066533279,-0.5598634933466722,-0.18352080948633376,0.03135812259975452,-6.562066942944104,-0.5642230926107914,1017,0.06,50,4.0476190476190474,-0.10468767791241226,0.04918341497114969,0.23244056509001684,0.21159566081807846
cls|lw_sign,full,C,0.0,1246555.8128339977,0.24655581283399775,0.05595747041710575,0.030801342494746843,1.8137424998411031,-0.03641368847855486,138,0.7,50,4.0476190476190474,0.02842170529857761,0.02842170529857761,0.23244056509001684,0.12227515144600852
cls|lw_sign,full,C,0.25,791307.8491777233,-0.20869215082227677,-0.05618830974162459,0.030819103586539474,-1.8934875761875651,-0.22215599374125428,958,0.26,50,4.0476190476190474,-0.02968843597392659,0.02842170529857761,0.23244056509001684,0.12227515144600852
cls|lw_sign,full,C,0.87,256366.28874161528,-0.7436337112583847,-0.28557955673960767,0.03107419614775769,-10.993828978400868,-0.7454178779724288,1018,0.0,50,4.0476190476190474,-0.17380158632973702,0.02842170529857761,0.23244056509001684,0.12227515144600852
cls|lw_sign,full,C,cs,14051.275056133845,-0.9859487249438662,-0.6513603084194165,0.033179263463097984,-32.291058689625196,-0.9859976388006397,1019,0.0,50,4.0476190476190474,-0.5450720104626751,0.02842170529857761,0.23244056509001684,0.12227515144600852
cls|lw_sign,full,C,ar,47935.76731327301,-0.952064232686727,-0.527887680128152,0.032070353932105056,-23.791857034397314,-0.9522199340550122,1019,0.0,50,4.0476190476190474,-0.38818339224418263,0.02842170529857761,0.23244056509001684,0.12227515144600852
cls|lw_sign,full,C,tick,374190.7167670189,-0.6258092832329811,-0.21561575659954169,0.030958203167654286,-7.9650396666005525,-0.6286036459275246,1018,0.02,50,4.0476190476190474,-0.1254493875849844,0.02842170529857761,0.23244056509001684,0.12227515144600852
cls|lw_sign,hold,A,0.0,1637850.222322798,0.6378502223227982,0.17799220546259598,0.03257611818034171,5.129085936497829,-0.030852845615521485,78,0.8648648648648649,37,3.011904761904762,0.08500493977639492,0.08500493977639492,0.23586224826461283,0.36040078648376256
cls|lw_sign,hold,A,0.25,1161894.772963919,0.16189477296391908,0.05108153642168589,0.0325298855470546,1.5734147220780947,-0.043709628147616364,354,0.6486486486486487,37,3.011904761904762,0.02603937771024172,0.08500493977639492,0.23586224826461283,0.36040078648376256
cls|lw_sign,hold,A,0.87,495870.3447575603,-0.5041296552424397,-0.20775883450479538,0.032619333772452186,-7.2428124571141534,-0.5066900200763167,743,0.05405405405405406,37,3.011904761904762,-0.12019521621381822,0.08500493977639492,0.23586224826461283,0.36040078648376256
cls|lw_sign,hold,A,cs,54599.10131102946,-0.9454008986889706,-0.6191748527463852,0.03434627690990928,-28.561065076513987,-0.9455115502461725,758,0.0,37,3.011904761904762,-0.49906707873417205,0.08500493977639492,0.23586224826461283,0.36040078648376256
cls|lw_sign,hold,A,ar,149880.52061123264,-0.8501194793887674,-0.4674819017553793,0.03332281925470792,-19.209788118340153,-0.8503739585064422,758,0.0,37,3.011904761904762,-0.3256635619600554,0.08500493977639492,0.23586224826461283,0.36040078648376256
cls|lw_sign,hold,A,tick,664402.7269733164,-0.33559727302668363,-0.12693933984851402,0.03256171796916924,-4.222528255323234,-0.34443122657409087,743,0.13513513513513514,37,3.011904761904762,-0.069949518806819,0.08500493977639492,0.23586224826461283,0.36040078648376256
cls|lw_sign,hold,B,0.0,1309849.0963241349,0.30984909632413493,0.09375314098562293,0.03223908467793348,2.8423714860452827,-0.03368436380670625,85,0.7837837837837838,37,3.011904761904762,0.04661958436342975,0.04661958436342975,0.23586224826461283,0.19765598227965436
cls|lw_sign,hold,B,0.25,929204.5178560853,-0.07079548214391473,-0.024083969901877555,0.03224049227576756,-0.7526948895477272,-0.1065961401988742,465,0.32432432432432434,37,3.011904761904762,-0.01234597770272345,0.04661958436342975,0.23586224826461283,0.19765598227965436
cls|lw_sign,hold,B,0.87,396557.6081703721,-0.6034423918296279,-0.26441758860729137,0.0324494494073749,-9.605894006903023,-0.6050245534759882,758,0.0,37,3.011904761904762,-0.1585805716267834,0.04661958436342975,0.23586224826461283,0.19765598227965436
cls|lw_sign,hold,B,cs,43662.33752861006,-0.95633766247139,-0.6464148492876383,0.03447891847498019,-30.639490775390986,-0.9563997360195979,758,0.0,37,3.011904761904762,-0.5374524341471373,0.04661958436342975,0.23586224826461283,0.19765598227965436
cls|lw_sign,hold,B,ar,119859.82065217115,-0.8801401793478288,-0.5055697011726722,0.03333713756210498,-21.464786850860815,-0.8802767576618168,758,0.0,37,3.011904761904762,-0.3640489173730206,0.04661958436342975,0.23586224826461283,0.19765598227965436
cls|lw_sign,hold,B,tick,531339.2608448216,-0.4686607391551785,-0.1893766092513739,0.03234678383059176,-6.583128322173974,-0.4711799675798294,758,0.08108108108108109,37,3.011904761904762,-0.10833487421978416,0.04661958436342975,0.23586224826461283,0.19765598227965436
cls|lw_sign,hold,C,0.0,1140600.1743105398,0.14060017431053984,0.04464613852065047,0.03184323154916688,1.410554404444549,-0.036413688478550865,138,0.6486486486486487,37,3.011904761904762,0.022851348450053405,0.022851348450053405,0.23586224826461283,0.09688429843345077
cls|lw_sign,hold,C,0.25,809137.804959184,-0.19086219504081592,-0.0679010613041966,0.03186018415784628,-2.2280504698942196,-0.19366030490889397,677,0.21621621621621623,37,3.011904761904762,-0.036114213616099795,0.022851348450053405,0.23586224826461283,0.09688429843345077
cls|lw_sign,hold,C,0.87,345314.658935976,-0.6546853410640241,-0.2974453962257345,0.03210984148337442,-11.162459842304745,-0.6555682802524929,758,0.0,37,3.011904761904762,-0.18234880754015975,0.022851348450053405,0.23586224826461283,0.09688429843345077
cls|lw_sign,hold,C,cs,38019.960773934414,-0.9619800392260656,-0.6622919429340752,0.034200080845475406,-32.2553433149819,-0.9620286389717863,758,0.0,37,3.011904761904762,-0.5612206700605137,0.022851348450053405,0.23586224826461283,0.09688429843345077
cls|lw_sign,hold,C,ar,104371.24249974954,-0.8956287575002505,-0.527770268301416,0.03301305116458002,-23.09066776952785,-0.895732713959412,758,0.0,37,3.011904761904762,-0.3878171532863969,0.022851348450053405,0.23586224826461283,0.09688429843345077
cls|lw_sign,hold,C,tick,462680.80219238065,-0.5373191978076193,-0.2257732732604607,0.03199287984857182,-8.116239441612251,-0.5386732390930118,758,0.02702702702702703,37,3.011904761904762,-0.13210311013316053,0.022851348450053405,0.23586224826461283,0.09688429843345077
cls|lw_sign,learn,A,0.0,1193751.8547467845,0.19375185474678447,0.18648390269252557,0.028258114215707675,6.180407997239578,-0.013533156401424606,28,0.8461538461538461,13,1.0357142857142858,0.08885158480141896,0.08885158480141896,0.22246787782366373,0.39939062515733625
cls|lw_sign,learn,A,0.25,1068216.6954168153,0.0682166954168153,0.06578869069110715,0.028245451794048387,2.312795716614652,-0.027459384676048137,115,0.8461538461538461,13,1.0357142857142858,0.03323461534550304,0.08885158480141896,0.22246787782366373,0.39939062515733625
cls|lw_sign,learn,A,0.87,810930.8266297466,-0.18906917337025342,-0.1831876430211059,0.028433368437367067,-7.237602330983453,-0.19731973214134513,258,0.0,13,1.0357142857142858,-0.1046954689051685,0.08885158480141896,0.22246787782366373,0.39939062515733625
cls|lw_sign,learn,A,cs,403687.78781463596,-0.5963122121853641,-0.5834853843052792,0.030383127029989587,-29.358763774209084,-0.5973267532994144,260,0.0,13,1.0357142857142858,-0.4538110750891592,0.08885158480141896,0.22246787782366373,0.39939062515733625
cls|lw_sign,learn,A,ar,501670.9869442523,-0.4983290130557477,-0.48625292164136047,0.029621014532872268,-22.89733116578532,-0.49962674860984646,260,0.0,13,1.0357142857142858,-0.3450560537371369,0.08885158480141896,0.22246787782366373,0.39939062515733625
cls|lw_sign,learn,A,tick,883382.7927959219,-0.11661720720407809,-0.11283199949006717,0.028350313707131123,-4.289049685637867,-0.12738593304583112,258,0.15384615384615385,13,1.0357142857142858,-0.06186197806944732,0.08885158480141896,0.22246787782366373,0.39939062515733625
cls|lw_sign,learn,B,0.0,1119392.6912283488,0.11939269122834872,0.11504762339856645,0.028072165762323405,3.9670157874889957,-0.01949448211116922,67,0.8461538461538461,13,1.0357142857142858,0.05665584288163665,0.05665584288163665,0.22246787782366373,0.2546697682195007
cls|lw_sign,learn,B,0.25,1001675.574933735,0.0016755749337349357,0.0016177497778413485,0.028102163058203223,0.07266378753006962,-0.03719924116177442,151,0.6923076923076923,13,1.0357142857142858,0.0010388734257207172,0.05665584288163665,0.22246787782366373,0.2546697682195007
cls|lw_sign,learn,B,0.87,760413.5262550487,-0.23958647374495134,-0.23237066427015385,0.02839605300121042,-9.475731151299572,-0.2451766587513261,258,0.0,13,1.0357142857142858,-0.13689121082495082,0.05665584288163665,0.22246787782366373,0.2546697682195007
cls|lw_sign,learn,B,cs,378535.9622815873,-0.6214640377184126,-0.6085690383200943,0.03060935016788991,-31.20925450142053,-0.6224326866886007,260,0.0,13,1.0357142857142858,-0.4860068170089415,0.05665584288163665,0.22246787782366373,0.2546697682195007
cls|lw_sign,learn,B,ar,470415.79636368423,-0.5295842036363158,-0.5171907028502413,0.029771445855225953,-24.907293154291867,-0.5308226082657662,260,0.0,13,1.0357142857142858,-0.3772517956569192,0.05665584288163665,0.22246787782366373,0.2546697682195007
cls|lw_sign,learn,B,tick,828353.0675928505,-0.17164693240714946,-0.16625039614370118,0.02828036378838588,-6.537393075783411,-0.17904605702712517,258,0.0,13,1.0357142857142858,-0.09405771998922963,0.05665584288163665,0.22246787782366373,0.2546697682195007
cls|lw_sign,learn,C,0.0,1092894.6364465768,0.0928946364465768,0.08955211627092985,0.02754024466316363,3.187242926186286,-0.016758451836177746,57,0.8461538461538461,13,1.0357142857142858,0.04465682233827222,0.04465682233827222,0.22246787782366373,0.20073379930233734
cls|lw_sign,learn,C,0.25,977964.2532184455,-0.02203574678155451,-0.021284038842388053,0.027560458033898495,-0.7816729732119457,-0.0436443828663613,199,0.38461538461538464,13,1.0357142857142858,-0.010960147117643707,0.04465682233827222,0.22246787782366373,0.20073379930233734
cls|lw_sign,learn,C,0.87,742413.5700800001,-0.2575864299199999,-0.24992206917406745,0.02783462345890154,-10.514194280719392,-0.2621423809155441,259,0.0,13,1.0357142857142858,-0.14889023136831525,0.04465682233827222,0.22246787782366373,0.20073379930233734
cls|lw_sign,learn,C,cs,369576.26389154827,-0.6304237361084517,-0.6175181538110381,0.029997636231462645,-32.631913619451325,-0.6312694155977466,260,0.0,13,1.0357142857142858,-0.49800583755230593,0.04465682233827222,0.22246787782366373,0.20073379930233734
cls|lw_sign,learn,C,ar,459281.37066479435,-0.5407186293352056,-0.5282289532620008,0.02915018684855076,-26.247221271630238,-0.5418042135054307,260,0.0,13,1.0357142857142858,-0.38925081620028357,0.04465682233827222,0.22246787782366373,0.20073379930233734
cls|lw_sign,learn,C,tick,808744.851729185,-0.19125514827081502,-0.1853136461366186,0.027722121943956294,-7.519811420363311,-0.1968244594844729,259,0.0,13,1.0357142857142858,-0.10605674053259406,0.04465682233827222,0.22246787782366373,0.20073379930233734
mid|15m,full,A,0.0,1139040.5082077933,0.13904050820779323,0.032686502399832396,0.06580100510253681,0.5301700618418748,-0.14003661483880148,344,0.46,50,4.0476190476190474,0.017748129296128116,0.017748129296128116,0.3402990954992325,0.052154500352376475
mid|15m,full,A,0.25,585576.6827394156,-0.41442331726058446,-0.1238478704023055,0.0658594811280043,-2.0093880230644863,-0.4171021590182915,1018,0.28,50,4.0476190476190474,-0.06732664457868,0.017748129296128116,0.3402990954992325,0.052154500352376475
mid|15m,full,A,0.87,112445.34368740456,-0.8875546563125954,-0.4171903720558955,0.0661996058584081,-8.263647869205741,-0.8879733690710082,1018,0.04,50,4.0476190476190474,-0.2783120837882041,0.017748129296128116,0.3402990954992325,0.052154500352376475
mid|15m,full,A,cs,1571.8144362984362,-0.9984281855637016,-0.7970700273138532,0.06846534900773062,-23.66331348290315,-0.9984300754852341,1018,0.0,50,4.0476190476190474,-0.8242353562710121,0.017748129296128116,0.3402990954992325,0.052154500352376475
mid|15m,full,A,ar,10275.831094539984,-0.98972416890546,-0.6772978666739251,0.06731623636974178,-17.05862692666528,-0.9897420688493097,1018,0.02,50,4.0476190476190474,-0.5842096877994717,0.017748129296128116,0.3402990954992325,0.052154500352376475
mid|15m,full,A,tick,195742.33248757684,-0.8042576675124231,-0.33164920358448935,0.06605543345936771,-6.172659791480131,-0.8050056194370955,1018,0.08,50,4.0476190476190474,-0.20743677153206672,0.017748129296128116,0.3402990954992325,0.052154500352376475
mid|15m,full,B,0.0,1269730.3500905868,0.26973035009058677,0.060773938588605025,0.06511134855012865,0.954376437221475,-0.11275339756632452,482,0.48,50,4.0476190476190474,0.03161413148756485,0.03161413148756485,0.3402990954992325,0.09290101532942852
mid|15m,full,B,0.25,652764.9116783428,-0.34723508832165717,-0.10001756509413695,0.06516787144061988,-1.6124853605524765,-0.36721733777093646,561,0.28,50,4.0476190476190474,-0.05346064238724328,0.03161413148756485,0.3402990954992325,0.09290101532942852
mid|15m,full,B,0.87,125347.65887433017,-0.8746523411256698,-0.40133804981874144,0.06550524157870395,-7.935169849913106,-0.8750967347808482,1018,0.06,50,4.0476190476190474,-0.2644460815967674,0.03161413148756485,0.3402990954992325,0.09290101532942852
mid|15m,full,B,cs,1752.1886593428653,-0.9982478113406571,-0.7915497926881012,0.0677751427239189,-23.502156371212894,-0.9982496046869419,1018,0.0,50,4.0476190476190474,-0.8103693540795752,0.03161413148756485,0.3402990954992325,0.09290101532942852
mid|15m,full,B,ar,11455.060808231185,-0.9885449391917688,-0.6685193506591462,0.06659677891037048,-16.83366022762072,-0.9885628452691022,1018,0.02,50,4.0476190476190474,-0.5703436856080352,0.03161413148756485,0.3402990954992325,0.09290101532942852
mid|15m,full,B,tick,218201.98335642027,-0.7817980166435797,-0.3134704949299272,0.06536377302704924,-5.821002775627543,-0.7825997456868183,1018,0.12,50,4.0476190476190474,-0.19357076934062997,0.03161413148756485,0.3402990954992325,0.09290101532942852
mid|15m,full,C,0.0,1432072.8690337501,0.4320728690337501,0.09277954794220622,0.06530094581674228,1.41489313821326,-0.08247515857653631,561,0.52,50,4.0476190476190474,0.04700542335925139,0.04700542335925139,0.3402990954992325,0.13812973346371238
mid|15m,full,C,0.25,736227.0604353477,-0.2637729395646523,-0.07286263129828252,0.06534919515276297,-1.1450656002488575,-0.33449881079704735,561,0.32,50,4.0476190476190474,-0.038069350515556724,0.04700542335925139,0.3402990954992325,0.13812973346371238
mid|15m,full,C,0.87,141375.6354557605,-0.8586243645442395,-0.38327359814995965,0.06566562094412617,-7.455074476492995,-0.8590075486178265,1018,0.1,50,4.0476190476190474,-0.24905478972508086,0.04700542335925139,0.3402990954992325,0.13812973346371238
mid|15m,full,C,cs,1976.2672096407287,-0.9980237327903593,-0.7852590790494929,0.06789934851549323,-23.013606363531917,-0.9980234924123378,1019,0.0,50,4.0476190476190474,-0.7949780622078889,0.04700542335925139,0.3402990954992325,0.13812973346371238
mid|15m,full,C,ar,12920.034581557633,-0.9870799654184423,-0.6585154763782097,0.06669956383601999,-16.35414630011554,-0.9870816523137107,1019,0.02,50,4.0476190476190474,-0.5549523937363485,0.04700542335925139,0.3402990954992325,0.13812973346371238
mid|15m,full,C,tick,246102.15222917602,-0.753897847770824,-0.29275531894786355,0.0655355920082877,-5.344112568154797,-0.7546546910645973,1018,0.14,50,4.0476190476190474,-0.17817947746894344,0.04700542335925139,0.3402990954992325,0.13812973346371238
mid|15m,hold,A,0.0,1299935.9257250328,0.2999359257250329,0.0909978313530122,0.06935850625002833,1.3113938449830698,-0.13764056862322271,311,0.5135135135135135,37,3.011904761904762,0.04627407315501981,0.04627407315501981,0.3394257245736731,0.13633048353403726
mid|15m,hold,A,0.25,793112.9071231957,-0.2068870928768043,-0.07407111097476349,0.06941293730897163,-1.092555448625195,-0.37786993330749774,561,0.2972972972972973,37,3.011904761904762,-0.03858235798839844,0.04627407315501981,0.3394257245736731,0.13633048353403726
mid|15m,hold,A,0.87,232881.4704064731,-0.7671185295935269,-0.38357705998159175,0.06973347480776407,-7.0193850346483,-0.7759102469418186,655,0.05405405405405406,37,3.011904761904762,-0.24902630722407576,0.04627407315501981,0.3394257245736731,0.13633048353403726
mid|15m,hold,A,cs,9634.951536725659,-0.9903650484632743,-0.7859051751450882,0.07188389710655226,-21.764255039711973,-0.9903893212188877,758,0.0,37,3.011904761904762,-0.7959399012390194,0.04627407315501981,0.3394257245736731,0.13633048353403726
mid|15m,hold,A,ar,44205.61492781071,-0.9557943850721893,-0.6449601564937579,0.07069745449724608,-14.856797278071353,-0.9559089963439277,758,0.02702702702702703,37,3.011904761904762,-0.5343598644389799,0.04627407315501981,0.3394257245736731,0.13633048353403726
mid|15m,hold,A,tick,355466.78765881306,-0.6445332123411869,-0.29065391553602604,0.06959189146251307,-4.9824437101633805,-0.678488862030743,655,0.10810810810810811,37,3.011904761904762,-0.17640297206744548,0.04627407315501981,0.3394257245736731,0.13633048353403726
mid|15m,hold,B,0.0,1349067.8341584424,0.34906783415844256,0.10451920930154368,0.06864357270263313,1.5067798678419155,-0.11275339756631886,482,0.5135135135135135,37,3.011904761904762,0.05262044841527801,0.05262044841527801,0.3394257245736731,0.15502787386362823
mid|15m,hold,B,0.25,823089.011102954,-0.17691098889704593,-0.06259556917085518,0.06870078387344652,-0.9223045805001786,-0.36721733777094256,561,0.2702702702702703,37,3.011904761904762,-0.03223598272814028,0.05262044841527801,0.3394257245736731,0.15502787386362823
mid|15m,hold,B,0.87,241683.26711153396,-0.758316732888466,-0.3759374597398669,0.06903009236330374,-6.9101989862273205,-0.7719466842632808,655,0.08108108108108109,37,3.011904761904762,-0.24267993196381757,0.05262044841527801,0.3394257245736731,0.15502787386362823
mid|15m,hold,B,cs,9999.098566011868,-0.9900009014339881,-0.7832518592353759,0.07121532437921238,-21.793413821995966,-0.9900273769169681,758,0.0,37,3.011904761904762,-0.7895935259787613,0.05262044841527801,0.3394257245736731,0.15502787386362823
mid|15m,hold,B,ar,45876.586039874055,-0.9541234139601259,-0.6405594402578556,0.06998675230717884,-14.829425285722786,-0.9542482544895257,758,0.02702702702702703,37,3.011904761904762,-0.5280134891787217,0.05262044841527801,0.3394257245736731,0.15502787386362823
mid|15m,hold,B,tick,368901.507124334,-0.631098492875666,-0.28186281443497774,0.06888851577139679,-4.852234700388143,-0.6728126303005119,655,0.13513513513513514,37,3.011904761904762,-0.17005659680718735,0.05262044841527801,0.3394257245736731,0.15502787386362823
mid|15m,hold,C,0.0,1443436.0817387796,0.44343608173877946,0.12959434389082647,0.06894410779547998,1.8315673507467534,-0.0824751585765352,561,0.5945945945945946,37,3.011904761904762,0.0642428657227136,0.0642428657227136,0.3394257245736731,0.18926928948418445
mid|15m,hold,C,0.25,880665.9742822386,-0.11933402571776142,-0.041313853741851925,0.06899659692451617,-0.5872467048666867,-0.33449881079705024,561,0.32432432432432434,37,3.011904761904762,-0.020613565420704666,0.0642428657227136,0.3394257245736731,0.18926928948418445
mid|15m,hold,C,0.87,258590.5165190197,-0.7414094834809803,-0.36176870679792417,0.06931345878627716,-6.552358788052594,-0.7556571840904514,655,0.13513513513513514,37,3.011904761904762,-0.23105751465638197,0.0642428657227136,0.3394257245736731,0.18926928948418445
mid|15m,hold,C,cs,10698.637667956495,-0.9893013623320435,-0.7783305221315382,0.07148971449178602,-21.390210075325687,-0.9893467601305143,758,0.0,37,3.011904761904762,-0.7779711086713256,0.0642428657227136,0.3394257245736731,0.18926928948418445
mid|15m,hold,C,ar,49086.51996487459,-0.9509134800351254,-0.6323972356580879,0.07021859053430432,-14.45512197192746,-0.951125368929641,758,0.02702702702702703,37,3.011904761904762,-0.5163910718712861,0.0642428657227136,0.3394257245736731,0.18926928948418445
mid|15m,hold,C,tick,394707.47724094725,-0.6052925227590528,-0.26555879512022007,0.06918229047858383,-4.50141533433495,-0.6494588847452817,655,0.1891891891891892,37,3.011904761904762,-0.15843417949975175,0.0642428657227136,0.3394257245736731,0.18926928948418445
mid|15m,learn,A,0.0,876228.1937646123,-0.12377180623538764,-0.11977045929277008,0.05409909119012068,-2.375921012454863,-0.14003661483880148,259,0.3076923076923077,13,1.0357142857142858,-0.06539233186473314,-0.06539233186473314,0.34284458398068934,-0.19073462122538987
mid|15m,learn,A,0.25,738327.0118039348,-0.2616729881960652,-0.2539088238183985,0.05417385982484776,-5.482514944323793,-0.2654135720269434,259,0.23076923076923078,13,1.0357142857142858,-0.15110347785990547,-0.06539233186473314,0.34284458398068934,-0.19073462122538987
mid|15m,learn,A,0.87,482843.6693187438,-0.5171563306812562,-0.504880804132084,0.05459462706129574,-13.093304770225487,-0.5191276899836565,259,0.0,13,1.0357142857142858,-0.3636671199279328,-0.06539233186473314,0.34284458398068934,-0.19073462122538987
mid|15m,learn,A,cs,163136.7246952075,-0.8368632753047925,-0.8263378685606962,0.057336902402417324,-31.083253469482145,-0.8370915800715387,259,0.0,13,1.0357142857142858,-0.9067040448358249,-0.06539233186473314,0.34284458398068934,-0.19073462122538987
mid|15m,learn,A,ar,232455.33652955206,-0.7675446634704479,-0.7555500897318375,0.056267168885392994,-25.48386236465238,-0.7679992174953223,259,0.0,13,1.0357142857142858,-0.7294997901526284,-0.06539233186473314,0.34284458398068934,-0.19073462122538987
mid|15m,learn,A,tick,550662.7884331524,-0.4493372115668476,-0.4378907857234994,0.05443517259563692,-10.756386220520275,-0.45165907985613674,259,0.0,13,1.0357142857142858,-0.2978865183248636,-0.06539233186473314,0.34284458398068934,-0.19073462122538987
mid|15m,learn,B,0.0,941190.8859888058,-0.05880911401119415,-0.056839990603460344,0.05349463661434599,-1.0879843811650594,-0.10437673094290789,259,0.38461538461538464,13,1.0357142857142858,-0.029609955795944717,-0.029609955795944717,0.34284458398068934,-0.08636553464590385
mid|15m,learn,B,0.25,793067.2173640308,-0.20693278263596926,-0.20056700844215303,0.05354979108007044,-4.232979309698579,-0.21088249770595024,259,0.3076923076923077,13,1.0357142857142858,-0.11532110179111706,-0.029609955795944717,0.34284458398068934,-0.08636553464590385
mid|15m,learn,B,0.87,518644.3413001338,-0.4813556586998662,-0.46948004378787545,0.05392505505738082,-11.951591924083198,-0.4834099262475585,259,0.0,13,1.0357142857142858,-0.32788474385914446,-0.029609955795944717,0.34284458398068934,-0.08636553464590385
mid|15m,learn,B,cs,175234.6621823321,-0.8247653378176679,-0.8139189773722816,0.056560445029986445,-30.266445591453596,-0.824980418101135,259,0.0,13,1.0357142857142858,-0.8709216687670365,-0.029609955795944717,0.34284458398068934,-0.08636553464590385
mid|15m,learn,B,ar,249692.96534565315,-0.7503070346543468,-0.7380699053280357,0.05551403622473696,-24.562633918439364,-0.7507523537296142,259,0.0,13,1.0357142857142858,-0.6937174140838399,-0.029609955795944717,0.34284458398068934,-0.08636553464590385
mid|15m,learn,B,tick,591491.1680826441,-0.4085088319173559,-0.3977010344761839,0.05377889432184388,-9.579815809066963,-0.4109519413510201,259,0.07692307692307693,13,1.0357142857142858,-0.2621041422560752,-0.029609955795944717,0.34284458398068934,-0.08636553464590385
mid|15m,learn,C,0.0,992127.6647793325,-0.007872335220667548,-0.007601909863488632,0.05327544419993895,-0.119321086318654,-0.06208617956088591,211,0.3076923076923077,13,1.0357142857142858,-0.0032340679060060924,-0.0032340679060060924,0.34284458398068934,-0.00943304359210251
mid|15m,learn,C,0.25,835988.9923479572,-0.1640110076520428,-0.1588309238418617,0.05330881903684628,-3.279583296026794,-0.16830732273467497,259,0.3076923076923077,13,1.0357142857142858,-0.08894521390117842,-0.0032340679060060924,0.34284458398068934,-0.00943304359210251
mid|15m,learn,C,0.87,546716.242184232,-0.453283757815768,-0.4417809326033473,0.05363153639140202,-11.050323133910467,-0.4548082645508914,259,0.0,13,1.0357142857142858,-0.3015088559692058,-0.0032340679060060924,0.34284458398068934,-0.00943304359210251
mid|15m,learn,C,cs,184721.38892598022,-0.8152786110740198,-0.8042013485769014,0.056135937990998745,-29.571772491949922,-0.8152561429777103,260,0.0,13,1.0357142857142858,-0.8445457808770979,-0.0032340679060060924,0.34284458398068934,-0.00943304359210251
mid|15m,learn,C,ar,263209.42268473987,-0.7367905773152601,-0.7243924957479805,0.05514876314560417,-23.785238853381035,-0.7368288370665903,260,0.0,13,1.0357142857142858,-0.6673415261939012,-0.0032340679060060924,0.34284458398068934,-0.00943304359210251
mid|15m,learn,C,tick,623505.1688137884,-0.3764948311862115,-0.36625501034056585,0.05350100374602991,-8.660537641155214,-0.37845785639365426,259,0.0,13,1.0357142857142858,-0.23572825436613656,-0.0032340679060060924,0.34284458398068934,-0.00943304359210251
mid|1h,full,A,0.0,1198470.0305588215,0.19847003055882162,0.04574437733275816,0.059788242952100105,0.7909827441545182,-0.057037761231390816,198,0.7,50,4.0476190476190474,0.024059558647959486,0.024059558647959486,0.09095904419958299,0.2645098006435493
mid|1h,full,A,0.25,1003211.3088077484,0.0032113088077483365,0.0007924248019153257,0.05980291656985847,0.04337905753682908,-0.06965333455664513,364,0.52,50,4.0476190476190474,0.001319797598063734,0.024059558647959486,0.09095904419958299,0.2645098006435493
mid|1h,full,A,0.87,645418.6882890925,-0.35458131171090745,-0.10253055073857242,0.05991585355509766,-1.8067846776895289,-0.36436962223620717,1019,0.18,50,4.0476190476190474,-0.05507480980567771,0.024059558647959486,0.09095904419958299,0.2645098006435493
mid|1h,full,A,cs,204863.30015661454,-0.7951366998433855,-0.3240864597733637,0.060754075303919255,-6.528398730209204,-0.7959444473052917,1019,0.0,50,4.0476190476190474,-0.20178410056427598,0.024059558647959486,0.09095904419958299,0.2645098006435493
mid|1h,full,A,ar,339941.2267645478,-0.6600587732354521,-0.2339992703050945,0.06030058822774072,-4.467132187612888,-0.6614690923749971,1019,0.04,50,4.0476190476190474,-0.13704247995733176,0.024059558647959486,0.09095904419958299,0.2645098006435493
mid|1h,full,A,tick,748977.4817691513,-0.25102251823084876,-0.06892128250175833,0.05986525777524116,-1.18359990688117,-0.2644184257172195,1019,0.24,50,4.0476190476190474,-0.03604828730575533,0.024059558647959486,0.09095904419958299,0.2645098006435493
mid|1h,full,B,0.0,1187240.0627675494,0.18724006276754945,0.04331488806764061,0.05957018049805364,0.7539384597417126,-0.05677476618649446,196,0.66,50,4.0476190476190474,0.022849130103397623,0.022849130103397623,0.09095904419958299,0.25120239888693086
mid|1h,full,B,0.25,993810.5917113058,-0.006189408288694187,-0.0015327239852382935,0.059586414318229614,0.003607799093517845,-0.06832046060020525,312,0.48,50,4.0476190476190474,0.00010936905350187387,0.022849130103397623,0.09095904419958299,0.25120239888693086
mid|1h,full,B,0.87,639370.1165196896,-0.36062988348031044,-0.10461585438456333,0.05970348973946221,-1.853061939662549,-0.3718908583924554,1019,0.18,50,4.0476190476190474,-0.056285238350239575,0.022849130103397623,0.09095904419958299,0.25120239888693086
mid|1h,full,B,cs,202942.965792872,-0.7970570342071279,-0.3256573380106068,0.06055334040436693,-6.589331715671236,-0.7978987563241777,1019,0.0,50,4.0476190476190474,-0.2029945291088378,0.022849130103397623,0.09095904419958299,0.25120239888693086
mid|1h,full,B,ar,336755.5387111414,-0.6632444612888586,-0.23577905258187626,0.060088226150179225,-4.522515214080947,-0.6648065591839701,1019,0.04,50,4.0476190476190474,-0.13825290850189367,0.022849130103397623,0.09095904419958299,0.25120239888693086
mid|1h,full,B,tick,741958.6087148407,-0.25804139128515924,-0.07108461517087261,0.059651616077692884,-1.2277241873882851,-0.2733385224684487,1019,0.24,50,4.0476190476190474,-0.03725871585031719,0.022849130103397623,0.09095904419958299,0.25120239888693086
mid|1h,full,C,0.0,1216661.7556875339,0.21666175568753387,0.049643847767947946,0.058669275540648165,0.8694787052453651,-0.05855348150391326,195,0.62,50,4.0476190476190474,0.02595222106978344,0.02595222106978344,0.09095904419958299,0.2853176536556265
mid|1h,full,C,0.25,1018438.8560722007,0.018438856072200638,0.004524195798727204,0.0586857818597092,0.1075969547476783,-0.0683774083634211,409,0.48,50,4.0476190476190474,0.003212460019887692,0.02595222106978344,0.09095904419958299,0.2853176536556265
mid|1h,full,C,0.87,655214.8585317718,-0.34478514146822814,-0.09918422642994662,0.05880470803265316,-1.7776608777592555,-0.352809989017389,1019,0.18,50,4.0476190476190474,-0.05318214738385375,0.02595222106978344,0.09095904419958299,0.2853176536556265
mid|1h,full,C,cs,207972.29612555788,-0.7920277038744421,-0.32156657292472457,0.059668391217502934,-6.584836674757702,-0.7924780418845312,1019,0.02,50,4.0476190476190474,-0.199891438142452,0.02595222106978344,0.09095904419958299,0.2853176536556265
mid|1h,full,C,ar,345099.95440538705,-0.654900045594613,-0.2311436402656195,0.05920848202138721,-4.4866963698180315,-0.6556734920827603,1019,0.06,50,4.0476190476190474,-0.1351498175355078,0.02595222106978344,0.09095904419958299,0.2853176536556265
mid|1h,full,C,tick,760345.4593831856,-0.23965454061681435,-0.06544964462791247,0.05875304286948623,-1.142686284708552,-0.2513887459948555,1019,0.26,50,4.0476190476190474,-0.034155624883931375,0.02595222106978344,0.09095904419958299,0.2853176536556265
mid|1h,hold,A,0.0,1199345.3745358484,0.19934537453584844,0.06221087625388111,0.06378567509729545,0.9939169922047398,-0.05703776123138771,107,0.7567567567567568,37,3.011904761904762,0.0322535950032828,0.0322535950032828,0.09078109736630503,0.3552897677931604
mid|1h,hold,A,0.25,1050877.5295027012,0.0508775295027013,0.016612955285298048,0.06380048321365767,0.2944779435248618,-0.06858023199522267,312,0.5405405405405406,37,3.011904761904762,0.00955832066170654,0.0322535950032828,0.09078109736630503,0.3552897677931604
mid|1h,hold,A,0.87,757204.312980976,-0.242795687019024,-0.08820578474629759,0.06390911960277844,-1.4371117450497062,-0.27664391976211167,743,0.21621621621621623,37,3.011904761904762,-0.04672595970540258,0.0322535950032828,0.09078109736630503,0.3552897677931604
mid|1h,hold,A,cs,321240.8574605099,-0.6787591425394901,-0.31410123538530177,0.06471598620916831,-5.890976223320632,-0.6842571880619357,743,0.0,37,3.011904761904762,-0.193956214909929,0.0322535950032828,0.09078109736630503,0.3552897677931604
mid|1h,hold,A,ar,485203.97320329776,-0.5147960267967022,-0.21345800013384875,0.06424199577526928,-3.768009480377111,-0.5252047493908243,743,0.05405405405405406,37,3.011904761904762,-0.12315041163998826,0.0322535950032828,0.09078109736630503,0.3552897677931604
mid|1h,hold,A,tick,847862.3146873103,-0.15213768531268979,-0.053320708313700615,0.06386107203273673,-0.8404652076657197,-0.19466892760021937,714,0.2972972972972973,37,3.011904761904762,-0.02730617072026331,0.0322535950032828,0.09078109736630503,0.3552897677931604
mid|1h,hold,B,0.0,1182653.7054736856,0.18265370547368565,0.057279652078130905,0.0635501796318731,0.9229169827713546,-0.05677476618649091,101,0.7027027027027027,37,3.011904761904762,0.029839000834567524,0.029839000834567524,0.09078109736630503,0.3286917838651594
mid|1h,hold,B,0.25,1036251.6214362787,0.03625162143627869,0.011893249288013497,0.06356751760070319,0.22089440211942932,-0.06832046060020525,312,0.5135135135135135,37,3.011904761904762,0.007143726492991262,0.029839000834567524,0.09078109736630503,0.3286917838651594
mid|1h,hold,B,0.87,746664.7745632394,-0.25333522543676057,-0.0924392314350877,0.06368267850025303,-1.5167495301659188,-0.2889777262537696,743,0.21621621621621623,37,3.011904761904762,-0.04914055387411786,0.029839000834567524,0.09078109736630503,0.3286917838651594
mid|1h,hold,B,cs,316768.45635338564,-0.6832315436466143,-0.31728660048721846,0.06450865720184096,-5.983483133392023,-0.6889328762425512,743,0.0,37,3.011904761904762,-0.19637080907864432,0.029839000834567524,0.09078109736630503,0.3286917838651594
mid|1h,hold,B,ar,478450.11477172485,-0.5215498852282752,-0.21711006399161503,0.06401948596437519,-3.855241442502833,-0.5323685375205613,743,0.05405405405405406,37,3.011904761904762,-0.1255650058087035,0.029839000834567524,0.09078109736630503,0.3286917838651594
mid|1h,hold,B,tick,836061.213493211,-0.16393878650678906,-0.057716010877386315,0.06363264320240655,-0.9180686598221794,-0.2098287934338866,714,0.2972972972972973,37,3.011904761904762,-0.029720764888978585,0.029839000834567524,0.09078109736630503,0.3286917838651594
mid|1h,hold,C,0.0,1195568.917608801,0.19556891760880113,0.06109922881517216,0.0625407614470513,0.9954219798620173,-0.0585534815039096,160,0.6486486486486487,37,3.011904761904762,0.03167198238792324,0.03167198238792324,0.09078109736630503,0.3488830087625582
mid|1h,hold,C,0.25,1047568.0140193562,0.047568014019356175,0.015548851265252406,0.06255871372595675,0.28204891509108154,-0.06121030586310394,409,0.4864864864864865,37,3.011904761904762,0.00897670804634699,0.03167198238792324,0.09078109736630503,0.3488830087625582
mid|1h,hold,C,0.87,754818.6778115627,-0.24518132218843736,-0.08916056648299131,0.06267655636623086,-1.4836131648705315,-0.27739220595097047,743,0.21621621621621623,37,3.011904761904762,-0.04730757232076213,0.03167198238792324,0.09078109736630503,0.3488830087625582
mid|1h,hold,C,cs,320227.9633693255,-0.6797720366306745,-0.31482003852270757,0.06351253526140856,-6.020599747905999,-0.6849550619353366,743,0.02702702702702703,37,3.011904761904762,-0.1945378275252886,0.03167198238792324,0.09078109736630503,0.3488830087625582
mid|1h,hold,C,ar,483673.7848656029,-0.516326215134397,-0.21428244046979217,0.06303276632967775,-3.8584323842661825,-0.5261925437218883,743,0.08108108108108109,37,3.011904761904762,-0.12373202425534781,0.03167198238792324,0.09078109736630503,0.3488830087625582
mid|1h,hold,C,tick,845191.5058543737,-0.15480849414562636,-0.054311851939036315,0.06262466966345884,-0.8753136299014329,-0.19574592193226503,743,0.32432432432432434,37,3.011904761904762,-0.027887783335622862,0.03167198238792324,0.09078109736630503,0.3488830087625582
mid|1h,learn,A,0.0,999270.1485363711,-0.0007298514636289166,-0.0007046930415083308,0.04620484211010221,0.0075544610766352886,-0.03975916417409153,198,0.5384615384615384,13,1.0357142857142858,0.00017758072917829215,0.00017758072917829215,0.0914776802122607,0.001941246528838967
mid|1h,learn,A,0.25,954641.5073529027,-0.04535849264709735,-0.043829204196747074,0.0462195712641789,-0.9650258138504271,-0.06965333455664513,260,0.46153846153846156,13,1.0357142857142858,-0.02269183932388689,0.00017758072917829215,0.0914776802122607,0.001941246528838967
mid|1h,learn,A,0.87,852370.5916943314,-0.14762940830566862,-0.1429215421175657,0.046354465435424014,-3.3671916051347415,-0.16053477416870343,260,0.07692307692307693,13,1.0357142857142858,-0.07940800105548852,0.00017758072917829215,0.0914776802122607,0.001941246528838967
mid|1h,learn,A,cs,637724.9200992377,-0.36227507990076224,-0.3523055617604971,0.0473521706091802,-9.323154889603579,-0.36325295916826983,260,0.0,13,1.0357142857142858,-0.22459891175637017,0.00017758072917829215,0.0914776802122607,0.001941246528838967
mid|1h,learn,A,ar,700615.0929067533,-0.2993849070932467,-0.290736219967184,0.0469594080822279,-7.43101981998894,-0.3005123896909172,260,0.0,13,1.0357142857142858,-0.1775316911853807,0.00017758072917829215,0.0914776802122607,0.001941246528838967
mid|1h,learn,A,tick,883371.5908760072,-0.11662840912399275,-0.11284286148323075,0.04629135820521093,-2.6125567309209488,-0.13347942112179123,260,0.07692307692307693,13,1.0357142857142858,-0.06152767575422084,0.00017758072917829215,0.0914776802122607,0.001941246528838967
mid|1h,learn,B,0.0,1003878.0221738863,0.0038780221738863307,0.0037440472525700486,0.046048234423731654,0.10572218874511487,-0.037882866557534145,196,0.5384615384615384,13,1.0357142857142858,0.0024767603434702173,0.0024767603434702173,0.0914776802122607,0.02707502352183892
mid|1h,learn,B,0.25,959043.702468583,-0.04095629753141694,-0.039572337926904844,0.04606069017718259,-0.8702390643950108,-0.06774782800583867,260,0.38461538461538464,13,1.0357142857142858,-0.020392659709594967,0.0024767603434702173,0.0914776802122607,0.02707502352183892
mid|1h,learn,B,0.87,856301.4331212953,-0.14369856687870475,-0.13910558749106294,0.046190302446306376,-3.281318618794539,-0.15881530947254807,260,0.07692307692307693,13,1.0357142857142858,-0.07710882144119659,0.0024767603434702173,0.0914776802122607,0.02707502352183892
mid|1h,learn,B,cs,640666.5869737597,-0.35933341302624033,-0.34942115956734865,0.04717023453472032,-9.263306782518624,-0.36022792673617166,260,0.0,13,1.0357142857142858,-0.22229973214207827,0.0024767603434702173,0.0914776802122607,0.02707502352183892
mid|1h,learn,B,ar,703846.709017536,-0.296153290982464,-0.2875777728701727,0.04677987785914692,-7.362931253929815,-0.29718944224657384,260,0.0,13,1.0357142857142858,-0.1752325115710888,0.0024767603434702173,0.0914776802122607,0.02707502352183892
mid|1h,learn,B,tick,887445.3170896702,-0.11255468291032977,-0.10889306683506217,0.046128741023318584,-2.5237959985466087,-0.13170456132358177,260,0.07692307692307693,13,1.0357142857142858,-0.05922849613992893,0.0024767603434702173,0.0914776802122607,0.02707502352183892
mid|1h,learn,C,0.0,1017642.5112497224,0.017642511249722492,0.017028998566772424,0.0455460722603675,0.400561953790441,-0.045430773046217454,195,0.5384615384615384,13,1.0357142857142858,0.009281656335008867,0.009281656335008867,0.0914776802122607,0.10146361728316819
mid|1h,learn,C,0.25,972193.5401259612,-0.027806459874038847,-0.026860612951996488,0.04555744655223887,-0.5862512143560632,-0.0683774083634211,260,0.46153846153846156,13,1.0357142857142858,-0.013587763718056315,0.009281656335008867,0.0914776802122607,0.10146361728316819
mid|1h,learn,C,0.87,868042.7204470366,-0.13195727955296344,-0.1277110482784608,0.04568547250164816,-3.0247995324741868,-0.1585739728322496,260,0.07692307692307693,13,1.0357142857142858,-0.07030392544965795,0.009281656335008867,0.0914776802122607,0.10146361728316819
mid|1h,learn,C,cs,649450.7660647188,-0.35054923393528115,-0.34081068915389323,0.0466933579901366,-9.07145401765656,-0.3514814880189546,260,0.0,13,1.0357142857142858,-0.2154948361505396,0.009281656335008867,0.0914776802122607,0.10146361728316819
mid|1h,learn,C,ar,713497.3306466938,-0.28650266935330615,-0.2781486238195071,0.046292230406552816,-7.151552609923521,-0.28993994308632165,260,0.0,13,1.0357142857142858,-0.16842761557955013,0.009281656335008867,0.0914776802122607,0.10146361728316819
mid|1h,learn,C,tick,899613.2286192046,-0.10038677138079544,-0.0970990403012495,0.04563249621636003,-2.2581238589953125,-0.13145548489145997,260,0.07692307692307693,13,1.0357142857142858,-0.052423600148390266,0.009281656335008867,0.0914776802122607,0.10146361728316819
mid|2h,full,A,0.0,1158221.4856235129,0.1582214856235129,0.03695588782122927,0.04914687338187669,0.7757534931647616,-0.09359223092627988,461,0.62,50,4.0476190476190474,0.019396550012269573,0.019396550012269573,0.05175801826007727,0.3747544953287131
mid|2h,full,A,0.25,1046750.4564380759,0.04675045643807585,0.011352209265792057,0.049155991652929096,0.25819779246298297,-0.11807655861304289,461,0.48,50,4.0476190476190474,0.006457045447250257,0.019396550012269573,0.05175801826007727,0.3747544953287131
mid|2h,full,A,0.87,814415.6875834825,-0.18558431241651752,-0.049452662059297214,0.049232775922264355,-1.0233848925659454,-0.21575061015796326,673,0.34,50,4.0476190476190474,-0.02563292587399765,0.019396550012269573,0.05175801826007727,0.3747544953287131
mid|2h,full,A,cs,424573.01829875883,-0.5754269817012412,-0.1907506570238804,0.04980172544641307,-4.298525351903596,-0.576824881918141,1006,0.04,50,4.0476190476190474,-0.10891024592996995,0.019396550012269573,0.05175801826007727,0.3747544953287131
mid|2h,full,A,ar,566180.0158415545,-0.43381998415844547,-0.13110912093475702,0.04949892672090827,-2.863640759950558,-0.43675386164387153,1006,0.12,50,4.0476190476190474,-0.0721139316909843,0.019396550012269573,0.05175801826007727,0.3747544953287131
mid|2h,full,A,tick,886763.1225876167,-0.11323687741238331,-0.029254439672661392,0.04919697726953092,-0.5893684615556232,-0.17790765446220036,546,0.36,50,4.0476190476190474,-0.014751295689118036,0.019396550012269573,0.05175801826007727,0.3747544953287131
mid|2h,full,B,0.0,1151175.666253747,0.1511756662537469,0.035393828367644264,0.04904276197582898,0.7460244442314362,-0.09619514472660429,461,0.6,50,4.0476190476190474,0.01861370535540925,0.01861370535540925,0.05175801826007727,0.3596294058609009
mid|2h,full,B,0.25,1040382.5356092458,0.04038253560924576,0.00982866756069889,0.049052919767251575,0.22737095215760203,-0.12210061567011032,539,0.44,50,4.0476190476190474,0.005674200790389927,0.01861370535540925,0.05175801826007727,0.3596294058609009
mid|2h,full,B,0.87,809460.7651801714,-0.1905392348198287,-0.05088472459558435,0.049132391086943165,-1.0567944569107857,-0.2194128034862347,673,0.32,50,4.0476190476190474,-0.026415770530857974,0.01861370535540925,0.05175801826007727,0.3596294058609009
mid|2h,full,B,cs,421989.2133979838,-0.5780107866020162,-0.19197017289541396,0.049710586377247123,-4.33736060204997,-0.579535763771251,1006,0.04,50,4.0476190476190474,-0.1096930905868303,0.01861370535540925,0.05175801826007727,0.3596294058609009
mid|2h,full,B,ar,562735.1641432017,-0.4372648358567983,-0.13241823894285698,0.04940077426040391,-2.90047890411651,-0.4403613175151063,1006,0.1,50,4.0476190476190474,-0.07289677634784464,0.01861370535540925,0.05175801826007727,0.3596294058609009
mid|2h,full,B,tick,881368.1215981451,-0.11863187840185485,-0.03071690914212033,0.049096056247192627,-0.6219217712787481,-0.1807056862247225,546,0.38,50,4.0476190476190474,-0.015534140345978362,0.01861370535540925,0.05175801826007727,0.3596294058609009
mid|2h,full,C,0.0,1177203.2391013086,0.17720323910130853,0.041128836598484986,0.04833179038338193,0.8725501624430132,-0.07215470742356478,546,0.58,50,4.0476190476190474,0.021454981456136328,0.021454981456136328,0.05175801826007727,0.4145247862529793
mid|2h,full,C,0.25,1063905.622548416,0.06390562254841603,0.015422188687771898,0.04833985108658341,0.34625719775593605,-0.10344259436010861,546,0.5,50,4.0476190476190474,0.008515476891117011,0.021454981456136328,0.05175801826007727,0.4145247862529793
mid|2h,full,C,0.87,827763.6630540815,-0.17223633694591856,-0.04562722615380688,0.048414930321342815,-0.9571019919745302,-0.1939882288788215,546,0.3,50,4.0476190476190474,-0.02357449443013089,0.021454981456136328,0.05175801826007727,0.4145247862529793
mid|2h,full,C,cs,431531.764599594,-0.568468235400406,-0.18749379904000008,0.048992592844807566,-4.2869322556408465,-0.5693434277512661,1006,0.08,50,4.0476190476190474,-0.10685181448610322,0.021454981456136328,0.05175801826007727,0.4145247862529793
mid|2h,full,C,ar,575460.5494471467,-0.42453945055285325,-0.127611914561909,0.04867668305065483,-2.8288922468779805,-0.42679522614338505,1006,0.12,50,4.0476190476190474,-0.07005550024711754,0.021454981456136328,0.05175801826007727,0.4145247862529793
mid|2h,full,C,tick,901296.376910116,-0.0987036230898839,-0.02534784225626663,0.04838110628229434,-0.5156784513130559,-0.15811819211055866,546,0.4,50,4.0476190476190474,-0.012692864245251278,0.021454981456136328,0.05175801826007727,0.4145247862529793
mid|2h,hold,A,0.0,1101519.986417032,0.10151998641703197,0.03262380977297319,0.052109294343917686,0.6524400248183745,-0.09359223092627567,461,0.5405405405405406,37,3.011904761904762,0.017296596100434287,0.017296596100434287,0.05174684915873249,0.3342540924062314
mid|2h,hold,A,0.25,1021592.5962345705,0.021592596234570438,0.007117993549502488,0.05212047447151021,0.1644226708468827,-0.11807655861305788,461,0.43243243243243246,37,3.011904761904762,0.004359883810751163,0.017296596100434287,0.05174684915873249,0.3342540924062314
mid|2h,hold,A,0.87,847504.0743968958,-0.1524959256031042,-0.05345353093140792,0.05219944275823094,-1.0439316142118358,-0.21575061015796637,673,0.32432432432432434,37,3.011904761904762,-0.027723162667662987,0.017296596100434287,0.05174684915873249,0.3342540924062314
mid|2h,hold,A,cs,520217.6853290051,-0.47978231467099486,-0.19504987877391955,0.05275896616239899,-4.155031558668275,-0.4955385145900416,739,0.05405405405405406,37,3.011904761904762,-0.11152582896188415,0.017296596100434287,0.05174684915873249,0.3342540924062314
mid|2h,hold,A,ar,657726.8511656688,-0.34227314883433124,-0.12986176380185555,0.05244042488476877,-2.6707820876473605,-0.36483661767872777,735,0.13513513513513514,37,3.011904761904762,-0.07125404326966692,0.017296596100434287,0.05174684915873249,0.3342540924062314
mid|2h,hold,A,tick,904198.5113236344,-0.09580148867636562,-0.03288329253610067,0.052163388440514616,-0.6256393862831904,-0.1779076544622148,546,0.35135135135135137,37,3.011904761904762,-0.016603312133890546,0.017296596100434287,0.05174684915873249,0.3342540924062314
mid|2h,hold,B,0.0,1096492.9315627338,0.09649293156273386,0.031056750962106472,0.051996391108612684,0.6240466934632612,-0.09619514472659851,461,0.5135135135135135,37,3.011904761904762,0.016508026019206482,0.016508026019206482,0.05174684915873249,0.3190150953649066
mid|2h,hold,B,0.25,1016930.1575134235,0.016930157513423527,0.005589591204230748,0.052008533529923254,0.13497350896679797,-0.12210061567011843,539,0.43243243243243246,37,3.011904761904762,0.0035713137295233584,0.016508026019206482,0.05174684915873249,0.3190150953649066
mid|2h,hold,B,0.87,843635.8442295196,-0.15636415577048035,-0.054890126248208326,0.05208999421602238,-1.0758815149566967,-0.21941280348622993,673,0.2972972972972973,37,3.011904761904762,-0.028511732748890784,0.016508026019206482,0.05174684915873249,0.3190150953649066
mid|2h,hold,B,cs,517842.63574942626,-0.48215736425057376,-0.1962718998905738,0.05265840804933041,-4.192401383504187,-0.49754066248100604,739,0.05405405405405406,37,3.011904761904762,-0.11231439904311195,0.016508026019206482,0.05174684915873249,0.3190150953649066
mid|2h,hold,B,ar,654724.7386119298,-0.3452752613880702,-0.1311824257419828,0.052332120102073845,-2.705928223934252,-0.36750412636016816,735,0.10810810810810811,37,3.011904761904762,-0.07204261335089475,0.016508026019206482,0.05174684915873249,0.3190150953649066
mid|2h,hold,B,tick,900071.5701786309,-0.09992842982136907,-0.034351087381715106,0.052053479102493326,-0.6567377295708778,-0.18070568622473615,546,0.3783783783783784,37,3.011904761904762,-0.017391882215118344,0.016508026019206482,0.05174684915873249,0.3190150953649066
mid|2h,hold,C,0.0,1140588.632690576,0.14058863269057587,0.04464262887902515,0.051254081723193776,0.8920210259444987,-0.07215470742355146,546,0.5405405405405406,37,3.011904761904762,0.023259930078635783,0.023259930078635783,0.05174684915873249,0.44949461574532557
mid|2h,hold,C,0.25,1057827.2497604513,0.05782724976045128,0.018840225054272963,0.05126039032942369,0.395847880899144,-0.10344259436011516,546,0.5135135135135135,37,3.011904761904762,0.010323217788952658,0.023259930078635783,0.05174684915873249,0.44949461574532557
mid|2h,hold,C,0.87,877565.8030350382,-0.12243419696496183,-0.04243566811644939,0.05132815510750196,-0.8332876796842872,-0.1939882288788316,546,0.2972972972972973,37,3.011904761904762,-0.021759828689461493,0.023259930078635783,0.05174684915873249,0.44949461574532557
mid|2h,hold,C,cs,538672.3981930575,-0.46132760180694243,-0.18567913983915763,0.0518736271803941,-3.9999832558142354,-0.4732217173327985,735,0.08108108108108109,37,3.011904761904762,-0.10556249498368264,0.023259930078635783,0.05174684915873249,0.44949461574532557
mid|2h,hold,C,ar,681059.3846339294,-0.31894061536607066,-0.11973227952225096,0.05155155450075943,-2.4894577753501856,-0.33712517751491733,735,0.13513513513513514,37,3.011904761904762,-0.06529070929146542,0.023259930078635783,0.05174684915873249,0.44949461574532557
mid|2h,hold,C,tick,936270.5052560302,-0.06372949474396972,-0.02162624655740797,0.05129638035321444,-0.4077079302440844,-0.1581181921105529,546,0.40540540540540543,37,3.011904761904762,-0.010639978155689046,0.023259930078635783,0.05174684915873249,0.44949461574532557
mid|2h,learn,A,0.0,1051475.688054387,0.05147568805438696,0.049657317480728214,0.03925859552444817,1.2775847358863126,-0.032971589309647165,157,0.8461538461538461,13,1.0357142857142858,0.025516983310118892,0.025516983310118892,0.05179057123154599,0.4926955371092011
mid|2h,learn,A,0.25,1024626.1183726588,0.024626118372658823,0.023766931136825153,0.039260028660417064,0.6292989723692556,-0.04554659497796221,157,0.6153846153846154,13,1.0357142857142858,0.012569340502232393,0.025516983310118892,0.05179057123154599,0.4926955371092011
mid|2h,learn,A,0.87,960957.8433744244,-0.03904215662557564,-0.037721598550521596,0.03933082189994755,-0.9765731168906453,-0.07719633819696348,161,0.38461538461538464,13,1.0357142857142858,-0.019540813661326126,0.025516983310118892,0.05179057123154599,0.4926955371092011
mid|2h,learn,A,cs,816144.914470262,-0.18385508552973795,-0.17811739942859062,0.039953929931361896,-4.982981486393946,-0.18623608561827698,247,0.0,13,1.0357142857142858,-0.10128698268043208,0.025516983310118892,0.05179057123154599,0.4926955371092011
mid|2h,learn,A,ar,860813.2917762623,-0.1391867082237377,-0.13472634137185568,0.03970256300936237,-3.69430348852937,-0.14438192572662367,247,0.07692307692307693,13,1.0357142857142858,-0.07462012465865107,0.025516983310118892,0.05179057123154599,0.4926955371092011
mid|2h,learn,A,tick,980717.29988751,-0.019282700112490003,-0.018624010657207535,0.03929489353658909,-0.4678780966482022,-0.06594416043896045,157,0.38461538461538464,13,1.0357142857142858,-0.009353490026400615,0.025516983310118892,0.05179057123154599,0.4926955371092011
mid|2h,learn,B,0.0,1049870.5765599916,0.04987057655999161,0.04811019400257366,0.039185163432110516,1.2415470239378537,-0.03354581964635561,157,0.8461538461538461,13,1.0357142857142858,0.024750825723267814,0.024750825723267814,0.05179057123154599,0.47790215737554786
mid|2h,learn,B,0.25,1023061.9358886391,0.02306193588863903,0.022257912638774746,0.03918796979081034,0.5920270037544546,-0.046591667238572554,157,0.46153846153846156,13,1.0357142857142858,0.011803182915381318,0.024750825723267814,0.05179057123154599,0.47790215737554786
mid|2h,learn,B,0.87,959490.7218759211,-0.040509278124078896,-0.03914011362214187,0.03926228555596524,-1.0166342106732662,-0.07848192007440036,161,0.38461538461538464,13,1.0357142857142858,-0.0203069712481772,0.024750825723267814,0.05179057123154599,0.47790215737554786
mid|2h,learn,B,cs,814898.5507677966,-0.1851014492322034,-0.1793292770742877,0.03989623035957341,-5.0279349878788056,-0.18774350734637735,247,0.0,13,1.0357142857142858,-0.10205314026728315,0.024750825723267814,0.05179057123154599,0.47790215737554786
mid|2h,learn,B,ar,859498.856475551,-0.14050114352444898,-0.13600206090586042,0.03964046129492747,-3.7380815344023386,-0.1464787119588843,247,0.07692307692307693,13,1.0357142857142858,-0.07538628224550215,0.024750825723267814,0.05179057123154599,0.47790215737554786
mid|2h,learn,B,tick,979220.0429385862,-0.02077995706141378,-0.020070647095990046,0.03922551501111423,-0.5070979780117996,-0.06696695297548438,157,0.38461538461538464,13,1.0357142857142858,-0.010119647613251691,0.024750825723267814,0.05179057123154599,0.47790215737554786
mid|2h,learn,C,0.0,1032101.5003668672,0.03210150036686721,0.030977584247285028,0.038572693975535526,0.8252373898069486,-0.04317633606723059,161,0.6923076923076923,13,1.0357142857142858,0.01619435759777836,0.01619435759777836,0.05179057123154599,0.31268930256390504
mid|2h,learn,C,0.25,1005746.0920857622,0.005746092085762156,0.005547402426671955,0.038587798875787636,0.16538239487445205,-0.05652375160206757,161,0.46153846153846156,13,1.0357142857142858,0.0032467147898918585,0.01619435759777836,0.05179057123154599,0.31268930256390504
mid|2h,learn,C,0.87,943249.6801849717,-0.056750319815028316,-0.054848105578105044,0.03869358212574318,-1.4662373788115517,-0.08943514391710639,210,0.3076923076923077,13,1.0357142857142858,-0.028863439373666654,0.01619435759777836,0.05179057123154599,0.31268930256390504
mid|2h,learn,C,cs,801102.4252349628,-0.1988975747650371,-0.19274796527648363,0.03941313916259283,-5.516288498612733,-0.20555436660238258,247,0.07692307692307693,13,1.0357142857142858,-0.11060960839277262,0.01619435759777836,0.05179057123154599,0.31268930256390504
mid|2h,learn,C,ar,844949.1519105226,-0.15505084808947744,-0.1501277321495199,0.03911073721193795,-4.218735873862742,-0.16562655307703344,247,0.07692307692307693,13,1.0357142857142858,-0.0839427503709916,0.01619435759777836,0.05179057123154599,0.31268930256390504
mid|2h,learn,C,tick,962645.2738289116,-0.03735472617108837,-0.036090165794765316,0.038650726610923176,-0.9497822244225275,-0.0773746207052568,161,0.38461538461538464,13,1.0357142857142858,-0.018676115738741148,0.01619435759777836,0.05179057123154599,0.31268930256390504
mid|30m,full,A,0.0,919176.5259719722,-0.08082347402802781,-0.02060613009271639,0.0643979883966806,-0.2967227685935008,-0.13300402309768533,667,0.38,50,4.0476190476190474,-0.009721382483168093,-0.009721382483168093,0.16978084889725167,-0.057258416048156874
mid|30m,full,A,0.25,659529.7284915855,-0.3404702715084146,-0.09772222966496402,0.06442627013032533,-1.5915659613633273,-0.34652251937751755,1018,0.36,50,4.0476190476190474,-0.052166594707481,-0.009721382483168093,0.16978084889725167,-0.057258416048156874
mid|30m,full,A,0.87,289527.5739568242,-0.7104724260431758,-0.26378315901619986,0.06461937294812947,-4.788746951981892,-0.712759503399782,1019,0.08,50,4.0476190476190474,-0.15743072102377703,-0.009721382483168093,0.16978084889725167,-0.057258416048156874
mid|30m,full,A,cs,34070.04772033387,-0.9659299522796662,-0.5660799316845758,0.06600046538524013,-12.83572390271311,-0.9661264335630272,1019,0.0,50,4.0476190476190474,-0.43099498938518316,-0.009721382483168093,0.16978084889725167,-0.057258416048156874
mid|30m,full,A,ar,87627.89774901088,-0.9123721022509891,-0.4520127252316164,0.06526322725924118,-9.343477586750053,-0.9129040168001766,1019,0.02,50,4.0476190476190474,-0.3102286839314687,-0.009721382483168093,0.16978084889725167,-0.057258416048156874
mid|30m,full,A,tick,382206.41159297404,-0.617793588407026,-0.21149758569374866,0.0645363668973757,-3.7134510171705015,-0.6209415109294747,1019,0.1,50,4.0476190476190474,-0.12192340114954645,-0.009721382483168093,0.16978084889725167,-0.057258416048156874
mid|30m,full,B,0.0,923443.5516594468,-0.0765564483405532,-0.01948481807965463,0.06392140845389649,-0.2812017921393119,-0.14573554569467562,667,0.44,50,4.0476190476190474,-0.009144696079214823,-0.009144696079214823,0.16978084889725167,-0.05386176437808383
mid|30m,full,B,0.25,662591.0412009213,-0.33740895879907873,-0.09668933406067726,0.06395222156847674,-1.5856387983775468,-0.3445360732978524,1008,0.38,50,4.0476190476190474,-0.05158990830352773,-0.009144696079214823,0.16978084889725167,-0.05386176437808383
mid|30m,full,B,0.87,290871.055529275,-0.7091289444707249,-0.2629406188527419,0.0641524887532508,-4.805928755696208,-0.7114216771088446,1019,0.06,50,4.0476190476190474,-0.15685403461982372,-0.009144696079214823,0.16978084889725167,-0.05386176437808383
mid|30m,full,B,cs,34227.976855580084,-0.9657720231444199,-0.5655838615052045,0.06556252016047774,-12.904174736862961,-0.9659698665708604,1019,0.0,50,4.0476190476190474,-0.4304183029812299,-0.009144696079214823,0.16978084889725167,-0.05386176437808383
mid|30m,full,B,ar,88034.51854045833,-0.9119654814595417,-0.45138559067096073,0.06480114444258299,-9.392611374007139,-0.9125010245624016,1019,0.02,50,4.0476190476190474,-0.30965199752751543,-0.009144696079214823,0.16978084889725167,-0.05386176437808383
mid|30m,full,B,tick,383980.0548017391,-0.6160199451982609,-0.2105951539662786,0.06406768687252797,-3.722923585153098,-0.6191476060645429,1019,0.1,50,4.0476190476190474,-0.12134671474559314,-0.009144696079214823,0.16978084889725167,-0.05386176437808383
mid|30m,full,C,0.0,1126291.0856304357,0.12629108563043578,0.029818639085890775,0.06312036758829354,0.5051328075339168,-0.12213267190455457,563,0.58,50,4.0476190476190474,0.016221086941619636,0.016221086941619636,0.16978084889725167,0.09554132310550731
mid|30m,full,C,0.25,808142.9767045731,-0.19185702329542687,-0.05126670015863233,0.06313343187643415,-0.8164634667183768,-0.21820945135603775,715,0.4,50,4.0476190476190474,-0.026224125282693276,0.016221086941619636,0.16978084889725167,0.09554132310550731
mid|30m,full,C,0.87,354771.70734414825,-0.6452282926558517,-0.2258753013004804,0.0632914234598039,-4.083543918191633,-0.6497700671283048,1019,0.06,50,4.0476190476190474,-0.1314882515989893,0.016221086941619636,0.16978084889725167,0.09554132310550731
mid|30m,full,C,cs,41748.94846309955,-0.9582510515369005,-0.5437337867745369,0.06459989421874411,-12.324652274788686,-0.9583928736944313,1019,0.0,50,4.0476190476190474,-0.40505251996039543,0.016221086941619636,0.16978084889725167,0.09554132310550731
mid|30m,full,C,ar,107376.46465298254,-0.8926235353470174,-0.42379431006232504,0.06389173497651515,-8.745935345780316,-0.8930236452211405,1019,0.04,50,4.0476190476190474,-0.28428621450668096,0.016221086941619636,0.16978084889725167,0.09554132310550731
mid|30m,full,C,tick,468333.5553089466,-0.5316664446910534,-0.17089836054658258,0.0632196750022977,-2.9841994504294576,-0.5399840994951948,1019,0.2,50,4.0476190476190474,-0.0959809317247587,0.016221086941619636,0.16978084889725167,0.09554132310550731
mid|30m,hold,A,0.0,972285.4449309069,-0.02771455506909315,-0.009288182425167157,0.06828459885649005,-0.10479861049800995,-0.13300402309768977,667,0.40540540540540543,37,3.011904761904762,-0.003640685326909921,-0.003640685326909921,0.16953338696670395,-0.02147473953095118
mid|30m,hold,A,0.25,759650.5800376231,-0.2403494199623769,-0.08722882119038244,0.06830767294644773,-1.3243729954749837,-0.28379407940390344,720,0.3783783783783784,37,3.011904761904762,-0.0460240320685859,-0.003640685326909921,0.16953338696670395,-0.02147473953095118
mid|30m,hold,A,0.87,411903.5021371713,-0.5880964978628287,-0.25508621590048264,0.06848130065062145,-4.337978782136399,-0.603956507159507,743,0.10810810810810811,37,3.011904761904762,-0.15113473198794236,-0.003640685326909921,0.16953338696670395,-0.02147473953095118
mid|30m,hold,A,cs,83252.24008492439,-0.9167477599150756,-0.561919038895741,0.0697692813440595,-11.992664798203855,-0.917531723506512,756,0.0,37,3.011904761904762,-0.42568152440521123,-0.003640685326909921,0.16953338696670395,-0.02147473953095118
mid|30m,hold,A,ar,179607.65831206832,-0.8203923416879317,-0.4345111305678798,0.06901230269817471,-8.364015537167667,-0.8230502579096061,743,0.02702702702702703,37,3.011904761904762,-0.29366095442778356,-0.003640685326909921,0.16953338696670395,-0.02147473953095118
mid|30m,hold,A,tick,508927.78522157576,-0.4910722147784242,-0.20089249774893603,0.06840381771508852,-3.2991399290414334,-0.5132808480004002,743,0.10810810810810811,37,3.011904761904762,-0.11481164342832735,-0.003640685326909921,0.16953338696670395,-0.02147473953095118
mid|30m,hold,B,0.0,955251.0901342616,-0.04474890986573832,-0.015085095481112698,0.06777700599906662,-0.19412662112121543,-0.14573554569466374,667,0.43243243243243246,37,3.011904761904762,-0.0066937938361371335,-0.0066937938361371335,0.16953338696670395,-0.03948363184327688
mid|30m,hold,B,0.25,746340.7745544561,-0.25365922544554387,-0.09257000404476579,0.0678052090711723,-1.4226934602987962,-0.2984354734020299,713,0.40540540540540543,37,3.011904761904762,-0.04907714057781311,-0.0066937938361371335,0.16953338696670395,-0.03948363184327688
mid|30m,hold,B,0.87,404685.4896203785,-0.5953145103796216,-0.25944581176073744,0.06799237841351653,-4.457435176601904,-0.6114287155416144,743,0.08108108108108109,37,3.011904761904762,-0.15418784049716958,-0.0066937938361371335,0.16953338696670395,-0.03948363184327688
mid|30m,hold,B,cs,81792.66497678982,-0.9182073350232102,-0.564484138364465,0.06932895982883362,-12.155393597959854,-0.9190414292674977,755,0.0,37,3.011904761904762,-0.4287346329144384,-0.0066937938361371335,0.16953338696670395,-0.03948363184327688
mid|30m,hold,B,ar,176459.79236691605,-0.823540207633084,-0.43782117577345825,0.06854004116671869,-8.509203557236638,-0.826394586195368,743,0.02702702702702703,37,3.011904761904762,-0.29671406293701075,-0.0066937938361371335,0.16953338696670395,-0.03948363184327688
mid|30m,hold,B,tick,500009.88799120125,-0.4999901120087987,-0.20556908982653455,0.0679114007210941,-3.41142950886737,-0.5224280062314287,743,0.10810810810810811,37,3.011904761904762,-0.11786475193755455,-0.0066937938361371335,0.16953338696670395,-0.03948363184327688
mid|30m,hold,C,0.0,1075106.8222185022,0.07510682221850229,0.024335995765224716,0.06684932427640478,0.39913617032410464,-0.12213267190454524,563,0.5405405405405406,37,3.011904761904762,0.013574472568395614,0.013574472568395614,0.16953338696670395,0.08006961231218496
mid|30m,hold,C,0.25,839987.0452974132,-0.1600129547025867,-0.0562492668604988,0.06686487815634133,-0.8468829172558588,-0.2182094513560412,715,0.43243243243243246,37,3.011904761904762,-0.028808874173280378,0.013574472568395614,0.16953338696670395,0.08006961231218496
mid|30m,hold,C,0.87,455466.44176171743,-0.5445335582382826,-0.2298024733212819,0.06702241271669511,-3.9275266909470177,-0.560921548496732,744,0.08108108108108109,37,3.011904761904762,-0.1339195740926368,0.013574472568395614,0.16953338696670395,0.08006961231218496
mid|30m,hold,C,cs,92057.95795922354,-0.9079420420407764,-0.5470482046065088,0.06830078820006956,-11.755083816310233,-0.9086219971207128,755,0.0,37,3.011904761904762,-0.40846636650990575,0.013574472568395614,0.16953338696670395,0.08006961231218496
mid|30m,hold,C,ar,198603.55044152512,-0.8013964495584749,-0.4153168370693706,0.06755781471825283,-8.043212468171019,-0.8031123343249539,755,0.05405405405405406,37,3.011904761904762,-0.27644579653247797,0.013574472568395614,0.16953338696670395,0.08006961231218496
mid|30m,hold,C,tick,562750.7858290798,-0.4372492141709202,-0.17376992190999985,0.06695238772583466,-2.8652548248056706,-0.46289997380265924,744,0.21621621621621623,37,3.011904761904762,-0.09759648553302183,0.013574472568395614,0.16953338696670395,0.08006961231218496
mid|30m,learn,A,0.0,945377.2354241911,-0.054622764575808835,-0.05278985169081063,0.05142160821645049,-1.0490484655526922,-0.0945465576006922,249,0.3076923076923077,13,1.0357142857142858,-0.027443914934737024,-0.027443914934737024,0.17050209055457488,-0.1609594043420405
mid|30m,learn,A,0.25,868201.441324411,-0.1317985586755891,-0.127557051373545,0.05147092950963627,-2.675849995451354,-0.14534887002145747,259,0.3076923076923077,13,1.0357142857142858,-0.07006943757338074,-0.027443914934737024,0.17050209055457488,-0.1609594043420405
mid|30m,learn,A,0.87,702901.4622468668,-0.2970985377531332,-0.288501565882062,0.051745328742166086,-6.677213549384798,-0.29868418988957546,260,0.0,13,1.0357142857142858,-0.17578073371721714,-0.027443914934737024,0.17050209055457488,-0.1609594043420405
mid|30m,learn,A,cs,409238.8106984258,-0.5907611893015742,-0.5779567839877673,0.053523961911880164,-16.39646563009286,-0.5913608993117051,260,0.0,13,1.0357142857142858,-0.4464813806850542,-0.027443914934737024,0.17050209055457488,-0.1609594043420405
mid|30m,learn,A,ar,487885.085594507,-0.5121149144054931,-0.4998903748341579,0.05283582310970854,-13.337533482131565,-0.5129149656120003,260,0.0,13,1.0357142857142858,-0.35851625955520877,-0.027443914934737024,0.17050209055457488,-0.1609594043420405
mid|30m,learn,A,tick,751003.2320726303,-0.2489967679273697,-0.24154464905361794,0.051638161264836724,-5.429992719968494,-0.25072762751391775,260,0.07692307692307693,13,1.0357142857142858,-0.14265101736905908,-0.027443914934737024,0.17050209055457488,-0.1609594043420405
mid|30m,learn,B,0.0,966702.4316399128,-0.03329756836008724,-0.032168048759295464,0.051050436027983,-0.6271380148139104,-0.08337009426593334,233,0.46153846153846156,13,1.0357142857142858,-0.016287987945652126,-0.016287987945652126,0.17050209055457488,-0.09552954977076139
mid|30m,learn,B,0.25,887786.2014124345,-0.11221379858756553,-0.10856258133726293,0.051092326539735486,-2.2664929207017357,-0.12981356568498903,249,0.3076923076923077,13,1.0357142857142858,-0.05891351058429582,-0.016287987945652126,0.17050209055457488,-0.09552954977076139
mid|30m,learn,B,0.87,718758.3024094376,-0.2812416975905624,-0.27301024208536506,0.051349530298146144,-6.301645180121523,-0.2828939850353407,260,0.0,13,1.0357142857142858,-0.16462480672813226,-0.016287987945652126,0.17050209055457488,-0.09552954977076139
mid|30m,learn,B,cs,418472.44939741946,-0.5815275506025805,-0.5687661527715631,0.05308326509152569,-16.119500379440655,-0.5821587783281507,260,0.0,13,1.0357142857142858,-0.4353254536959692,-0.016287987945652126,0.17050209055457488,-0.09552954977076139
mid|30m,learn,B,ar,498892.7922878212,-0.5011072077121788,-0.4890001491661943,0.05240158946022155,-13.029594650182705,-0.5019467485399536,260,0.0,13,1.0357142857142858,-0.3473603325661238,-0.016287987945652126,0.17050209055457488,-0.09552954977076139
mid|30m,learn,B,tick,767944.9227381968,-0.2320550772618032,-0.2250312169406704,0.05124718031499249,-5.043531137951449,-0.23385795738446868,260,0.07692307692307693,13,1.0357142857142858,-0.13149509037997414,-0.016287987945652126,0.17050209055457488,-0.09552954977076139
mid|30m,learn,C,0.0,1047608.5374533648,0.047608537453364796,0.045929737297858875,0.05071266680981764,0.9277017288809604,-0.035403583895000645,132,0.6923076923076923,13,1.0357142857142858,0.023934792773520504,0.023934792773520504,0.17050209055457488,0.14037829504418525
mid|30m,learn,C,0.25,962089.8098713296,-0.03791019012867047,-0.036627185679690144,0.050716569814824926,-0.7243884741618936,-0.05802473242365069,233,0.3076923076923077,13,1.0357142857142858,-0.018690729865123205,0.023934792773520504,0.17050209055457488,0.14037829504418525
mid|30m,learn,C,0.87,778919.5313093049,-0.2210804686906951,-0.21434074911343748,0.05088112821677079,-4.805801893414265,-0.2230169900883444,260,0.0,13,1.0357142857142858,-0.12440202600895964,0.023934792773520504,0.17050209055457488,0.14037829504418525
mid|30m,learn,C,cs,453507.21858932584,-0.5464927814106741,-0.5339568508450726,0.05234265648687347,-14.837111184793443,-0.547246580706888,260,0.0,13,1.0357142857142858,-0.3951026729767967,0.023934792773520504,0.17050209055457488,0.14037829504418525
mid|30m,learn,C,ar,540657.3266906239,-0.45934267330937617,-0.44775514849983455,0.05174588238692933,-11.666813745606555,-0.46032332289547373,260,0.0,13,1.0357142857142858,-0.30713755184695124,0.023934792773520504,0.17050209055457488,0.14037829504418525
mid|30m,learn,C,tick,832221.9481559059,-0.1677780518440941,-0.16249089177173381,0.05080065952545521,-3.5315457229324987,-0.1702389296179455,260,0.15384615384615385,13,1.0357142857142858,-0.09127230966080153,0.023934792773520504,0.17050209055457488,0.14037829504418525
mid|4h,full,A,0.0,936704.2250631934,-0.0632957749368066,-0.016024824363423007,0.03346509693530872,-0.47435928064697497,-0.09850333966284774,547,0.44,50,4.0476190476190474,-0.008076149424610471,-0.008076149424610471,0.02587319299233103,-0.312143515761827
mid|4h,full,A,0.25,890499.2283207675,-0.10950077167923244,-0.028245582677557834,0.03346470161303497,-0.8542901913791503,-0.1221960694633234,547,0.44,50,4.0476190476190474,-0.014544447672693228,-0.008076149424610471,0.02587319299233103,-0.312143515761827
mid|4h,full,A,0.87,785503.6857939108,-0.21449631420608928,-0.057903382801429815,0.033503616670592706,-1.7944182798797608,-0.22246528701002743,1010,0.26,50,4.0476190476190474,-0.03058582732793846,-0.008076149424610471,0.02587319299233103,-0.312143515761827
mid|4h,full,A,cs,566828.7098475274,-0.4331712901524726,-0.13086327461356217,0.03388465738921948,-4.19394064323149,-0.436764952043567,1010,0.12,50,4.0476190476190474,-0.07229865781777665,-0.008076149424610471,0.02587319299233103,-0.312143515761827
mid|4h,full,A,ar,654946.4931682044,-0.3450535068317956,-0.09927539519128037,0.0336752236438779,-3.1417731226871295,-0.3496829590085525,1010,0.2,50,4.0476190476190474,-0.05382575933293331,-0.008076149424610471,0.02587319299233103,-0.312143515761827
mid|4h,full,A,tick,819565.0843840094,-0.18043491561599068,-0.04797132750790223,0.03348333870947791,-1.4768894205694654,-0.18899809777245624,1010,0.3,50,4.0476190476190474,-0.025158317412175404,-0.008076149424610471,0.02587319299233103,-0.312143515761827
mid|4h,full,B,0.0,922995.5547678255,-0.07700444523217442,-0.01960236159474904,0.0333957561178121,-0.5863717677665277,-0.1037435772941071,547,0.44,50,4.0476190476190474,-0.009962519612688906,-0.009962519612688906,0.02587319299233103,-0.3850518030628016
mid|4h,full,B,0.25,877466.4451263155,-0.12253355487368456,-0.03177877578626154,0.03339806380493605,-0.9670146082647927,-0.13310653050631438,969,0.4,50,4.0476190476190474,-0.016430817860771663,-0.009962519612688906,0.02587319299233103,-0.3850518030628016
mid|4h,full,B,0.87,774006.8437797622,-0.22599315622023786,-0.0613289552544386,0.03344375315531155,-1.9084984613141642,-0.23366774839540927,1010,0.26,50,4.0476190476190474,-0.032472197516016904,-0.009962519612688906,0.02587319299233103,-0.3850518030628016
mid|4h,full,B,cs,558530.9607347038,-0.44146903926529624,-0.13402412816323606,0.033844880927647654,-4.308423816293914,-0.4448813169451876,1010,0.12,50,4.0476190476190474,-0.07418502800585508,-0.009962519612688906,0.02587319299233103,-0.3850518030628016
mid|4h,full,B,ar,645359.6592767797,-0.35464034072322026,-0.1025508303195306,0.03362540408439477,-3.2566972730395296,-0.3590533474612503,1010,0.2,50,4.0476190476190474,-0.055712129521011754,-0.009962519612688906,0.02587319299233103,-0.3850518030628016
mid|4h,full,B,tick,807569.9303930537,-0.1924300696069463,-0.051432950291086965,0.033421450349151824,-1.5905664593160909,-0.20068252686599064,1010,0.28,50,4.0476190476190474,-0.027044687600253844,-0.009962519612688906,0.02587319299233103,-0.3850518030628016
mid|4h,full,C,0.0,913547.3920150133,-0.08645260798498677,-0.022091395726804297,0.03291937270809734,-0.6738950579297212,-0.1043524271915981,547,0.42,50,4.0476190476190474,-0.011286224347849684,-0.011286224347849684,0.02587319299233103,-0.43621304688582463
mid|4h,full,C,0.25,868484.1150575865,-0.1315158849424135,-0.034236957431667325,0.03292363843977925,-1.0599766996711921,-0.13985263777717194,1010,0.4,50,4.0476190476190474,-0.017754522595932437,-0.011286224347849684,0.02587319299233103,-0.43621304688582463
mid|4h,full,C,0.87,766083.1092211048,-0.23391689077889521,-0.06371225970267813,0.03297475119196141,-2.0145481941076473,-0.24018789537330576,1010,0.28,50,4.0476190476190474,-0.03379590225117768,-0.011286224347849684,0.02587319299233103,-0.43621304688582463
mid|4h,full,C,cs,552812.1194679774,-0.4471878805320225,-0.13622324275628517,0.03339496211594173,-4.444381896899642,-0.4500597030880046,1019,0.08,50,4.0476190476190474,-0.07550873274101587,-0.011286224347849684,0.02587319299233103,-0.43621304688582463
mid|4h,full,C,ar,638752.1394539204,-0.3612478605460796,-0.10482974310491211,0.033168192000001,-3.3800345769202407,-0.36463405865644016,1019,0.16,50,4.0476190476190474,-0.057035834256172514,-0.011286224347849684,0.02587319299233103,-0.43621304688582463
mid|4h,full,C,tick,799302.7011107901,-0.20069729888920984,-0.053841351526050296,0.03295119783484992,-1.6922271613299895,-0.20748322893916737,1010,0.28,50,4.0476190476190474,-0.02836839233541462,-0.011286224347849684,0.02587319299233103,-0.43621304688582463
mid|4h,hold,A,0.0,963586.4321039718,-0.03641356789602812,-0.012239966612716646,0.03540979570801877,-0.3359155045970342,-0.09850333966284108,547,0.43243243243243246,37,3.011904761904762,-0.006051434367591076,-0.006051434367591076,0.025870785978687298,-0.23390995436228065
mid|4h,hold,A,0.25,927972.9113237776,-0.07202708867622232,-0.024513629228315903,0.035411262313716774,-0.6949089644096661,-0.12219606946332551,547,0.43243243243243246,37,3.011904761904762,-0.012519130862262898,-0.006051434367591076,0.025870785978687298,-0.23390995436228065
mid|4h,hold,A,0.87,845224.7365454029,-0.15477526345459713,-0.05429950710496434,0.035452594031755685,-1.5833991177853115,-0.18408495239803113,676,0.32432432432432434,37,3.011904761904762,-0.028559018169049016,-0.006051434367591076,0.025870785978687298,-0.23390995436228065
mid|4h,hold,A,cs,661980.847125368,-0.338019152874632,-0.1279972623691471,0.03582986878527269,-3.8686620503368836,-0.3401489289112569,758,0.16216216216216217,37,3.011904761904762,-0.07051976680816777,-0.006051434367591076,0.025870785978687298,-0.23390995436228065
mid|4h,hold,A,ar,744714.4585301238,-0.25528554146987614,-0.09322698988613898,0.03561105944067029,-2.776311961415604,-0.26492618781824384,676,0.24324324324324326,37,3.011904761904762,-0.05029884528073618,-0.006051434367591076,0.025870785978687298,-0.23390995436228065
mid|4h,hold,A,tick,873012.8896877152,-0.12698711031228482,-0.04408797412964682,0.035431900194454476,-1.2761539478081763,-0.16078588675321204,676,0.35135135135135137,37,3.011904761904762,-0.023003947553672337,-0.006051434367591076,0.025870785978687298,-0.23390995436228065
mid|4h,hold,B,0.0,952707.1990704858,-0.04729280092951427,-0.015956711337515195,0.03533842841156766,-0.44513142645441384,-0.10374357729410122,547,0.43243243243243246,37,3.011904761904762,-0.008002770170684927,-0.008002770170684927,0.025870785978687298,-0.3093361824135423
mid|4h,hold,B,0.25,917495.50730837,-0.08250449269163007,-0.028184282132857952,0.03534254105508725,-0.804785067182686,-0.12766915959286207,583,0.40540540540540543,37,3.011904761904762,-0.014470466665356755,-0.008002770170684927,0.025870785978687298,-0.3093361824135423
mid|4h,hold,B,0.87,835681.0240353652,-0.16431897596463485,-0.05785829896514261,0.035390499352769424,-1.6945551168932884,-0.19254325828731267,676,0.32432432432432434,37,3.011904761904762,-0.030510353972142877,-0.008002770170684927,0.025870785978687298,-0.3093361824135423
mid|4h,hold,B,cs,654504.8404179253,-0.3454951595820748,-0.13127932021328248,0.03578763013250363,-3.980403250097253,-0.34761616950657304,758,0.16216216216216217,37,3.011904761904762,-0.07247110261126162,-0.008002770170684927,0.025870785978687298,-0.3093361824135423
mid|4h,hold,B,ar,736304.9659809017,-0.2636950340190982,-0.09663956756289305,0.03555772109592463,-2.8883447187549756,-0.272546998418871,676,0.24324324324324326,37,3.011904761904762,-0.05225018108383003,-0.008002770170684927,0.025870785978687298,-0.3093361824135423
mid|4h,hold,B,tick,863155.595278715,-0.136844404721285,-0.04768512613297693,0.03536779963459326,-1.3869142404347297,-0.16948556700190875,676,0.32432432432432434,37,3.011904761904762,-0.024955283356766198,-0.008002770170684927,0.025870785978687298,-0.3093361824135423
mid|4h,hold,C,0.0,952843.3496741835,-0.04715665032581651,-0.015910022574789684,0.03482305523592929,-0.45085355738476646,-0.1043524271916072,547,0.43243243243243246,37,3.011904761904762,-0.007987433013901575,-0.007987433013901575,0.025870785978687298,-0.30874334550491545
mid|4h,hold,C,0.25,917626.630346813,-0.08237336965318698,-0.028138171932090006,0.03482720765764811,-0.8158277528693099,-0.12797969158896394,547,0.40540540540540543,37,3.011904761904762,-0.0144551295085734,-0.007987433013901575,0.025870785978687298,-0.30874334550491545
mid|4h,hold,C,0.87,835800.4648169295,-0.1641995351830705,-0.057813592909196854,0.03487582239729176,-1.718697967016982,-0.19322162602836046,676,0.32432432432432434,37,3.011904761904762,-0.030495016815359526,-0.007987433013901575,0.025870785978687298,-0.30874334550491545
mid|4h,hold,C,cs,654598.4080622543,-0.34540159193774567,-0.13123808853404473,0.035278667741878184,-4.036973664066723,-0.34763671323552314,758,0.10810810810810811,37,3.011904761904762,-0.07245576545447827,-0.007987433013901575,0.025870785978687298,-0.30874334550491545
mid|4h,hold,C,ar,736410.3393226762,-0.2635896606773238,-0.09659664633915133,0.03504383020170035,-2.9298398215050474,-0.27315812049639887,676,0.21621621621621623,37,3.011904761904762,-0.05223484392704668,-0.007987433013901575,0.025870785978687298,-0.30874334550491545
mid|4h,hold,C,tick,863278.9419765162,-0.1367210580234839,-0.04763994500777513,0.03485300215770921,-1.406534737778479,-0.1701833061149426,676,0.32432432432432434,37,3.011904761904762,-0.024939946199982847,-0.007987433013901575,0.025870785978687298,-0.30874334550491545
mid|4h,learn,A,0.0,972101.9244925746,-0.0278980755074254,-0.026949155628763433,0.027010524453034465,-1.0171505864717392,-0.0402733233419329,210,0.46153846153846156,13,1.0357142857142858,-0.013977294865849237,-0.013977294865849237,0.025880208368416396,-0.540076597022565
mid|4h,learn,A,0.25,959617.6972994162,-0.04038230270058385,-0.03901734199944862,0.02700300191474938,-1.488401375056011,-0.04996591014112017,210,0.46153846153846156,13,1.0357142857142858,-0.02044734695795334,-0.013977294865849237,0.025880208368416396,-0.540076597022565
mid|4h,learn,A,0.87,929342.9922607528,-0.07065700773924721,-0.06830576806586819,0.027033817949291716,-2.6533725501834704,-0.076800126936869,251,0.07692307692307693,13,1.0357142857142858,-0.036493076146371504,-0.013977294865849237,0.025880208368416396,-0.540076597022565
mid|4h,learn,A,cs,856261.4950401833,-0.14373850495981666,-0.13914435525886415,0.027440224687634508,-5.550291428256873,-0.14620610458464545,251,0.0,13,1.0357142857142858,-0.0774833353038362,-0.013977294865849237,0.025880208368416396,-0.540076597022565
mid|4h,learn,A,ar,879459.8864924764,-0.12054011350752358,-0.11663615448751641,0.027260162058780596,-4.622315832658077,-0.12365860976626963,251,0.07692307692307693,13,1.0357142857142858,-0.06410514788620601,-0.013977294865849237,0.025880208368416396,-0.540076597022565
mid|4h,learn,A,tick,938777.7592575661,-0.061222240742433875,-0.059174883929197786,0.027014514032648426,-2.2874093973172402,-0.06783128251698922,251,0.15384615384615385,13,1.0357142857142858,-0.03143734903451287,-0.013977294865849237,0.025880208368416396,-0.540076597022565
mid|4h,learn,B,0.0,968813.4567140398,-0.031186543285960266,-0.030127512905024578,0.026946913015415665,-1.1433384471375532,-0.042360935120715926,210,0.46153846153846156,13,1.0357142857142858,-0.015674319130136376,-0.015674319130136376,0.025880208368416396,-0.605648876817582
mid|4h,learn,B,0.25,956371.3807171844,-0.043628619282815584,-0.04215635825716957,0.026942388118494028,-1.6155574584926162,-0.0520324900446395,210,0.38461538461538464,13,1.0357142857142858,-0.022144371222240472,-0.015674319130136376,0.025880208368416396,-0.605648876817582
mid|4h,learn,B,0.87,926198.898285616,-0.07380110171438403,-0.07134930300253772,0.026980741590017922,-2.7822237990286744,-0.0796144625486932,251,0.07692307692307693,13,1.0357142857142858,-0.03819010041065863,-0.015674319130136376,0.025880208368416396,-0.605648876817582
mid|4h,learn,B,cs,853364.1407113995,-0.14663585928860046,-0.14195697438606503,0.02740870245854673,-5.678375873593086,-0.148877727185445,251,0.0,13,1.0357142857142858,-0.07918035956812333,-0.015674319130136376,0.025880208368416396,-0.605648876817582
mid|4h,learn,B,ar,876484.18670791,-0.12351581329208994,-0.11952216624683731,0.027222343567347044,-4.751271662523296,-0.12640064281563035,251,0.07692307692307693,13,1.0357142857142858,-0.06580217215049315,-0.015674319130136376,0.025880208368416396,-0.605648876817582
mid|4h,learn,B,tick,935601.8020508679,-0.06439819794913204,-0.06224819235692591,0.026959280948358068,-2.4158257143756616,-0.07067290762454159,251,0.15384615384615385,13,1.0357142857142858,-0.03313437329880001,-0.015674319130136376,0.025880208368416396,-0.605648876817582
mid|4h,learn,C,0.0,958759.2675410791,-0.0412407324589209,-0.0398473624634903,0.02660528548186473,-1.5441475948929229,-0.04759031421885562,251,0.38461538461538464,13,1.0357142857142858,-0.020900736461264256,-0.020900736461264256,0.025880208368416396,-0.8075953703205507
mid|4h,learn,C,0.25,946446.0667726425,-0.053553933227357464,-0.051755895932835916,0.02661010627467771,-2.0217890686027498,-0.05914008351580713,251,0.38461538461538464,13,1.0357142857142858,-0.027370788553368355,-0.020900736461264256,0.025880208368416396,-0.8075953703205507
mid|4h,learn,C,0.87,916586.1248819645,-0.08341387511803544,-0.08065684178148524,0.02667221114321989,-3.199566275739722,-0.08718392445160461,251,0.15384615384615385,13,1.0357142857142858,-0.043416517741786516,-0.020900736461264256,0.025880208368416396,-0.8075953703205507
mid|4h,learn,C,cs,844505.7498755818,-0.1554942501244182,-0.15055834276218827,0.027170138420397782,-6.106334760098701,-0.15679080942340284,260,0.0,13,1.0357142857142858,-0.08440677689925122,-0.020900736461264256,0.025880208368416396,-0.8075953703205507
mid|4h,learn,C,ar,867386.1641342747,-0.13261383586572528,-0.1283480739762738,0.02696717722028926,-5.177174991086321,-0.13397991961326405,260,0.0,13,1.0357142857142858,-0.07102858948162102,-0.020900736461264256,0.025880208368416396,-0.8075953703205507
mid|4h,learn,C,tick,925891.5771543876,-0.07410842284561237,-0.07164681403173978,0.026645152250378647,-2.829856979372851,-0.07831578912733339,251,0.15384615384615385,13,1.0357142857142858,-0.038360790629927886,-0.020900736461264256,0.025880208368416396,-0.8075953703205507
mid|5m,full,A,0.0,137617.59639637146,-0.8623824036036285,-0.3873650008646302,0.06749318475478706,-7.351724376177973,-0.8628944081774657,1018,0.1,50,4.0476190476190474,-0.2524375720327898,-0.2524375720327898,1.0386183890247018,-0.24305132154441955
mid|5m,full,A,0.25,18061.272186253955,-0.981938727813746,-0.6290509226918346,0.06750040344384506,-14.91203484126987,-0.9819789175811829,1018,0.0,50,4.0476190476190474,-0.5120921692889653,-0.2524375720327898,1.0386183890247018,-0.24305132154441955
mid|5m,full,A,0.87,117.34607223960089,-0.9998826539277604,-0.8931123507136116,0.06756447964155302,-33.631629066027855,-0.9998825630383851,1019,0.0,50,4.0476190476190474,-1.1560355704842804,-0.2524375720327898,1.0386183890247018,-0.24305132154441955
mid|5m,full,A,cs,0.00024986840597384757,-0.9999999997501315,-0.9957570309679515,0.06851135528727444,-81.0668989388119,-0.9999999997498921,1019,0.0,50,4.0476190476190474,-2.8256019104774697,-0.2524375720327898,1.0386183890247018,-0.24305132154441955
mid|5m,full,A,ar,0.07636078541528703,-0.9999999236392146,-0.9825558291785575,0.06823745126680748,-60.32081926051413,-0.9999999235690501,1019,0.0,50,4.0476190476190474,-2.094087792360213,-0.2524375720327898,1.0386183890247018,-0.24305132154441955
mid|5m,full,A,tick,624.7273817578978,-0.9993752726182421,-0.8384350781225162,0.0675353002276574,-27.423627540364876,-0.9993749762035541,1018,0.0,50,4.0476190476190474,-0.9422379524165628,-0.2524375720327898,1.0386183890247018,-0.24305132154441955
mid|5m,full,B,0.0,336381.00466166425,-0.6636189953383358,-0.23598912923348592,0.0656386222836138,-4.139035100549298,-0.6656116885433727,1018,0.12,50,4.0476190476190474,-0.1382176239232676,-0.1382176239232676,1.0386183890247018,-0.13307835234176693
mid|5m,full,B,0.25,44148.4352384047,-0.9558515647615953,-0.5373906864281799,0.06565137869641252,-11.912280495535859,-0.956038140422943,1018,0.02,50,4.0476190476190474,-0.3978722211794431,-0.1382176239232676,1.0386183890247018,-0.13307835234176693
mid|5m,full,B,0.87,286.85277457937036,-0.9997131472254206,-0.8666989981122998,0.06573047044114758,-31.154391161300705,-0.9997131826251436,1018,0.0,50,4.0476190476190474,-1.0418156223747583,-0.1382176239232676,1.0386183890247018,-0.13307835234176693
mid|5m,full,B,cs,0.0006108882483712671,-0.9999999993891118,-0.9947083567778416,0.06674651911970089,-79.846746399954,-0.9999999993885983,1019,0.0,50,4.0476190476190474,-2.7113819623679483,-0.1382176239232676,1.0386183890247018,-0.13307835234176693
mid|5m,full,B,ar,0.1866827205773689,-0.9999998133172794,-0.9782446086249228,0.06636296865546337,-58.64156341262134,-0.9999998131677998,1019,0.0,50,4.0476190476190474,-1.9798678442506903,-0.1382176239232676,1.0386183890247018,-0.13307835234176693
mid|5m,full,B,tick,1527.117246717875,-0.9984728827532822,-0.7985112401711262,0.06570355898579652,-24.771141995789836,-0.9984738850305958,1018,0.0,50,4.0476190476190474,-0.8280180043070403,-0.1382176239232676,1.0386183890247018,-0.13307835234176693
mid|5m,full,C,0.0,626275.4476812109,-0.3737245523187891,-0.10918177126048523,0.06537828839649967,-1.7663414487363678,-0.3860285040620439,1017,0.3,50,4.0476190476190474,-0.05875070240241009,-0.05875070240241009,1.0386183890247018,-0.056566206629153765
mid|5m,full,C,0.25,82196.9001013075,-0.9178030998986925,-0.4606068070052797,0.06539824846009189,-9.569942188755011,-0.9188801443640184,1017,0.0,50,4.0476190476190474,-0.3184052996585856,-0.05875070240241009,1.0386183890247018,-0.056566206629153765
mid|5m,full,C,0.87,534.0901377313043,-0.9994659098622687,-0.8445723421287863,0.0654953601968095,-28.881322290835698,-0.9994661079518975,1019,0.0,50,4.0476190476190474,-0.9623487008539008,-0.05875070240241009,1.0386183890247018,-0.056566206629153765
mid|5m,full,C,cs,0.0011374786369703525,-0.9999999988625213,-0.9938299048487752,0.06668085014352196,-77.58287714020132,-0.9999999988624635,1019,0.0,50,4.0476190476190474,-2.63191504084709,-0.05875070240241009,1.0386183890247018,-0.056566206629153765
mid|5m,full,C,ar,0.3476018303568509,-0.9999996523981697,-0.9746331038381987,0.06615540156037805,-56.46444531530123,-0.9999996524067704,1019,0.0,50,4.0476190476190474,-1.9004009227298333,-0.05875070240241009,1.0386183890247018,-0.056566206629153765
mid|5m,full,C,tick,2843.2937208454464,-0.9971567062791545,-0.7650669098628071,0.06547176405790787,-22.473077203527815,-0.997164833970738,1019,0.0,50,4.0476190476190474,-0.7485510827861829,-0.05875070240241009,1.0386183890247018,-0.056566206629153765
mid|5m,hold,A,0.0,252720.29994553674,-0.7472797000544633,-0.36661601489856155,0.0713916819891216,-6.468137608149618,-0.7477867049002476,758,0.13513513513513514,37,3.011904761904762,-0.23492634472064267,-0.23492634472064267,1.0366644334183148,-0.2266175409780314
mid|5m,hold,A,0.25,55878.51653505912,-0.9441214834649408,-0.6162348887361876,0.07139859254348876,-13.602342723676328,-0.9442286719786764,758,0.0,37,3.011904761904762,-0.49409245307522126,-0.23492634472064267,1.0366644334183148,-0.2266175409780314
mid|5m,hold,A,0.87,1323.6921072870064,-0.998676307892713,-0.8892387695247693,0.07146293800649879,-31.268544318234053,-0.9986785582808748,758,0.0,37,3.011904761904762,-1.1368244017945766,-0.23492634472064267,1.0366644334183148,-0.2266175409780314
mid|5m,hold,A,cs,0.07656371445088306,-0.9999999234362855,-0.995661065154276,0.07239802468160474,-76.35319042749992,-0.999999923523701,758,0.0,37,3.011904761904762,-2.812281321270557,-0.23492634472064267,1.0366644334183148,-0.2266175409780314
mid|5m,hold,A,ar,8.006980532399567,-0.9999919930194676,-0.9796824632049347,0.07208251184631477,-54.91644437466153,-0.9999920022652848,758,0.0,37,3.011904761904762,-2.0138966484503587,-0.23492634472064267,1.0366644334183148,-0.2266175409780314
mid|5m,hold,A,tick,4734.636974487523,-0.9952653630255125,-0.8308942304248528,0.07142393928664346,-25.262622890158294,-0.995273854591928,758,0.0,37,3.011904761904762,-0.9179670551119434,-0.23492634472064267,1.0366644334183148,-0.2266175409780314
mid|5m,hold,B,0.0,484343.96667801606,-0.515656033321984,-0.21392114340196566,0.06941753245586887,-3.4907219462693786,-0.5204732124814511,750,0.16216216216216217,37,3.011904761904762,-0.12327905168883209,-0.12327905168883209,1.0366644334183148,-0.1189189555605083
mid|5m,hold,B,0.25,107094.04493112127,-0.8929059550688787,-0.5237151720654443,0.06943181739245992,-10.826941232607926,-0.8931324735630641,758,0.02702702702702703,37,3.011904761904762,-0.3824451600434108,-0.12327905168883209,1.0366644334183148,-0.1189189555605083
mid|5m,hold,B,0.87,2537.0207661093514,-0.9974629792338906,-0.8625342401630501,0.06951576482621033,-28.98749844760855,-0.9974677920756732,758,0.0,37,3.011904761904762,-1.0251771087627661,-0.12327905168883209,1.0366644334183148,-0.1189189555605083
mid|5m,hold,B,cs,0.14675776334131577,-0.9999998532422366,-0.9946147791069955,0.07054685754390799,-75.24596318981578,-0.9999998534387259,758,0.0,37,3.011904761904762,-2.700634028238746,-0.12327905168883209,1.0366644334183148,-0.1189189555605083
mid|5m,hold,B,ar,15.34742667677725,-0.9999846525733233,-0.9747833321396644,0.07009785711882618,-53.3405939452962,-0.9999846733206191,758,0.0,37,3.011904761904762,-1.902249355418548,-0.12327905168883209,1.0366644334183148,-0.1189189555605083
mid|5m,hold,B,tick,9074.382674862747,-0.9909256173251373,-0.790123899516503,0.06948068993723656,-22.81068489354936,-0.9909436792640736,758,0.0,37,3.011904761904762,-0.8063197620801329,-0.12327905168883209,1.0366644334183148,-0.1189189555605083
mid|5m,hold,C,0.0,698180.0293347096,-0.3018199706652903,-0.1124461397216161,0.06895188007861074,-1.7244745420023844,-0.3461767124882129,743,0.24324324324324326,37,3.011904761904762,-0.06049336681866381,-0.06049336681866381,1.0366644334183148,-0.05835385575946882
mid|5m,hold,C,0.25,154376.80065044007,-0.84562319934956,-0.46223020276660964,0.06897673878514562,-9.109196454730576,-0.8505745531593085,743,0.0,37,3.011904761904762,-0.31965947517324256,-0.06049336681866381,1.0366644334183148,-0.05835385575946882
mid|5m,hold,C,0.87,3657.1993861115798,-0.9963428006138885,-0.8447874548050184,0.06908718450755755,-27.38100555532636,-0.996352506779582,758,0.0,37,3.011904761904762,-0.9623914238925977,-0.06049336681866381,1.0366644334183148,-0.05835385575946882
mid|5m,hold,C,cs,0.21156050642710433,-0.9999997884394936,-0.9939195074627052,0.07032045471415273,-73.73323629378851,-0.9999997886856441,758,0.0,37,3.011904761904762,-2.6378483433685775,-0.06049336681866381,1.0366644334183148,-0.05835385575946882
mid|5m,hold,C,ar,22.12444106280179,-0.9999778755589372,-0.9715276045224648,0.0696929551249294,-51.879702680831876,-0.999977903427152,758,0.0,37,3.011904761904762,-1.83946367054838,-0.06049336681866381,1.0366644334183148,-0.05835385575946882
mid|5m,hold,C,tick,13080.898745125221,-0.9869191012548748,-0.7630297092571324,0.06905914554180292,-21.162882492938408,-0.9869927342035341,758,0.0,37,3.011904761904762,-0.7435340772099647,-0.06049336681866381,1.0366644334183148,-0.05835385575946882
mid|5m,learn,A,0.0,544545.0817604731,-0.4554549182395269,-0.4439214778579199,0.05455964256817136,-10.933182125075831,-0.4579937551459231,259,0.0,13,1.0357142857142858,-0.3034750248661261,-0.3034750248661261,1.0443133020837216,-0.2905976819988804
mid|5m,learn,A,0.25,323223.9026052507,-0.6767760973947493,-0.6639397523498782,0.0545678881566747,-20.335880735107075,-0.6777847403945888,259,0.0,13,1.0357142857142858,-0.5645533503870566,-0.3034750248661261,1.0443133020837216,-0.2905976819988804
mid|5m,learn,A,0.87,88650.57938595067,-0.9113494206140493,-0.9036241058262374,0.05463185861512596,-43.607548898916015,-0.9113498179518766,260,0.0,13,1.0357142857142858,-1.212027597678964,-0.3034750248661261,1.0443133020837216,-0.2905976819988804
mid|5m,learn,A,cs,3263.5355764269307,-0.9967364644235731,-0.9960242118419999,0.055654117233345776,-101.16618625671478,-0.9967348379661576,260,0.0,13,1.0357142857142858,-2.8644255138287025,-0.3034750248661261,1.0443133020837216,-0.2905976819988804
mid|5m,learn,A,ar,9536.776704564125,-0.9904632232954359,-0.9888036253950806,0.05540390987103313,-82.58518422370993,-0.9904589896396345,260,0.0,13,1.0357142857142858,-2.327809372920783,-0.3034750248661261,1.0443133020837216,-0.2905976819988804
mid|5m,learn,A,tick,131948.31728899758,-0.8680516827110024,-0.8585070642359517,0.05463475004550656,-36.44397163161812,-0.8680984342454156,259,0.0,13,1.0357142857142858,-1.012976842062977,-0.3034750248661261,1.0443133020837216,-0.2905976819988804
mid|5m,learn,B,0.0,694508.505946337,-0.30549149405366294,-0.2967059175281658,0.053109390934350464,-6.726897337933941,-0.31029576496086564,259,0.0,13,1.0357142857142858,-0.1817569294340533,-0.1817569294340533,1.0443133020837216,-0.1740444453512113
mid|5m,learn,B,0.25,412239.87073042616,-0.5877601292695738,-0.5749689253182324,0.05311637564728249,-16.38735637611315,-0.5897612819815783,259,0.0,13,1.0357142857142858,-0.44283525495498377,-0.1817569294340533,1.0443133020837216,-0.1740444453512113
mid|5m,learn,B,0.87,113066.78227126347,-0.8869332177287366,-0.8781070318453136,0.05317841118803344,-40.30042097419314,-0.8870050430266595,259,0.0,13,1.0357142857142858,-1.0903095022468914,-0.1817569294340533,1.0443133020837216,-0.1740444453512113
mid|5m,learn,B,cs,4162.56172391046,-0.9958374382760895,-0.994971346665485,0.05416926462889724,-99.52259345836654,-0.9958347444732395,260,0.0,13,1.0357142857142858,-2.74270741839663,-0.1817569294340533,1.0443133020837216,-0.1740444453512113
mid|5m,learn,B,ar,12163.779929299224,-0.9878362200707008,-0.9858387798952691,0.0539004059694246,-80.45009934603465,-0.9878290105936873,260,0.0,13,1.0357142857142858,-2.20609127748871,-0.1817569294340533,1.0443133020837216,-0.1740444453512113
mid|5m,learn,B,tick,168288.83037390056,-0.8317111696260995,-0.8210453281981653,0.05317773530908071,-32.94345240908661,-0.831916119816688,259,0.0,13,1.0357142857142858,-0.8912587466309041,-0.1817569294340533,1.0443133020837216,-0.1740444453512113
mid|5m,learn,C,0.0,897011.4030302247,-0.10298859696977525,-0.09962045437636757,0.05362252188176063,-1.967399362053702,-0.14637237082578758,258,0.46153846153846156,13,1.0357142857142858,-0.05367160935179413,-0.05367160935179413,1.0443133020837216,-0.05139416422706002
mid|5m,learn,C,0.25,532443.3448224528,-0.4675566551775473,-0.45585799667349347,0.0536246507505165,-11.537090933498872,-0.4711802496046783,258,0.0,13,1.0357142857142858,-0.31474993487272457,-0.05367160935179413,1.0443133020837216,-0.05139416422706002
mid|5m,learn,C,0.87,146038.01470587935,-0.8539619852941207,-0.8439450889936987,0.053674233969339055,-35.23753787605459,-0.8539636971700459,260,0.0,13,1.0357142857142858,-0.9622241821646321,-0.05367160935179413,1.0443133020837216,-0.05139416422706002
mid|5m,learn,C,cs,5376.611429894932,-0.994623388570105,-0.9935617627963188,0.05470964145018946,-93.93776051568202,-0.9946219323154966,260,0.0,13,1.0357142857142858,-2.6146220983143706,-0.05367160935179413,1.0443133020837216,-0.05139416422706002
mid|5m,learn,C,ar,15711.214098930424,-0.9842887859010696,-0.9818695154634438,0.054476890626519586,-74.97726949727476,-0.9842851546798751,260,0.0,13,1.0357142857142858,-2.078005957406451,-0.05367160935179413,1.0443133020837216,-0.05139416422706002
mid|5m,learn,C,tick,217362.26051784054,-0.7826377394821595,-0.7708922072831332,0.0536661822510665,-27.952308591770663,-0.7826467575447834,260,0.0,13,1.0357142857142858,-0.7631734265486448,-0.05367160935179413,1.0443133020837216,-0.05139416422706002
mid|eq_filt,full,A,0.0,790946.5350066014,-0.2090534649933986,-0.05629479755539191,0.05595711213681931,-1.0254204462017213,-0.21882290401083915,968,0.36,50,4.0476190476190474,-0.029191883849967952,-0.029191883849967952,0.05876338830483205,-0.4967699224308945
mid|eq_filt,full,A,0.25,705097.2068054251,-0.2949027931945749,-0.08270595301649286,0.05597720313580979,-1.5409111401872053,-0.30218278503288865,968,0.28,50,4.0476190476190474,-0.04388273092617597,-0.029191883849967952,0.05876338830483205,-0.4967699224308945
mid|eq_filt,full,A,0.87,530268.894951411,-0.46973110504858895,-0.14506254589957168,0.05608020067868126,-2.815061108023662,-0.4725310620787466,968,0.14,50,4.0476190476190474,-0.08031603167517183,-0.029191883849967952,0.05876338830483205,-0.4967699224308945
mid|eq_filt,full,A,cs,257466.93508008943,-0.7425330649199106,-0.2848230019827307,0.05669310768928745,-5.987027922968848,-0.7428601581111136,992,0.02,50,4.0476190476190474,-0.17268173523384406,-0.029191883849967952,0.05876338830483205,-0.4967699224308945
mid|eq_filt,full,A,ar,353074.0406397617,-0.6469259593602383,-0.22679215198805658,0.05636937336194941,-4.613731909037591,-0.6473981455742277,992,0.08,50,4.0476190476190474,-0.13231236089360984,-0.029191883849967952,0.05876338830483205,-0.4967699224308945
mid|eq_filt,full,A,tick,583576.2235085376,-0.41642377649146234,-0.12458830231062668,0.05603610794015142,-2.387671765097283,-0.4201799931440182,968,0.14,50,4.0476190476190474,-0.06806869798262273,-0.029191883849967952,0.05876338830483205,-0.4967699224308945
mid|eq_filt,full,B,0.0,901572.2901611933,-0.09842770983880667,-0.025274135906274253,0.05580228838483841,-0.43878998793891033,-0.12395361717111897,553,0.44,50,4.0476190476190474,-0.012457003178340888,-0.012457003178340888,0.05876338830483205,-0.21198578805090043
mid|eq_filt,full,B,0.25,803719.0552265149,-0.196280944773485,-0.05255246246793377,0.055804197992521516,-0.9562329785205846,-0.209814955234767,968,0.4,50,4.0476190476190474,-0.027147850254548883,-0.012457003178340888,0.05876338830483205,-0.21198578805090043
mid|eq_filt,full,B,0.87,604443.895490828,-0.395556104509172,-0.11695655798872262,0.05586234417535695,-2.2371977448755005,-0.40124988605783063,968,0.16,50,4.0476190476190474,-0.06358115100354476,-0.012457003178340888,0.05876338830483205,-0.21198578805090043
mid|eq_filt,full,B,cs,293489.5383845978,-0.7065104616154022,-0.26130686944837034,0.05636704996055352,-5.438090826857309,-0.7068860738539879,992,0.02,50,4.0476190476190474,-0.155946854562217,-0.012457003178340888,0.05876338830483205,-0.21198578805090043
mid|eq_filt,full,B,ar,402469.1191450848,-0.5975308808549151,-0.20136986770332643,0.05608426662674906,-4.050674258366385,-0.5980729034925276,992,0.08,50,4.0476190476190474,-0.11557748022198279,-0.012457003178340888,0.05876338830483205,-0.21198578805090043
mid|eq_filt,full,B,tick,665205.420558233,-0.33479457944176694,-0.09581007582988199,0.05583448047515902,-1.8071584162296381,-0.3418266633822,968,0.26,50,4.0476190476190474,-0.051333817310995664,-0.012457003178340888,0.05876338830483205,-0.21198578805090043
mid|eq_filt,full,C,0.0,880762.4813689181,-0.1192375186310819,-0.03088150570532544,0.05475073673213879,-0.555480069384434,-0.13261120227079193,968,0.44,50,4.0476190476190474,-0.015472600243598568,-0.015472600243598568,0.05876338830483205,-0.2633034052314215
mid|eq_filt,full,C,0.25,785166.1255025214,-0.2148338744974786,-0.05800342177173656,0.05476276914062625,-1.0826565745709802,-0.22231180499346015,974,0.3,50,4.0476190476190474,-0.03016344731980656,-0.015472600243598568,0.05876338830483205,-0.2633034052314215
mid|eq_filt,full,C,0.87,590487.7603527273,-0.4095122396472728,-0.12203817192284183,0.054846998477387526,-2.386686083797402,-0.41321011060223867,974,0.16,50,4.0476190476190474,-0.06659674806880243,-0.015472600243598568,0.05876338830483205,-0.2633034052314215
mid|eq_filt,full,C,cs,286707.3633269478,-0.7132926366730522,-0.26556142413988315,0.05545116913371655,-5.634806259278274,-0.71360561482225,992,0.02,50,4.0476190476190474,-0.15896245162747472,-0.015472600243598568,0.05876338830483205,-0.2633034052314215
mid|eq_filt,full,C,ar,393172.27159004315,-0.6068277284099568,-0.20596778318640485,0.05512086576431296,-4.229007463571456,-0.6072832479418324,992,0.08,50,4.0476190476190474,-0.11859307728724046,-0.015472600243598568,0.05876338830483205,-0.2633034052314215
mid|eq_filt,full,C,tick,649847.3857689769,-0.3501526142310232,-0.10101302638482579,0.05481137542335592,-1.9490335367946647,-0.3547025415029643,974,0.2,50,4.0476190476190474,-0.05434941437625335,-0.015472600243598568,0.05876338830483205,-0.2633034052314215
mid|eq_filt,hold,A,0.0,846412.2649732288,-0.15358773502677125,-0.05385856607393946,0.059279667086281455,-0.919928531323188,-0.18699600014313822,553,0.3783783783783784,37,3.011904761904762,-0.027743720533175847,-0.027743720533175847,0.06096894057159272,-0.45504678731620424
mid|eq_filt,hold,A,0.25,774526.1373346751,-0.225473862665325,-0.08133277265569294,0.05930153472776159,-1.4248062021459995,-0.24376151091797205,670,0.2972972972972973,37,3.011904761904762,-0.04298595567607401,-0.027743720533175847,0.06096894057159272,-0.45504678731620424
mid|eq_filt,hold,A,0.87,621495.643728997,-0.378504356271003,-0.1460780450892556,0.05940780131658294,-2.672954253515349,-0.38605563635432383,756,0.13513513513513514,37,3.011904761904762,-0.0807866988304615,-0.027743720533175847,0.06096894057159272,-0.45504678731620424
mid|eq_filt,hold,A,cs,353834.9040034083,-0.6461650959965917,-0.29173678024141936,0.06002404885261577,-5.8128480898875505,-0.6497190533347498,756,0.02702702702702703,37,3.011904761904762,-0.17750848479865922,-0.027743720533175847,0.06096894057159272,-0.45504678731620424
mid|eq_filt,hold,A,ar,460833.24584770977,-0.5391667541522902,-0.22680110789740593,0.059683610856047384,-4.352000546135118,-0.5439085588871868,756,0.08108108108108109,37,3.011904761904762,-0.13214443785146218,-0.027743720533175847,0.06096894057159272,-0.45504678731620424
mid|eq_filt,hold,A,tick,669408.8641562557,-0.3305911358437442,-0.12476070329806932,0.059362958917575405,-2.252697311591846,-0.34105554901241475,714,0.13513513513513514,37,3.011904761904762,-0.06803356632161137,-0.027743720533175847,0.06096894057159272,-0.45504678731620424
mid|eq_filt,hold,B,0.0,938142.7608033083,-0.061857239196691616,-0.020977107844822873,0.059112880737889034,-0.33508754428494314,-0.12395361717109343,553,0.4594594594594595,37,3.011904761904762,-0.01007732501122708,-0.01007732501122708,0.06096894057159272,-0.1652862083013201
mid|eq_filt,hold,B,0.25,858468.8670899261,-0.1415311329100739,-0.049405050184171184,0.05911615687340069,-0.841870142971722,-0.17474123986690915,553,0.43243243243243246,37,3.011904761904762,-0.02531956015412525,-0.01007732501122708,0.06096894057159272,-0.1652862083013201
mid|eq_filt,hold,B,0.87,688858.8640201984,-0.31114113597980164,-0.11639801227942392,0.059176554163562704,-2.0965950102516593,-0.32392608529571565,714,0.16216216216216217,37,3.011904761904762,-0.06312030330851275,-0.01007732501122708,0.06096894057159272,-0.1652862083013201
mid|eq_filt,hold,B,cs,392194.8846101538,-0.6078051153898463,-0.267114360159596,0.05968267654694615,-5.264268106929907,-0.6119912664612642,756,0.02702702702702703,37,3.011904761904762,-0.15984208927671048,-0.01007732501122708,0.06096894057159272,-0.1652862083013201
mid|eq_filt,hold,B,ar,510788.8204512745,-0.4892111795487255,-0.19992347775201413,0.05938562925033443,-3.7890991952674207,-0.49478848017008115,756,0.08108108108108109,37,3.011904761904762,-0.11447804232951343,-0.01007732501122708,0.06096894057159272,-0.1652862083013201
mid|eq_filt,hold,B,tick,741963.0312997819,-0.2580369687002181,-0.09434067463732276,0.059148573685231055,-1.6737801903841474,-0.2753458454180464,714,0.2972972972972973,37,3.011904761904762,-0.05036717079966261,-0.01007732501122708,0.06096894057159272,-0.1652862083013201
mid|eq_filt,hold,C,0.0,931555.8501711382,-0.06844414982886182,-0.023264737296480043,0.05806237908465643,-0.3831756487317702,-0.11199771644348766,553,0.5135135135135135,37,3.011904761904762,-0.01131872699057448,-0.01131872699057448,0.06096894057159272,-0.18564742776337856
mid|eq_filt,hold,C,0.25,852440.2068049818,-0.14755979319501822,-0.051626681325427914,0.05807362716661873,-0.8990006258738324,-0.1673952337386715,715,0.32432432432432434,37,3.011904761904762,-0.026560962133472647,-0.01131872699057448,0.06096894057159272,-0.18564742776337856
mid|eq_filt,hold,C,0.87,684018.9976785902,-0.3159810023214098,-0.11846406061994186,0.05815470560876193,-2.1753934886183526,-0.3238461539444405,756,0.1891891891891892,37,3.011904761904762,-0.06436170528786013,-0.01131872699057448,0.06096894057159272,-0.18564742776337856
mid|eq_filt,hold,C,cs,389433.56206132704,-0.6105664379386729,-0.2688316130596935,0.058755290937564486,-5.388888478985925,-0.6142236860145183,756,0.02702702702702703,37,3.011904761904762,-0.1610834912560579,-0.01131872699057448,0.06096894057159272,-0.18564742776337856
mid|eq_filt,hold,C,ar,507196.7236099657,-0.4928032763900343,-0.2017959690569201,0.05840549085599733,-3.894464996353,-0.49769103583322827,756,0.10810810810810811,37,3.011904761904762,-0.1157194443088608,-0.01131872699057448,0.06096894057159272,-0.18564742776337856
mid|eq_filt,hold,C,tick,736750.7684664058,-0.26324923153359414,-0.09645800898035728,0.05812063428451655,-1.7453665450008065,-0.27496132887974456,715,0.24324324324324326,37,3.011904761904762,-0.05160857277901001,-0.01131872699057448,0.06096894057159272,-0.18564742776337856
mid|eq_filt,learn,A,0.0,934469.6051062242,-0.06553039489377577,-0.06334388296060012,0.04489306168177639,-1.4629405242146416,-0.08359648820978927,209,0.3076923076923077,13,1.0357142857142858,-0.03341263695072151,-0.03341263695072151,0.05233518268681856,-0.6384354698954172
mid|eq_filt,learn,A,0.25,910359.4737703971,-0.08964052622960283,-0.08668757225217938,0.04490696597611104,-2.035171737303717,-0.10341772150576412,209,0.23076923076923078,13,1.0357142857142858,-0.04649643262242614,-0.03341263695072151,0.05233518268681856,-0.6384354698954172
mid|eq_filt,learn,A,0.87,853214.1782519618,-0.14678582174803811,-0.14210256003947752,0.045000567925875645,-3.448241141612924,-0.15074609063671818,209,0.15384615384615385,13,1.0357142857142858,-0.07894424588825363,-0.03341263695072151,0.05233518268681856,-0.6384354698954172
mid|eq_filt,learn,A,cs,727647.0810737555,-0.27235291892624447,-0.26433152911232827,0.04561868738288549,-6.834293272337643,-0.2724335348110456,233,0.0,13,1.0357142857142858,-0.15861390327316263,-0.03341263695072151,0.05233518268681856,-0.6384354698954172
mid|eq_filt,learn,A,ar,766164.4289362755,-0.23383557106372443,-0.22676610720243373,0.045349873311716055,-5.756028929032291,-0.23396866457795085,233,0.07692307692307693,13,1.0357142857142858,-0.13280178200558965,-0.03341263695072151,0.05233518268681856,-0.6384354698954172
mid|eq_filt,learn,A,tick,871778.4522379955,-0.12822154776200456,-0.12408675932123037,0.04495800880732394,-2.980494474091228,-0.13511447763070827,209,0.15384615384615385,13,1.0357142857142858,-0.06817109117642133,-0.03341263695072151,0.05233518268681856,-0.6384354698954172
mid|eq_filt,learn,B,0.0,961018.2243363693,-0.0389817756636307,-0.037663219639067824,0.04477941871695686,-0.8512461504029996,-0.06418135063407149,209,0.38461538461538464,13,1.0357142857142858,-0.01939270848600608,-0.01939270848600608,0.05233518268681856,-0.3705482142300888
mid|eq_filt,learn,B,0.25,936223.8818875318,-0.0637761181124682,-0.061646190208535456,0.044776186960467625,-1.4256644190975014,-0.0844219211344377,209,0.3076923076923077,13,1.0357142857142858,-0.03247650415771072,-0.01939270848600608,0.05233518268681856,-0.3705482142300888
mid|eq_filt,learn,B,0.87,877456.8014749434,-0.12254319852505657,-0.11857882911742879,0.044827537629619864,-2.846804555318354,-0.1327516219712478,209,0.15384615384615385,13,1.0357142857142858,-0.06492431742353823,-0.01939270848600608,0.05233518268681856,-0.3705482142300888
mid|eq_filt,learn,B,cs,748325.7683901803,-0.2516742316098197,-0.24415559910277584,0.04534177671241462,-6.268257167912563,-0.2517943792651304,233,0.0,13,1.0357142857142858,-0.1445939748084472,-0.01939270848600608,0.05233518268681856,-0.3705482142300888
mid|eq_filt,learn,B,ar,787936.4289717916,-0.2120635710282084,-0.20556119492254565,0.04510555517736732,-5.176249586150638,-0.2122396558390195,233,0.07692307692307693,13,1.0357142857142858,-0.1187818535408742,-0.01939270848600608,0.05233518268681856,-0.3705482142300888
mid|eq_filt,learn,B,tick,896547.930956776,-0.10345206904322402,-0.10006962891479854,0.04479924827884259,-2.3759221307380174,-0.11678929182795728,209,0.15384615384615385,13,1.0357142857142858,-0.0541511627117059,-0.01939270848600608,0.05233518268681856,-0.3705482142300888
mid|eq_filt,learn,C,0.0,945474.6929098441,-0.054525307090155906,-0.05269557253909707,0.0436903907082599,-1.2407731844646857,-0.06761879472189392,209,0.23076923076923078,13,1.0357142857142858,-0.027579296504677435,-0.027579296504677435,0.05233518268681856,-0.5269743046416023
mid|eq_filt,learn,C,0.25,921080.5863385865,-0.07891941366141353,-0.07630467622625459,0.04370595894621632,-1.8287523236877976,-0.08791758651832915,215,0.23076923076923078,13,1.0357142857142858,-0.04066309217638207,-0.027579296504677435,0.05233518268681856,-0.5269743046416023
mid|eq_filt,learn,C,0.87,863262.2227696885,-0.13673777723031155,-0.13234972098767672,0.043805297975671585,-3.2805802580550516,-0.1412674796469202,215,0.07692307692307693,13,1.0357142857142858,-0.07311090544220956,-0.027579296504677435,0.05233518268681856,-0.5269743046416023
mid|eq_filt,learn,C,cs,736216.3697688552,-0.2637836302311448,-0.25596821661292446,0.04444239105576222,-6.75718536197093,-0.26382919553485307,233,0.0,13,1.0357142857142858,-0.15278056282711855,-0.027579296504677435,0.05233518268681856,-0.5269743046416023
mid|eq_filt,learn,C,ar,775186.9310031272,-0.2248130689968727,-0.21797612310071124,0.04417685430400771,-5.649319596456689,-0.22490982959737726,233,0.0,13,1.0357142857142858,-0.12696844155954554,-0.027579296504677435,0.05233518268681856,-0.5269743046416023
mid|eq_filt,learn,C,tick,882045.0735622369,-0.11795492643776317,-0.11412915869784301,0.043762461901639224,-2.799912927911394,-0.12324510918663334,215,0.07692307692307693,13,1.0357142857142858,-0.06233775073037725,-0.027579296504677435,0.05233518268681856,-0.5269743046416023
mid|eq_sign,full,A,0.0,596725.3789948453,-0.40327462100515465,-0.11975591789818929,0.0627403323664017,-2.036924986497257,-0.40572220635146483,1018,0.24,50,4.0476190476190474,-0.06501696716436009,-0.06501696716436009,0.39191822618611377,-0.16589421675297358
mid|eq_sign,full,A,0.25,277325.133224025,-0.722674866775975,-0.2715737724008471,0.06277404856221393,-5.103796462778648,-0.7235822628452939,1018,0.1,50,4.0476190476190474,-0.16299652371088857,-0.06501696716436009,0.39191822618611377,-0.16589421675297358
mid|eq_sign,full,A,0.87,41463.0439466073,-0.9585369560533927,-0.5445077438504444,0.06291726419124102,-12.683414414257063,-0.9586073787550393,1019,0.0,50,4.0476190476190474,-0.40598582394627913,-0.06501696716436009,0.39191822618611377,-0.16589421675297358
mid|eq_sign,full,A,cs,286.0753367031456,-0.9997139246632969,-0.8667883459445327,0.06375029520634073,-32.13480289313199,-0.9997140711485017,1019,0.0,50,4.0476190476190474,-1.0422279053900778,-0.06501696716436009,0.39191822618611377,-0.16589421675297358
mid|eq_sign,full,A,ar,2810.7578783451772,-0.9971892421216548,-0.7657339690187414,0.06336821774935858,-23.266868345309927,-0.9971911145082322,1019,0.0,50,4.0476190476190474,-0.7500915647391422,-0.06501696716436009,0.39191822618611377,-0.16589421675297358
mid|eq_sign,full,A,tick,76653.6023421362,-0.9233463976578637,-0.4698314897716084,0.06285972699617617,-10.238168158905058,-0.923485099168693,1019,0.0,50,4.0476190476190474,-0.327415779105472,-0.06501696716436009,0.39191822618611377,-0.16589421675297358
mid|eq_sign,full,B,0.0,857667.5129969685,-0.14233248700303158,-0.03722265871141561,0.062285752134582525,-0.5884232357486985,-0.18830775973552005,520,0.34,50,4.0476190476190474,-0.01864590141029327,-0.01864590141029327,0.39191822618611377,-0.04757599969703558
mid|eq_sign,full,B,0.25,398599.7789512957,-0.6014002210487043,-0.20327369834728481,0.06230275032009104,-3.6794362846290762,-0.6033840465684883,1018,0.14,50,4.0476190476190474,-0.11662545795682172,-0.01864590141029327,0.39191822618611377,-0.04757599969703558
mid|eq_sign,full,B,0.87,59596.03536716009,-0.9404039646328399,-0.5017966492179549,0.062405053619294076,-11.326947542018766,-0.940577973687625,1018,0.0,50,4.0476190476190474,-0.3596147581922123,-0.01864590141029327,0.39191822618611377,-0.04757599969703558
mid|eq_sign,full,B,cs,411.2050346499511,-0.99958879496535,-0.8542954018252171,0.0631370457876026,-31.00329100879318,-0.9995890485429004,1019,0.0,50,4.0476190476190474,-0.995856839636011,-0.01864590141029327,0.39191822618611377,-0.04757599969703558
mid|eq_sign,full,B,ar,4040.1208389002786,-0.9959598791610997,-0.7437649090612455,0.06277402637698759,-22.035116952640546,-0.9959629930872842,1019,0.0,50,4.0476190476190474,-0.7037204989850753,-0.01864590141029327,0.39191822618611377,-0.04757599969703558
mid|eq_sign,full,B,tick,110175.68100633733,-0.8898243189936627,-0.4201190646254477,0.06236349985332336,-8.858089906159803,-0.8901870293239063,1018,0.02,50,4.0476190476190474,-0.2810447133514051,-0.01864590141029327,0.39191822618611377,-0.04757599969703558
mid|eq_sign,full,C,0.0,1049410.657096385,0.049410657096385036,0.011986603076012292,0.06147695961440558,0.22791721990877534,-0.09678063082853183,520,0.5,50,4.0476190476190474,0.00712843799540058,0.00712843799540058,0.39191822618611377,0.018188585064720705
mid|eq_sign,full,C,0.25,487712.44653562503,-0.5122875534643749,-0.16255146930415532,0.06149973622411875,-2.9037028382255605,-0.5189439054627074,1008,0.18,50,4.0476190476190474,-0.09085111855112787,0.00712843799540058,0.39191822618611377,0.018188585064720705
mid|eq_sign,full,C,0.87,72919.69393792731,-0.9270803060620727,-0.47633230482692945,0.06161712380062,-10.649583860650406,-0.9274290928364646,1019,0.0,50,4.0476190476190474,-0.33384041878651843,0.00712843799540058,0.39191822618611377,0.018188585064720705
mid|eq_sign,full,C,cs,503.1331129951729,-0.9994968668870048,-0.8468483578523963,0.06243819782101547,-30.538904532746166,-0.9994972393206751,1019,0.0,50,4.0476190476190474,-0.9700825002303172,0.00712843799540058,0.39191822618611377,0.018188585064720705
mid|eq_sign,full,C,ar,4943.3514335083255,-0.9950566485664917,-0.7306681827666401,0.062022278143248705,-21.485359957134794,-0.9950617913245753,1019,0.0,50,4.0476190476190474,-0.6779461595793813,0.00712843799540058,0.39191822618611377,0.018188585064720705
mid|eq_sign,full,C,tick,134807.07528436976,-0.8651929247156303,-0.3904801689252346,0.061573442518198546,-8.148958812549596,-0.8659748857359213,1019,0.0,50,4.0476190476190474,-0.2552703739457113,0.00712843799540058,0.39191822618611377,0.018188585064720705
mid|eq_sign,hold,A,0.0,740976.2225272973,-0.25902377747270267,-0.09474077355830657,0.06601552724022378,-1.4999678860474257,-0.33115956284754733,648,0.2972972972972973,37,3.011904761904762,-0.050377071042340606,-0.050377071042340606,0.3886926051904169,-0.12960645602625073
mid|eq_sign,hold,A,0.25,420795.10546612117,-0.5792048945338788,-0.24978538213275858,0.06604968855517311,-4.391008093688889,-0.5892913905791424,654,0.10810810810810811,37,3.011904761904762,-0.1475502223399448,-0.050377071042340606,0.3886926051904169,-0.12960645602625073
mid|eq_sign,hold,A,0.87,103427.53520549781,-0.8965724647945021,-0.5291922195704718,0.06619177879722091,-11.537890739024467,-0.8970661252751475,755,0.0,37,3.011904761904762,-0.3885396375580033,-0.050377071042340606,0.3886926051904169,-0.12960645602625073
mid|eq_sign,hold,A,cs,2577.3789337936823,-0.9974226210662063,-0.8618120236008905,0.06699216544209684,-30.002513102485324,-0.997428106616029,758,0.0,37,3.011904761904762,-1.0225545998373908,-0.050377071042340606,0.3886926051904169,-0.12960645602625073
mid|eq_sign,hold,A,ar,16287.643153021305,-0.9837123568469787,-0.7451358992620599,0.06659267203379261,-20.837858184214067,-0.9837479677055926,758,0.0,37,3.011904761904762,-0.7059669596805292,-0.050377071042340606,0.3886926051904169,-0.12960645602625073
mid|eq_sign,hold,A,tick,164354.4747170048,-0.8356455252829952,-0.45093081584402406,0.06613297173240357,-9.184123953525837,-0.836802193064691,755,0.0,37,3.011904761904762,-0.30900153124003593,-0.050377071042340606,0.3886926051904169,-0.12960645602625073
mid|eq_sign,hold,B,0.0,946261.1644544279,-0.05373883554557213,-0.01817230526119451,0.06552733355644498,-0.2517948454790843,-0.18830775973552916,520,0.40540540540540543,37,3.011904761904762,-0.008394100950092317,-0.008394100950092317,0.3886926051904169,-0.021595731017265238
mid|eq_sign,hold,B,0.25,537377.9161555306,-0.46262208384446935,-0.18632938110667596,0.0655456600146216,-3.1657777337474906,-0.4971989707280503,653,0.16216216216216217,37,3.011904761904762,-0.10556725224769652,-0.008394100950092317,0.3886926051904169,-0.021595731017265238
mid|eq_sign,hold,B,0.87,132084.31248699306,-0.867915687513007,-0.4893671950112112,0.06564900923069174,-10.376269094587071,-0.8689260960939669,755,0.0,37,3.011904761904762,-0.3465566674657549,-0.008394100950092317,0.3886926051904169,-0.021595731017265238
mid|eq_sign,hold,B,cs,3291.6103087767547,-0.9967083896912232,-0.850121153186357,0.06635854968619075,-29.04541471357906,-0.9967175016480186,758,0.0,37,3.011904761904762,-0.9805716297451424,-0.008394100950092317,0.3886926051904169,-0.021595731017265238
mid|eq_sign,hold,B,ar,20800.955602500086,-0.9791990443974999,-0.7235751645544577,0.065975538107438,-19.78198234335563,-0.9792578324167694,758,0.0,37,3.011904761904762,-0.663983989588281,-0.008394100950092317,0.3886926051904169,-0.021595731017265238
mid|eq_sign,hold,B,tick,209891.23640472948,-0.7901087635952705,-0.4044868031623038,0.06560684072683566,-7.999953632539531,-0.7935030797251362,743,0.02702702702702703,37,3.011904761904762,-0.26701856114778766,-0.008394100950092317,0.3886926051904169,-0.021595731017265238
mid|eq_sign,hold,C,0.0,1077702.8804631378,0.07770288046313767,0.025156562841746943,0.06456670971764766,0.42353085974782206,-0.09678063082852584,520,0.5135135135135135,37,3.011904761904762,0.013912288399370866,0.013912288399370866,0.3886926051904169,0.03579252142591024
mid|eq_sign,hold,C,0.25,612023.4219672118,-0.3879765780327883,-0.1504212933824336,0.06458956363260995,-2.5338079855077402,-0.43047389023516613,647,0.21621621621621623,37,3.011904761904762,-0.08326086289823334,0.013912288399370866,0.3886926051904169,0.03579252142591024
mid|eq_sign,hold,C,0.87,150431.90865291067,-0.8495680913470893,-0.46683226224747876,0.06470497400430718,-9.850036360774324,-0.8513802386101323,756,0.0,37,3.011904761904762,-0.3242502781162918,0.013912288399370866,0.3886926051904169,0.03579252142591024
mid|eq_sign,hold,C,cs,3748.8157441814465,-0.9962511842558186,-0.843507156363882,0.06550382961807273,-28.755053979348784,-0.9962695637062979,758,0.0,37,3.011904761904762,-0.9582652403956794,0.013912288399370866,0.3886926051904169,0.03579252142591024
mid|eq_sign,hold,C,ar,23690.40195866918,-0.9763095980413308,-0.7113760618579157,0.06505290913805363,-19.388548609759493,-0.9764290307853133,758,0.0,37,3.011904761904762,-0.6416776002388177,0.013912288399370866,0.3886926051904169,0.03579252142591024
mid|eq_sign,hold,C,tick,239046.60030116516,-0.7609533996988348,-0.37820619987250637,0.06466225909927698,-7.4387479124150335,-0.7665052978517353,743,0.0,37,3.011904761904762,-0.24471217179832447,0.013912288399370866,0.3886926051904169,0.03579252142591024
mid|eq_sign,learn,A,0.0,805323.2490504928,-0.1946767509495072,-0.18864177587556796,0.05202840997901996,-4.068299196953999,-0.19760683210765928,259,0.07692307692307693,13,1.0357142857142858,-0.10768576441617846,-0.10768576441617846,0.40131947925030687,-0.26832927376797927
mid|eq_sign,learn,A,0.25,659050.2827185462,-0.34094971728145373,-0.3314055940552235,0.052060714732894905,-7.853820923086376,-0.3428009257942377,259,0.07692307692307693,13,1.0357142857142858,-0.2080156342287552,-0.10768576441617846,0.40131947925030687,-0.26832927376797927
mid|eq_sign,learn,A,0.87,400889.80042138323,-0.5991101995786168,-0.5862730612350845,0.052209883444414164,-17.1988957610485,-0.5996137926759684,260,0.0,13,1.0357142857142858,-0.45683371136394546,-0.10768576441617846,0.40131947925030687,-0.26832927376797927
mid|eq_sign,learn,A,cs,110994.67484281192,-0.8890053251571881,-0.880264547716496,0.05317950837075123,-40.641756177722684,-0.8890178740639174,260,0.0,13,1.0357142857142858,-1.0995668563569565,-0.10768576441617846,0.40131947925030687,-0.26832927376797927
mid|eq_sign,learn,A,ar,172569.9569875346,-0.8274300430124655,-0.8166517639807305,0.052820186281927195,-32.69892444768869,-0.8274741136075487,260,0.0,13,1.0357142857142858,-0.8786951976727614,-0.10768576441617846,0.40131947925030687,-0.26832927376797927
mid|eq_sign,learn,A,tick,466391.9401897867,-0.5336080598102133,-0.5211787514761981,0.052155006329694414,-14.36220596794084,-0.5342420144545674,260,0.0,13,1.0357142857142858,-0.381085135921006,-0.10768576441617846,0.40131947925030687,-0.26832927376797927
mid|eq_sign,learn,B,0.0,906375.0529077592,-0.09362494709224078,-0.09054736966597943,0.05169027943543436,-1.8452487626486078,-0.10397112235979566,249,0.15384615384615385,13,1.0357142857142858,-0.04852534807142655,-0.04852534807142655,0.40131947925030687,-0.12091450971200134
mid|eq_sign,learn,B,0.25,741749.4596780752,-0.25825054032192485,-0.25056990879054875,0.05170237541668399,-5.6591174760295475,-0.2615775389634687,259,0.07692307692307693,13,1.0357142857142858,-0.14885521788400327,-0.04852534807142655,0.40131947925030687,-0.12091450971200134
mid|eq_sign,learn,B,0.87,451196.9229731814,-0.5488030770268186,-0.536249342282014,0.05180204560067966,-15.089493467406065,-0.5499079000075396,259,0.0,13,1.0357142857142858,-0.3976732950191935,-0.04852534807142655,0.40131947925030687,-0.12091450971200134
mid|eq_sign,learn,B,cs,124925.187393389,-0.875074812606611,-0.8657853234042259,0.05263131343477179,-38.85563108780238,-0.8750983242991858,260,0.0,13,1.0357142857142858,-1.0404064400122046,-0.04852534807142655,0.40131947925030687,-0.12091450971200134
mid|eq_sign,learn,B,ar,194227.65550322994,-0.80577234449677,-0.7944809586206503,0.05230520666997094,-30.79765225558625,-0.8058365394413836,260,0.0,13,1.0357142857142858,-0.8195347813280093,-0.04852534807142655,0.40131947925030687,-0.12091450971200134
mid|eq_sign,learn,B,tick,524917.9665314289,-0.47508203346857114,-0.46328534094838913,0.05176127073720711,-12.224878172170389,-0.4765587117028849,259,0.0,13,1.0357142857142858,-0.3219247195762541,-0.04852534807142655,0.40131947925030687,-0.12091450971200134
mid|eq_sign,learn,C,0.0,973747.6591372163,-0.02625234086278372,-0.025358665761692323,0.05142383199969475,-0.4832781123338658,-0.066091309160493,249,0.46153846153846156,13,1.0357142857142858,-0.012643473981372758,-0.012643473981372758,0.40131947925030687,-0.03150476025981012
mid|eq_sign,learn,C,0.25,796885.264567153,-0.20311473543284708,-0.19685133613660866,0.051446538231681174,-4.316333269332407,-0.20991692429383035,249,0.07692307692307693,13,1.0357142857142858,-0.11297334379394947,-0.012643473981372758,0.40131947925030687,-0.03150476025981012
mid|eq_sign,learn,C,0.87,484735.5497308345,-0.5152644502691655,-0.5030078478664253,0.05157280101608671,-13.78899735844282,-0.5160721354447828,260,0.0,13,1.0357142857142858,-0.3617914209291397,-0.012643473981372758,0.40131947925030687,-0.03150476025981012
mid|eq_sign,learn,C,cs,134211.21424175153,-0.8657887857582485,-0.8561648423690329,0.05249015705332642,-37.61645225733711,-0.8658228499737427,260,0.0,13,1.0357142857142858,-1.0045245659221511,-0.012643473981372758,0.40131947925030687,-0.03150476025981012
mid|eq_sign,learn,C,ar,208664.7344410879,-0.7913352655589121,-0.7797497901553511,0.05216819510404525,-29.52657555805459,-0.7914484097409391,260,0.0,13,1.0357142857142858,-0.7836529072379557,-0.012643473981372758,0.40131947925030687,-0.03150476025981012
mid|eq_sign,learn,C,tick,563936.3835943913,-0.43606361640560876,-0.42481389397212466,0.05152427266794205,-10.912251410343531,-0.43706137821500046,260,0.0,13,1.0357142857142858,-0.2860428454862003,-0.012643473981372758,0.40131947925030687,-0.03150476025981012
mid|eq_size,full,A,0.0,819524.8355549431,-0.18047516444505696,-0.04798287873784468,0.021804541227778373,-2.283306164108038,-0.18408635207978663,1008,0.18,50,4.0476190476190474,-0.02532887840401618,-0.02532887840401618,0.14188334880541667,-0.17851903424377874
mid|eq_size,full,A,0.25,620994.7417457545,-0.37900525825424547,-0.11104342668693412,0.02181837700775405,-5.4773973770571445,-0.37951829899041845,1008,0.1,50,4.0476190476190474,-0.06079971560537035,-0.02532887840401618,0.14188334880541667,-0.17851903424377874
mid|eq_size,full,A,0.87,312110.978904144,-0.6878890210958559,-0.24999425895280525,0.021879794742231316,-13.364713375711029,-0.6880570760827399,1019,0.0,50,4.0476190476190474,-0.14876739186472868,-0.02532887840401618,0.14188334880541667,-0.17851903424377874
mid|eq_size,full,A,cs,53171.17131687206,-0.9468288286831279,-0.5156413411620415,0.02222797375952201,-33.166722138117784,-0.9468355939267861,1019,0.0,50,4.0476190476190474,-0.3750656437603988,-0.02532887840401618,0.14188334880541667,-0.17851903424377874
mid|eq_size,full,A,ar,121237.89556495716,-0.8787621044350429,-0.40624841969044,0.022054171159278792,-24.035180023243857,-0.8787826273427531,1019,0.0,50,4.0476190476190474,-0.26967642148794174,-0.02532887840401618,0.14188334880541667,-0.17851903424377874
mid|eq_size,full,A,tick,385749.59903052874,-0.6142504009694713,-0.20969793011339055,0.02185598888581982,-10.943329639565638,-0.6144657189025406,1019,0.0,50,4.0476190476190474,-0.1216815684657149,-0.02532887840401618,0.14188334880541667,-0.17851903424377874
mid|eq_size,full,B,0.0,939563.3041361748,-0.06043669586382516,-0.015283668145439355,0.021585006779056785,-0.715105384523548,-0.0693621608254198,520,0.34,50,4.0476190476190474,-0.007852846241697593,-0.007852846241697593,0.14188334880541667,-0.05534720111848527
mid|eq_size,full,B,0.25,711954.7686450998,-0.2880452313549001,-0.0805098857888552,0.021589803826866778,-3.9443170886847727,-0.2906876343795449,1008,0.16,50,4.0476190476190474,-0.04332368344305176,-0.007852846241697593,0.14188334880541667,-0.05534720111848527
mid|eq_size,full,B,0.87,357828.4756818397,-0.6421715243181603,-0.22423274262952175,0.02162915364113406,-11.931409842143333,-0.6423809735329293,1019,0.0,50,4.0476190476190474,-0.1312913597024101,-0.007852846241697593,0.14188334880541667,-0.05534720111848527
mid|eq_size,full,B,cs,60960.09283347849,-0.9390399071665215,-0.4990033750688363,0.02192345425451108,-32.06055635199725,-0.939049291991098,1019,0.0,50,4.0476190476190474,-0.3575896115980801,-0.007852846241697593,0.14188334880541667,-0.05534720111848527
mid|eq_size,full,B,ar,138997.3244602343,-0.8610026755397657,-0.38585321958450425,0.02176621153239872,-22.77498243185612,-0.8610299178832715,1019,0.0,50,4.0476190476190474,-0.25220038932562316,-0.007852846241697593,0.14188334880541667,-0.05534720111848527
mid|eq_size,full,B,tick,442253.10181059915,-0.5577468981894009,-0.18255250681581703,0.021612767874658777,-9.4771018384053,-0.5580159956794659,1019,0.0,50,4.0476190476190474,-0.1042055363033963,-0.007852846241697593,0.14188334880541667,-0.05534720111848527
mid|eq_size,full,C,0.0,990911.9940073782,-0.009088005992621717,-0.0022529950181230385,0.021191967457869373,-0.09768150188597588,-0.04137677306594112,647,0.5,50,4.0476190476190474,-0.0010531457108279435,-0.0010531457108279435,0.14188334880541667,-0.007422616675563959
mid|eq_size,full,C,0.25,750864.0927309614,-0.24913590726903856,-0.06834240198695762,0.021201994673511224,-3.386074844263504,-0.2532068194840261,1008,0.14,50,4.0476190476190474,-0.036523982912182104,-0.0010531457108279435,0.14188334880541667,-0.007422616675563959
mid|eq_size,full,C,0.87,377384.07488951104,-0.622615925110489,-0.21396724035035486,0.021254783717395205,-11.512740309246874,-0.62319569880499,1019,0.0,50,4.0476190476190474,-0.12449165917154043,-0.0010531457108279435,0.14188334880541667,-0.007422616675563959
mid|eq_size,full,C,cs,64291.41655471711,-0.9357085834452828,-0.49237420684549615,0.021603105050031345,-31.91729372221465,-0.9357283435897759,1019,0.0,50,4.0476190476190474,-0.3507899110672105,-0.0010531457108279435,0.14188334880541667,-0.007422616675563959
mid|eq_size,full,C,ar,146593.45202927265,-0.8534065479707273,-0.37772658517300006,0.021416448664680416,-22.522856214273542,-0.853471696773872,1019,0.0,50,4.0476190476190474,-0.2454006887947535,-0.0010531457108279435,0.14188334880541667,-0.007422616675563959
mid|eq_size,full,C,tick,466422.537850841,-0.533577462149159,-0.17173547676261502,0.0212372347341226,-9.015340894963671,-0.5344456803039589,1019,0.0,50,4.0476190476190474,-0.09740583577252664,-0.0010531457108279435,0.14188334880541667,-0.007422616675563959
mid|eq_size,hold,A,0.0,892880.3536177829,-0.10711964638221705,-0.0369195063108414,0.022077014492703613,-1.7214493142796652,-0.1266608274419232,520,0.1891891891891892,37,3.011904761904762,-0.019334789102465846,-0.019334789102465846,0.13704937671064416,-0.14107900062389836
mid|eq_size,hold,A,0.25,731393.4272410397,-0.26860657275896027,-0.09864473091857362,0.022092043862643518,-4.76870885421152,-0.27158016573307053,743,0.10810810810810811,37,3.011904761904762,-0.05359713328012688,-0.019334789102465846,0.13704937671064416,-0.14107900062389836
mid|eq_size,hold,A,0.87,445939.92712652124,-0.5540600728734788,-0.23518885843747128,0.02215465224779781,-12.293976007554134,-0.5550451223331156,757,0.0,37,3.011904761904762,-0.13856774684072626,-0.019334789102465846,0.13704937671064416,-0.14107900062389836
mid|eq_size,hold,A,cs,124431.22890533567,-0.8755687710946644,-0.4993868560045498,0.022477988176176356,-31.2858292127436,-0.8756595334247619,758,0.0,37,3.011904761904762,-0.35777497920529283,-0.019334789102465846,0.13704937671064416,-0.14107900062389836
mid|eq_size,hold,A,ar,239199.47418633453,-0.7608005258136654,-0.3780742031509887,0.022299229500263258,-21.643465621868963,-0.7609957754120256,758,0.0,37,3.011904761904762,-0.2455395843931187,-0.019334789102465846,0.13704937671064416,-0.14107900062389836
mid|eq_size,hold,A,tick,521518.4931200804,-0.47848150687991964,-0.19438216028245847,0.022129766336712972,-9.919626507959407,-0.479949943865678,756,0.0,37,3.011904761904762,-0.11168041146143959,-0.019334789102465846,0.13704937671064416,-0.14107900062389836
mid|eq_size,hold,B,0.0,977219.3019548944,-0.02278069804510552,-0.00762183991919918,0.021836044691260433,-0.3453347210444948,-0.069362160825434,520,0.40540540540540543,37,3.011904761904762,-0.003836357550962324,-0.003836357550962324,0.13704937671064416,-0.02799252096609037
mid|eq_size,hold,B,0.25,800479.4766098039,-0.1995205233901961,-0.0712245253266024,0.021842539148871538,-3.4284845551782377,-0.2108250599158027,714,0.1891891891891892,37,3.011904761904762,-0.03809870172862337,-0.003836357550962324,0.13704937671064416,-0.02799252096609037
mid|eq_size,hold,B,0.87,488063.63135218236,-0.5119363686478177,-0.21192190710833192,0.021884330534274177,-11.05380152039087,-0.513431891608932,756,0.0,37,3.011904761904762,-0.12306931528922273,-0.003836357550962324,0.13704937671064416,-0.02799252096609037
mid|eq_size,hold,B,cs,136185.80277864443,-0.8638141972213556,-0.4841563608094578,0.022159192327698758,-30.36115992491846,-0.8639633652968786,758,0.0,37,3.011904761904762,-0.34227654765378923,-0.003836357550962324,0.13704937671064416,-0.02799252096609037
mid|eq_size,hold,B,ar,261795.21630987313,-0.7382047836901269,-0.3591534001749095,0.0219961557138377,-20.556723452408594,-0.7385142615624103,758,0.0,37,3.011904761904762,-0.23004115284161517,-0.003836357550962324,0.13704937671064416,-0.02799252096609037
mid|eq_size,hold,B,tick,570780.9526478887,-0.42921904735211136,-0.1698740038266765,0.02186710175036849,-8.645649609591473,-0.43138425528926994,756,0.0,37,3.011904761904762,-0.09618197990993609,-0.003836357550962324,0.13704937671064416,-0.02799252096609037
mid|eq_size,hold,C,0.0,1004624.626442082,0.004624626442081947,0.0015330835374818275,0.021368525018456284,0.08357440136482125,-0.041376773065957884,647,0.5405405405405406,37,3.011904761904762,0.0009085580415479712,0.0009085580415479712,0.13704937671064416,0.00662942118639644
mid|eq_size,hold,C,0.25,822928.1885468111,-0.17707181145318884,-0.06265638466885626,0.02137835096586774,-3.066663192769919,-0.18855484618179952,714,0.16216216216216217,37,3.011904761904762,-0.03335378613611307,0.0009085580415479712,0.13704937671064416,0.00662942118639644
mid|eq_size,hold,C,0.87,501750.7959263583,-0.4982492040736417,-0.20465179749579887,0.0214289399853731,-10.853473863038055,-0.5004292447432845,756,0.0,37,3.011904761904762,-0.11832439969671242,0.0009085580415479712,0.13704937671064416,0.00662942118639644
mid|eq_size,hold,C,cs,140004.67617921394,-0.859995323820786,-0.47939800980199254,0.021751914558232766,-30.500863462087462,-0.8602360629213245,758,0.0,37,3.011904761904762,-0.33753163206127895,0.0009085580415479712,0.13704937671064416,0.00662942118639644
mid|eq_size,hold,C,ar,269136.84004254563,-0.7308631599574544,-0.3532416071256155,0.02155433812114376,-20.545390048531974,-0.7313547467445556,758,0.0,37,3.011904761904762,-0.22529623724910483,0.0009085580415479712,0.13704937671064416,0.00662942118639644
mid|eq_size,hold,C,tick,586787.7448580139,-0.4132122551419861,-0.1622160361078886,0.021412342135063264,-8.393696144431662,-0.41762150454166547,745,0.0,37,3.011904761904762,-0.09143706431742576,0.0009085580415479712,0.13704937671064416,0.00662942118639644
mid|eq_size,learn,A,0.0,917843.9555024097,-0.08215604449759029,-0.0794387604273541,0.020988855526747303,-4.008112283673985,-0.08611885735128044,249,0.15384615384615385,13,1.0357142857142858,-0.04279898741199353,-0.04279898741199353,0.15597223123420428,-0.274401328193655
mid|eq_size,learn,A,0.25,849057.0445625554,-0.15094295543744463,-0.1461387154095518,0.020998194998625375,-7.656393518396565,-0.15157043864529418,249,0.07692307692307693,13,1.0357142857142858,-0.08179204522054462,-0.04279898741199353,0.15597223123420428,-0.274401328193655
mid|eq_size,learn,A,0.87,699894.6717224373,-0.30010532827756276,-0.2914403980505246,0.021053252907831794,-16.66485633379899,-0.300424857061691,260,0.0,13,1.0357142857142858,-0.17849482858575125,-0.04279898741199353,0.15597223123420428,-0.274401328193655
mid|eq_size,learn,A,cs,427313.72007362574,-0.5726862799263743,-0.5599726156173481,0.0214676407280312,-38.955593025928316,-0.5727114758798858,260,0.0,13,1.0357142857142858,-0.4254602540842627,-0.04279898741199353,0.15597223123420428,-0.274401328193655
mid|eq_size,learn,A,ar,506848.50364893675,-0.49315149635106326,-0.48113451353853676,0.021293764218934568,-31.38723232244193,-0.49320117820765286,260,0.0,13,1.0357142857142858,-0.3400245851439767,-0.04279898741199353,0.15597223123420428,-0.274401328193655
mid|eq_size,learn,A,tick,739666.1942373563,-0.26033380576264364,-0.2526022638419847,0.021032943316560717,-14.095622651751205,-0.2606843207195608,260,0.0,13,1.0357142857142858,-0.15083050073560864,-0.04279898741199353,0.15597223123420428,-0.274401328193655
mid|eq_size,learn,B,0.0,961466.17474357,-0.03853382525643001,-0.03723012586485486,0.020835762359382563,-1.8451650749591033,-0.04573878779212093,249,0.15384615384615385,13,1.0357142857142858,-0.019559127500854794,-0.019559127500854794,0.15597223123420428,-0.12540134449628576
mid|eq_size,learn,B,0.25,889410.3964543453,-0.11058960354565472,-0.10698799313675078,0.020834776955435806,-5.52394564579877,-0.11380643370795174,249,0.07692307692307693,13,1.0357142857142858,-0.05855218530940587,-0.019559127500854794,0.15597223123420428,-0.12540134449628576
mid|eq_size,learn,B,0.87,733159.4749038635,-0.26684052509613654,-0.2589512470755293,0.020864535978271797,-14.626213913629314,-0.26720388933751127,260,0.0,13,1.0357142857142858,-0.15525496867461253,-0.019559127500854794,0.15597223123420428,-0.12540134449628576
mid|eq_size,learn,B,cs,447624.4336024033,-0.5523755663975967,-0.5397950981783888,0.021209598643359917,-37.27578348278677,-0.5524104190016471,260,0.0,13,1.0357142857142858,-0.40222039417312394,-0.019559127500854794,0.15597223123420428,-0.12540134449628576
mid|eq_size,learn,B,ar,530939.1302846029,-0.4690608697153972,-0.4573423245282401,0.02105612942954579,-29.57200932873911,-0.4691229460233287,260,0.0,13,1.0357142857142858,-0.3167847252328379,-0.019559127500854794,0.15597223123420428,-0.12540134449628576
mid|eq_size,learn,B,tick,774821.0583394015,-0.2251789416605985,-0.21833249799487342,0.020850883462998755,-12.027891482374114,-0.22557902825794807,260,0.0,13,1.0357142857142858,-0.1275906408244699,-0.019559127500854794,0.15597223123420428,-0.12540134449628576
mid|eq_size,learn,C,0.0,986350.4914434591,-0.013649508556540901,-0.013181952006791398,0.020669096327057466,-0.6438778011201363,-0.031299974545883624,249,0.38461538461538464,13,1.0357142857142858,-0.006770641175318498,-0.006770641175318498,0.15597223123420428,-0.043409273059329775
mid|eq_size,learn,C,0.25,912429.6666236448,-0.08757033337635522,-0.08468236034444698,0.02067939822555558,-4.349890927267412,-0.09121582271404272,249,0.07692307692307693,13,1.0357142857142858,-0.045763698983869575,-0.006770641175318498,0.15597223123420428,-0.043409273059329775
mid|eq_size,learn,C,0.87,752134.4818053682,-0.24786551819463176,-0.24044159838227663,0.02073732569403254,-13.50377198280333,-0.24844581020750567,260,0.0,13,1.0357142857142858,-0.14246648234907622,-0.006770641175318498,0.15597223123420428,-0.043409273059329775
mid|eq_size,learn,C,cs,459209.06579164526,-0.5407909342083548,-0.5283006635117409,0.021154644895132368,-36.18436338023099,-0.5408681786224857,260,0.0,13,1.0357142857142858,-0.3894319078475877,-0.006770641175318498,0.15597223123420428,-0.043409273059329775
mid|eq_size,learn,C,ar,544679.9925498851,-0.4553200074501149,-0.4437884608595625,0.02098834934580159,-28.469842832862902,-0.45548466915596797,260,0.0,13,1.0357142857142858,-0.30399623890730165,-0.006770641175318498,0.15597223123420428,-0.043409273059329775
mid|eq_size,learn,C,tick,794874.3680113942,-0.20512563198860578,-0.19880823697748184,0.02071703282978546,-10.892250677841915,-0.20575538420210104,260,0.0,13,1.0357142857142858,-0.11480215449893359,-0.006770641175318498,0.15597223123420428,-0.043409273059329775
mid|lw_filt,full,A,0.0,974016.0771914511,-0.025983922808548887,-0.0064833255092607844,0.04303907189206266,-0.13222608711384468,-0.08696322108970533,574,0.42,50,4.0476190476190474,-0.002895242200498021,-0.002895242200498021,0.03681712714064535,-0.07863846055771509
mid|lw_filt,full,A,0.25,906366.6071918836,-0.09363339280811633,-0.023996104769690274,0.0430494851597695,-0.5524531654199084,-0.13481994520468388,968,0.4,50,4.0476190476190474,-0.012099523985659359,-0.002895242200498021,0.03681712714064535,-0.07863846055771509
mid|lw_filt,full,A,0.87,758173.5541189889,-0.2418264458810111,-0.06610988268938667,0.04313991056214446,-1.5913530051033096,-0.2710019100451154,968,0.34,50,4.0476190476190474,-0.034926142812859474,-0.002895242200498021,0.03681712714064535,-0.07863846055771509
mid|lw_filt,full,A,cs,483696.4276900203,-0.5163035723099797,-0.16426046561756946,0.04380663234656263,-4.145189620286039,-0.5275229057727644,968,0.1,50,4.0476190476190474,-0.09238237571360301,-0.002895242200498021,0.03681712714064535,-0.07863846055771509
mid|lw_filt,full,A,ar,587154.0049959403,-0.4128459950040597,-0.12326539631359978,0.04344080816723301,-3.0590162227764295,-0.4271721114340459,968,0.16,50,4.0476190476190474,-0.06760588976093031,-0.002895242200498021,0.03681712714064535,-0.07863846055771509
mid|lw_filt,full,A,tick,806284.799313706,-0.193715200686294,-0.05180611111197708,0.043096790560171065,-1.234178977689719,-0.22693422227007176,968,0.34,50,4.0476190476190474,-0.02706000860564705,-0.002895242200498021,0.03681712714064535,-0.07863846055771509
mid|lw_filt,full,B,0.0,970622.9522295843,-0.02937704777041572,-0.007339534173323448,0.04290929903065881,-0.15319683913220228,-0.08792348706438946,574,0.44,50,4.0476190476190474,-0.003344306563326917,-0.003344306563326917,0.03681712714064535,-0.09083561980681734
mid|lw_filt,full,B,0.25,903209.2384638916,-0.09679076153610844,-0.02483719709536636,0.04291915604912421,-0.5746968842900124,-0.1379539238759493,968,0.4,50,4.0476190476190474,-0.01254858834848826,-0.003344306563326917,0.03681712714064535,-0.09083561980681734
mid|lw_filt,full,B,0.87,755532.6084402549,-0.24446739155974506,-0.0669146258399389,0.04300840091722697,-1.616742444304213,-0.2736424311186706,968,0.34,50,4.0476190476190474,-0.03537520717568838,-0.003344306563326917,0.03681712714064535,-0.09083561980681734
mid|lw_filt,full,B,cs,482011.8344503313,-0.5179881655496688,-0.16498051735527286,0.043673924134861875,-4.1779959604908,-0.5293187466759799,968,0.1,50,4.0476190476190474,-0.09283144007643192,-0.003344306563326917,0.03681712714064535,-0.09083561980681734
mid|lw_filt,full,B,ar,585109.0933765126,-0.4148909066234874,-0.12402076894584402,0.04330699677552378,-3.088850019294446,-0.4293493632774884,968,0.18,50,4.0476190476190474,-0.06805495412375921,-0.003344306563326917,0.03681712714064535,-0.09083561980681734
mid|lw_filt,full,B,tick,803476.1968989513,-0.19652380310104867,-0.05262320061594494,0.04296567099472811,-1.258489221161493,-0.2297344188586914,968,0.34,50,4.0476190476190474,-0.027509072968475948,-0.003344306563326917,0.03681712714064535,-0.09083561980681734
mid|lw_filt,full,C,0.0,957090.3694582001,-0.04290963054179997,-0.010776881769839375,0.04212379797419215,-0.24061964166117494,-0.08682429891220145,574,0.44,50,4.0476190476190474,-0.005156600108851157,-0.005156600108851157,0.03681712714064535,-0.1400598175178741
mid|lw_filt,full,C,0.25,890616.390187242,-0.10938360981275808,-0.028213997151352976,0.04213490419332028,-0.6699374305292943,-0.14036431255824533,968,0.4,50,4.0476190476190474,-0.014360881894012502,-0.005156600108851157,0.03681712714064535,-0.1400598175178741
mid|lw_filt,full,C,0.87,744998.3889689242,-0.2550016110310759,-0.07014582124688773,0.04222844309901957,-1.7309601314501837,-0.27607657987482337,968,0.36,50,4.0476190476190474,-0.037187500721212616,-0.005156600108851157,0.03681712714064535,-0.1400598175178741
mid|lw_filt,full,C,cs,475290.0448805309,-0.5247099551194692,-0.16787264146345315,0.04292105590798893,-4.3342764727437855,-0.5309191522391125,968,0.12,50,4.0476190476190474,-0.09464373362195615,-0.005156600108851157,0.03681712714064535,-0.1400598175178741
mid|lw_filt,full,C,ar,576949.6869716682,-0.42305031302833185,-0.12705472023337316,0.04254647602249901,-3.2277893460817175,-0.4312898150271465,968,0.18,50,4.0476190476190474,-0.06986724766928346,-0.005156600108851157,0.03681712714064535,-0.1400598175178741
mid|lw_filt,full,C,tick,792273.4504819372,-0.2077265495180628,-0.05590390379267596,0.042185381137146774,-1.3662097263634412,-0.2315719166211232,968,0.36,50,4.0476190476190474,-0.02932136651400018,-0.005156600108851157,0.03681712714064535,-0.1400598175178741
mid|lw_filt,hold,A,0.0,990247.4924411852,-0.009752507558814849,-0.0032485912292735675,0.046718415228244395,-0.047454252696016226,-0.08696322108970755,574,0.43243243243243246,37,3.011904761904762,-0.0011278935092585065,-0.0011278935092585065,0.03837112642335513,-0.02939432887151309
mid|lw_filt,hold,A,0.25,936451.2048228885,-0.06354879517711154,-0.02156355755843742,0.04672960726302054,-0.4509466319206794,-0.12173590614471419,574,0.40540540540540543,37,3.011904761904762,-0.01072067511509729,-0.0011278935092585065,0.03837112642335513,-0.02939432887151309
mid|lw_filt,hold,A,0.87,815304.7817729553,-0.1846952182270447,-0.06554835164774431,0.04681944748385488,-1.448850425033959,-0.2152102684687186,670,0.35135135135135137,37,3.011904761904762,-0.03451077349757747,-0.0011278935092585065,0.03837112642335513,-0.02939432887151309
mid|lw_filt,hold,A,cs,573346.16771711,-0.42665383228289,-0.16863718429250196,0.04748403845818367,-3.930861203490987,-0.43130624864975886,755,0.10810810810810811,37,3.011904761904762,-0.09495989242996956,-0.0011278935092585065,0.03837112642335513,-0.02939432887151309
mid|lw_filt,hold,A,ar,674546.1193880115,-0.32545388061198843,-0.12253629042588521,0.047100752073842816,-2.7982305301298753,-0.3310974641166312,755,0.16216216216216217,37,3.011904761904762,-0.0670526874466346,-0.0011278935092585065,0.03837112642335513,-0.02939432887151309
mid|lw_filt,hold,A,tick,855515.9361545998,-0.14448406384540025,-0.05049193273708241,0.04677671593774734,-1.1027844912870308,-0.18349519224547184,670,0.35135135135135137,37,3.011904761904762,-0.026243710261236605,-0.0011278935092585065,0.03837112642335513,-0.02939432887151309
mid|lw_filt,hold,B,0.0,990011.37739124,-0.00998862260875999,-0.003327506332830077,0.04657879818840494,-0.049464554056325966,-0.08792348706440112,574,0.4594594594594595,37,3.011904761904762,-0.0011721609080530368,-0.0011721609080530368,0.03837112642335513,-0.030547993173835643
mid|lw_filt,hold,B,0.25,936228.0397606683,-0.06377196023933174,-0.021640980025593337,0.04658908457918973,-0.4541744315525198,-0.12274023479282226,574,0.40540540540540543,37,3.011904761904762,-0.010764942513891824,-0.0011721609080530368,0.03837112642335513,-0.030547993173835643
mid|lw_filt,hold,B,0.87,815110.7521939722,-0.18488924780602778,-0.06562219273354841,0.04667687049538207,-1.4551401511082143,-0.21586172165252437,670,0.35135135135135137,37,3.011904761904762,-0.034555040896372,-0.0011721609080530368,0.03837112642335513,-0.030547993173835643
mid|lw_filt,hold,B,cs,573210.2631350772,-0.42678973686492283,-0.16870261791012664,0.04733680190034345,-3.9449259152013774,-0.43179446624476936,755,0.10810810810810811,37,3.011904761904762,-0.09500415982876409,-0.0011721609080530368,0.03837112642335513,-0.030547993173835643
mid|lw_filt,hold,B,ar,674386.1803590812,-0.32561381964091873,-0.12260537246225811,0.04695275475752874,-2.808903867840215,-0.3316717432787334,755,0.1891891891891892,37,3.011904761904762,-0.06709695484542914,-0.0011721609080530368,0.03837112642335513,-0.030547993173835643
mid|lw_filt,hold,B,tick,855312.2362752656,-0.14468776372473446,-0.05056700070018916,0.04663485144575792,-1.1080050066988572,-0.1841730600110122,670,0.35135135135135137,37,3.011904761904762,-0.026287977660031128,-0.0011721609080530368,0.03837112642335513,-0.030547993173835643
mid|lw_filt,hold,C,0.0,983766.0659586047,-0.01623393404139528,-0.005419413623993008,0.045782772576255334,-0.09778806013847646,-0.0868242989122121,574,0.4594594594594595,37,3.011904761904762,-0.0022776803612093274,-0.0022776803612093274,0.03837112642335513,-0.05935922589499445
mid|lw_filt,hold,C,0.25,930321.9646034472,-0.06967803539655282,-0.02369446548651466,0.04579364288652873,-0.5095157006889613,-0.12147779074509502,574,0.43243243243243246,37,3.011904761904762,-0.011870461967048105,-0.0022776803612093274,0.03837112642335513,-0.05935922589499445
mid|lw_filt,hold,C,0.87,809968.6299304006,-0.19003137006959936,-0.06758340392583595,0.045883953415942536,-1.5276451178393504,-0.20886346033433878,681,0.3783783783783784,37,3.011904761904762,-0.03566056034952829,-0.0022776803612093274,0.03837112642335513,-0.05935922589499445
mid|lw_filt,hold,C,cs,569593.4579121905,-0.4304065420878095,-0.17044781238242168,0.04656449887128764,-4.057021769282464,-0.43316930512742813,755,0.13513513513513514,37,3.011904761904762,-0.09610967928192038,-0.0022776803612093274,0.03837112642335513,-0.05935922589499445
mid|lw_filt,hold,C,ar,670130.830677976,-0.32986916932202404,-0.1244474073341355,0.04617545938082913,-2.9032474236078163,-0.33328894178777424,755,0.21621621621621623,37,3.011904761904762,-0.06820247429858542,-0.0022776803612093274,0.03837112642335513,-0.05935922589499445
mid|lw_filt,hold,C,tick,849916.3798372785,-0.15008362016272148,-0.052559857606848004,0.04584225217912633,-1.1745639746338346,-0.17616603787994134,574,0.3783783783783784,37,3.011904761904762,-0.027393497113187417,-0.0022776803612093274,0.03837112642335513,-0.05935922589499445
mid|lw_filt,learn,A,0.0,983608.7287535415,-0.01639127124645856,-0.015830553060885877,0.029830985582088486,-0.5301791275659227,-0.05354741606725877,209,0.38461538461538464,13,1.0357142857142858,-0.008046278953166097,-0.008046278953166097,0.032287909189181646,-0.24920408769800662
mid|lw_filt,learn,A,0.25,967873.8224948917,-0.032126177505108267,-0.031035752852234144,0.029838757866744336,-1.0617749112545054,-0.06715040217667445,209,0.38461538461538464,13,1.0357142857142858,-0.016118256250461507,-0.008046278953166097,0.032287909189181646,-0.24920408769800662
mid|lw_filt,learn,A,0.87,929926.5392142939,-0.07007346078570609,-0.0677409240693615,0.029939427266183302,-2.3724707464105244,-0.10005017890264978,209,0.3076923076923077,13,1.0357142857142858,-0.03613675994775413,-0.008046278953166097,0.032287909189181646,-0.24920408769800662
mid|lw_filt,learn,A,cs,843637.6746285036,-0.1563623253714964,-0.15140139803693342,0.03066946461522558,-5.439305505115505,-0.17184479829877886,209,0.07692307692307693,13,1.0357142857142858,-0.08487005887288444,-0.008046278953166097,0.032287909189181646,-0.24920408769800662
mid|lw_filt,learn,A,ar,870443.0847940502,-0.1295569152059498,-0.12538222900453033,0.030353729809357913,-4.482327264690158,-0.14708689291265575,209,0.15384615384615385,13,1.0357142857142858,-0.0692182288916989,-0.008046278953166097,0.032287909189181646,-0.24920408769800662
mid|lw_filt,learn,A,tick,942454.4479414615,-0.05754555205853851,-0.05561747561950392,0.029890942600462055,-1.9358909324930942,-0.08904957800357272,209,0.3076923076923077,13,1.0357142857142858,-0.029439155852618058,-0.008046278953166097,0.032287909189181646,-0.24920408769800662
mid|lw_filt,learn,B,0.0,980415.9572259167,-0.01958404277408332,-0.018915159149950678,0.02973527135721274,-0.6395592697190724,-0.055454414006760655,209,0.38461538461538464,13,1.0357142857142858,-0.009675146741003985,-0.009675146741003985,0.032287909189181646,-0.2996523151844632
mid|lw_filt,learn,B,0.25,964732.0952860861,-0.035267904713913945,-0.03407273226328822,0.02974404826742801,-1.1727975525067194,-0.06902998540189398,209,0.38461538461538464,13,1.0357142857142858,-0.017747124038299405,-0.009675146741003985,0.032287909189181646,-0.2996523151844632
mid|lw_filt,learn,B,0.87,926907.9157729702,-0.07309208422702984,-0.07066293128672385,0.029847458214814566,-2.4870498969401384,-0.10186345808431518,209,0.3076923076923077,13,1.0357142857142858,-0.03776562773559202,-0.009675146741003985,0.032287909189181646,-0.2996523151844632
mid|lw_filt,learn,B,cs,840898.8209911949,-0.15910117900880505,-0.15406150769252092,0.03059190754019332,-5.557753795539923,-0.17351348680140688,209,0.07692307692307693,13,1.0357142857142858,-0.08649892666072233,-0.009675146741003985,0.032287909189181646,-0.2996523151844632
mid|lw_filt,learn,B,ar,867617.2650289965,-0.1323827349710035,-0.1281238457563193,0.030273375635786214,-4.599984319841806,-0.14880544369310122,209,0.15384615384615385,13,1.0357142857142858,-0.0708470966795368,-0.009675146741003985,0.032287909189181646,-0.2996523151844632
mid|lw_filt,learn,B,tick,939395.185549932,-0.060604814450068045,-0.05857745487430477,0.029797912544724636,-2.0493820557403923,-0.09088502836452894,209,0.3076923076923077,13,1.0357142857142858,-0.03106802364045595,-0.009675146741003985,0.032287909189181646,-0.2996523151844632
mid|lw_filt,learn,C,0.0,972884.1058626956,-0.02711589413730442,-0.026193219314443628,0.028930829884710067,-0.9204269773338112,-0.054997180084730424,209,0.38461538461538464,13,1.0357142857142858,-0.0135473729662914,-0.0135473729662914,0.032287909189181646,-0.41958037254485864
mid|lw_filt,learn,C,0.25,957320.6095019955,-0.04267939049800451,-0.04123846632477057,0.028944075832421673,-1.4681759101289227,-0.06857917811824388,209,0.3076923076923077,13,1.0357142857142858,-0.02161935026358681,-0.0135473729662914,0.032287909189181646,-0.41958037254485864
mid|lw_filt,learn,C,0.87,919786.7194349652,-0.08021328056503485,-0.07755750372423265,0.029060770763931612,-2.816283381137413,-0.10142820290571097,209,0.3076923076923077,13,1.0357142857142858,-0.041637853960879434,-0.0135473729662914,0.032287909189181646,-0.41958037254485864
mid|lw_filt,learn,C,cs,834437.3311847523,-0.16556266881524773,-0.1603384108213094,0.029866777883039593,-5.947529352123828,-0.17361836068591008,209,0.07692307692307693,13,1.0357142857142858,-0.09037115288600975,-0.0135473729662914,0.032287909189181646,-0.41958037254485864
mid|lw_filt,learn,C,ar,860950.8181976301,-0.13904918180236991,-0.13459286957785532,0.029527196274286308,-4.974000908769736,-0.148407565812537,209,0.07692307692307693,13,1.0357142857142858,-0.07471932290482422,-0.0135473729662914,0.032287909189181646,-0.41958037254485864
mid|lw_filt,learn,C,tick,932178.1169032495,-0.06782188309675052,-0.06556162500336049,0.029007655470490043,-2.367601035732548,-0.09044456329598782,209,0.3076923076923077,13,1.0357142857142858,-0.03494024986574336,-0.0135473729662914,0.032287909189181646,-0.41958037254485864
mid|lw_sign,full,A,0.0,1111752.2341310934,0.11175223413109348,0.026518273961782413,0.05463237664502906,0.5146869303012557,-0.0935996400036545,547,0.5,50,4.0476190476190474,0.01430533691009973,0.01430533691009973,0.05612692507435828,0.25487476627568106
mid|lw_sign,full,A,0.25,996207.7697713077,-0.0037922302286922394,-0.0009382444937215961,0.05464021735546448,0.009842553250725515,-0.129828463156896,547,0.44,50,4.0476190476190474,0.0002736056415101616,0.01430533691009973,0.05612692507435828,0.25487476627568106
mid|lw_sign,full,A,0.87,758844.6736215473,-0.24115532637845272,-0.06590571702744896,0.05470931030113572,-1.2404198190715847,-0.2537162595818683,952,0.26,50,4.0476190476190474,-0.03452508790459196,0.01430533691009973,0.05612692507435828,0.25487476627568106
mid|lw_sign,full,A,cs,374562.936005739,-0.625437063994261,-0.21542306070408668,0.055227988772588714,-4.441363024484855,-0.6259085059720415,1019,0.06,50,4.0476190476190474,-0.12479016445423294,0.01430533691009973,0.05612692507435828,0.25487476627568106
mid|lw_sign,full,A,ar,511331.06256657344,-0.48866893743342654,-0.15270956763398602,0.05494477594352895,-3.0407391640787402,-0.4898533963500461,1006,0.12,50,4.0476190476190474,-0.08499833744048632,0.01430533691009973,0.05612692507435828,0.25487476627568106
mid|lw_sign,full,A,tick,832325.0801212129,-0.16767491987878713,-0.044330605816863766,0.05467714133361523,-0.8163201251655411,-0.19847819156142532,673,0.32,50,4.0476190476190474,-0.022707596081171528,0.01430533691009973,0.05612692507435828,0.25487476627568106
mid|lw_sign,full,B,0.0,1101888.019385853,0.10188801938585312,0.02426051611618174,0.05451842180135079,0.47456150182824486,-0.10012913087500075,547,0.5,50,4.0476190476190474,0.013162568237359975,0.013162568237359975,0.05612692507435828,0.23451433015298617
mid|lw_sign,full,B,0.25,987368.4756939702,-0.012631524306029762,-0.003135680337793323,0.05452747675155931,-0.031331485628225623,-0.13609712721663947,547,0.42,50,4.0476190476190474,-0.0008691630312295929,0.013162568237359975,0.05612692507435828,0.23451433015298617
mid|lw_sign,full,B,0.87,752110.9829206112,-0.24788901707938882,-0.06796041176909218,0.05459967916839352,-1.2840503819111737,-0.26035961643339534,952,0.28,50,4.0476190476190474,-0.03566785657733172,0.013162568237359975,0.05612692507435828,0.23451433015298617
mid|lw_sign,full,B,cs,371238.440737123,-0.628761559262877,-0.21714926867548123,0.05512852572182225,-4.490121404723017,-0.6292392762775301,1019,0.06,50,4.0476190476190474,-0.12593293312697268,0.013162568237359975,0.05612692507435828,0.23451433015298617
mid|lw_sign,full,B,ar,506793.4929804443,-0.4932065070195557,-0.1545734127330769,0.05483740434491087,-3.0876544978531713,-0.4946393747294954,1006,0.1,50,4.0476190476190474,-0.08614110611322606,0.013162568237359975,0.05612692507435828,0.23451433015298617
mid|lw_sign,full,B,tick,824939.4724793539,-0.17506052752064616,-0.04643272447302371,0.05456682219647559,-0.8591351864231517,-0.2049234103159393,673,0.3,50,4.0476190476190474,-0.023850364753911286,0.013162568237359975,0.05612692507435828,0.23451433015298617
mid|lw_sign,full,C,0.0,1131859.2400241364,0.1318592400241363,0.03107413415407856,0.0536816554399559,0.6067659311855934,-0.07216692593857932,547,0.46,50,4.0476190476190474,0.016571123143370486,0.016571123143370486,0.05612692507435828,0.295243737678782
mid|lw_sign,full,C,0.25,1014225.1706534475,0.014225170653447528,0.00349578769127068,0.05368925990498901,0.0929688484792385,-0.10880535795590451,547,0.44,50,4.0476190476190474,0.002539391874780917,0.016571123143370486,0.05612692507435828,0.295243737678782
mid|lw_sign,full,C,0.87,772569.3497814022,-0.22743065021859787,-0.06175995687759661,0.053758646045589886,-1.179510423520995,-0.23495958567260722,1006,0.28,50,4.0476190476190474,-0.03225930167132121,0.016571123143370486,0.05612692507435828,0.295243737678782
mid|lw_sign,full,C,cs,381337.18117936654,-0.6186628188206335,-0.2119410028719786,0.05428997555334288,-4.4360660578027105,-0.6192690635416018,1019,0.08,50,4.0476190476190474,-0.1225243782209622,0.016571123143370486,0.05612692507435828,0.295243737678782
mid|lw_sign,full,C,ar,520578.9797964377,-0.47942102020356225,-0.14894913032211154,0.054000279352312865,-3.01144928514037,-0.4802910430433852,1019,0.12,50,4.0476190476190474,-0.08273255120721554,0.016571123143370486,0.05612692507435828,0.295243737678782
mid|lw_sign,full,C,tick,847378.4536142563,-0.15262154638574366,-0.04008917065252526,0.053727370947599766,-0.7478575766571881,-0.1746068183276307,547,0.3,50,4.0476190476190474,-0.020441809847900772,0.016571123143370486,0.05612692507435828,0.295243737678782
mid|lw_sign,hold,A,0.0,1067696.2113627526,0.06769621136275261,0.02198632992160543,0.05762392381588256,0.41254577280493787,-0.0935996400036555,547,0.4864864864864865,37,3.011904761904762,0.012094274614711097,0.012094274614711097,0.05614868091170065,0.21539730619372052
mid|lw_sign,hold,A,0.25,983898.5210800976,-0.016101478919902323,-0.005374954988297875,0.05763308224242717,-0.06626325486583462,-0.12982846315687602,547,0.40540540540540543,37,3.011904761904762,-0.0019428956132140599,0.012094274614711097,0.05614868091170065,0.21539730619372052
mid|lw_sign,hold,A,0.87,803365.2653817355,-0.19663473461826453,-0.07011417083474614,0.057703024926498016,-1.2520276185413874,-0.24310397723054,673,0.2702702702702703,37,3.011904761904762,-0.036755077778468453,0.012094274614711097,0.05614868091170065,0.21539730619372052
mid|lw_sign,hold,A,cs,473250.5004712214,-0.5267494995287786,-0.21994522028845298,0.05821215977451508,-4.309313474045973,-0.5382422795001411,743,0.08108108108108109,37,3.011904761904762,-0.12762232624625292,0.012094274614711097,0.05614868091170065,0.21539730619372052
mid|lw_sign,hold,A,ar,610126.6090134335,-0.3898733909865666,-0.1512964160633704,0.05791047266601766,-2.851206196587279,-0.40623494944467087,743,0.10810810810810811,37,3.011904761904762,-0.08400218687049642,0.012094274614711097,0.05614868091170065,0.21539730619372052
mid|lw_sign,hold,A,tick,861987.1151304505,-0.13801288486954955,-0.0481133472144879,0.057671090166923414,-0.840490203091912,-0.1984781915614292,673,0.32432432432432434,37,3.011904761904762,-0.02466014768362303,0.012094274614711097,0.05614868091170065,0.21539730619372052
mid|lw_sign,hold,B,0.0,1060970.2590238787,0.06097025902387876,0.019844298037607455,0.05750112009688759,0.3762040425224173,-0.10012913087499808,547,0.4864864864864865,37,3.011904761904762,0.01100536926638997,0.01100536926638997,0.05614868091170065,0.19600405722259087
mid|lw_sign,hold,B,0.25,977700.268825954,-0.022299731174046045,-0.007459700836323635,0.05751135406053134,-0.10361967766784541,-0.13609712721663036,547,0.3783783783783784,37,3.011904761904762,-0.003031800961535194,0.01100536926638997,0.05614868091170065,0.19600405722259087
mid|lw_sign,hold,B,0.87,798303.9444875296,-0.20169605551247038,-0.0720633659168074,0.057584060166045836,-1.2917834035933273,-0.24886899447421096,673,0.2972972972972973,37,3.011904761904762,-0.0378439831267896,0.01100536926638997,0.05614868091170065,0.19600405722259087
mid|lw_sign,hold,B,cs,470268.21108883456,-0.5297317889111655,-0.22158075168646685,0.05810310340342999,-4.3542389649252335,-0.5412082210194389,743,0.08108108108108109,37,3.011904761904762,-0.12871123159457404,0.01100536926638997,0.05614868091170065,0.19600405722259087
mid|lw_sign,hold,B,ar,606282.5982763823,-0.3937174017236177,-0.15307549634586815,0.05779296506791916,-2.894038239234605,-0.4100479827384823,743,0.08108108108108109,37,3.011904761904762,-0.08509109221881754,0.01100536926638997,0.05614868091170065,0.19600405722259087
mid|lw_sign,hold,B,tick,856556.5428509895,-0.14344345714901052,-0.05010863205939342,0.05755158488112221,-0.8794256273590663,-0.2049234103159302,673,0.32432432432432434,37,3.011904761904762,-0.025749053031944174,0.01100536926638997,0.05614868091170065,0.19600405722259087
mid|lw_sign,hold,C,0.0,1103281.0625880589,0.10328106258805891,0.033171651237660305,0.05661118120204755,0.6144054919538355,-0.07216692593857532,547,0.4594594594594595,37,3.011904761904762,0.017695472444307976,0.017695472444307976,0.05614868091170065,0.31515384078453873
mid|lw_sign,hold,C,0.25,1016691.1388226117,0.01669113882261164,0.005511112040495814,0.056617141717286705,0.1270067442194195,-0.1088053579558852,547,0.43243243243243246,37,3.011904761904762,0.0036583022163828105,0.017695472444307976,0.05614868091170065,0.31515384078453873
mid|lw_sign,hold,C,0.87,830142.1149261277,-0.16985788507387234,-0.05993618908556231,0.05668001043062637,-1.0803820599583696,-0.21669494511787657,673,0.32432432432432434,37,3.011904761904762,-0.031153879948871595,0.017695472444307976,0.05614868091170065,0.31515384078453873
mid|lw_sign,hold,C,cs,489025.7077443964,-0.5109742922556035,-0.2114064703060604,0.057183910911874046,-4.194269440322175,-0.5208121387490872,743,0.08108108108108109,37,3.011904761904762,-0.12202112841665606,0.017695472444307976,0.05614868091170065,0.31515384078453873
mid|lw_sign,hold,C,ar,630463.1954863012,-0.36953680451369875,-0.1420067604995794,0.056887149989212564,-2.7089594765780127,-0.3838232563150622,743,0.13513513513513514,37,3.011904761904762,-0.07840098904089955,0.017695472444307976,0.05614868091170065,0.31515384078453873
mid|lw_sign,hold,C,tick,890717.4033147183,-0.10928259668528173,-0.03769472874881685,0.056650417800006965,-0.6612885356878906,-0.17460681832763636,547,0.35135135135135137,37,3.011904761904762,-0.01905894985402616,0.017695472444307976,0.05614868091170065,0.31515384078453873
mid|lw_sign,learn,A,0.0,1041262.6946686378,0.041262694668637856,0.039811895059941094,0.04478879975672038,0.9106164386954416,-0.038290078883777556,157,0.5384615384615384,13,1.0357142857142858,0.020749601815175003,0.020749601815175003,0.05606351646784437,0.3701088180416954
mid|lw_sign,learn,A,0.25,1012510.6892911507,0.012510689291150623,0.01207669186082394,0.0447918956975014,0.29549553841159676,-0.05230735918354512,157,0.5384615384615384,13,1.0357142857142858,0.006733722698213913,0.020749601815175003,0.05606351646784437,0.3701088180416954
mid|lw_sign,learn,A,0.87,944582.3790514158,-0.055417620948584156,-0.05355879831291488,0.044859538609105264,-1.2279937358542152,-0.08694880924592152,193,0.23076923076923078,13,1.0357142857142858,-0.028025657511849596,0.020749601815175003,0.05606351646784437,0.3701088180416954
mid|lw_sign,learn,A,cs,791468.6527172885,-0.2085313472827115,-0.20212289314095566,0.045426682658860074,-5.042466235483773,-0.21160346886413173,260,0.0,13,1.0357142857142858,-0.11653567027744108,0.020749601815175003,0.05606351646784437,0.3701088180416954
mid|lw_sign,learn,A,ar,838073.6965289699,-0.1619263034710301,-0.15680572088207456,0.04520574661416698,-3.822070057420416,-0.16820704231955141,247,0.15384615384615385,13,1.0357142857142858,-0.08790167407272179,0.020749601815175003,0.05606351646784437,0.3701088180416954
mid|lw_sign,learn,A,tick,965588.7721654038,-0.03441122783459616,-0.033244583931602456,0.04482571175431699,-0.7461827546973948,-0.07455674308143845,162,0.3076923076923077,13,1.0357142857142858,-0.017016775070262332,0.020749601815175003,0.05606351646784437,0.3701088180416954
mid|lw_sign,learn,B,0.0,1038566.3594374781,0.038566359437478104,0.03721204801320499,0.04470516457441309,0.8551722516356982,-0.03989363589274808,157,0.5384615384615384,13,1.0357142857142858,0.0194498454664455,0.0194498454664455,0.05606351646784437,0.34692517865162986
mid|lw_sign,learn,B,0.25,1009888.7227264723,0.009888722726472343,0.009546109967953242,0.04471002618064196,0.23889505708165046,-0.05417718041992481,162,0.5384615384615384,13,1.0357142857142858,0.005433966349484404,0.0194498454664455,0.05606351646784437,0.34692517865162986
mid|lw_sign,learn,B,0.87,942136.1226060414,-0.057863877393958596,-0.05592545478771582,0.04478215035169089,-1.2871653779836374,-0.08957813118297464,193,0.23076923076923078,13,1.0357142857142858,-0.029325413860579106,0.0194498454664455,0.05606351646784437,0.34692517865162986
mid|lw_sign,learn,B,cs,789418.531772698,-0.21058146822730195,-0.20411843670884133,0.04536063254999027,-5.106130614936731,-0.21431788428939225,260,0.0,13,1.0357142857142858,-0.11783542662617054,0.0194498454664455,0.05606351646784437,0.34692517865162986
mid|lw_sign,learn,B,ar,835903.0828547999,-0.16409691714520003,-0.15891438505616662,0.04513360699242921,-3.8847843839694787,-0.17147173977413088,247,0.15384615384615385,13,1.0357142857142858,-0.0892014304214513,0.0194498454664455,0.05606351646784437,0.34692517865162986
mid|lw_sign,learn,B,tick,963088.1689766922,-0.03691183102330775,-0.03566198455090164,0.04474706720504496,-0.8045884659254545,-0.07670546528370581,162,0.23076923076923078,13,1.0357142857142858,-0.018316531418991835,0.0194498454664455,0.05606351646784437,0.34692517865162986
mid|lw_sign,learn,C,0.0,1025902.8985497698,0.025902898549769793,0.02499862425029331,0.04404680355020121,0.5932546199525109,-0.043395559102572756,162,0.46153846153846156,13,1.0357142857142858,0.0132941441291705,0.0132941441291705,0.05606351646784437,0.23712647665965533
mid|lw_sign,learn,C,0.25,997574.5159223132,-0.0024254840776868347,-0.002341944710670729,0.04406075557733316,-0.032197411810409395,-0.05767024435485546,162,0.46153846153846156,13,1.0357142857142858,-0.0007217349877905974,0.0132941441291705,0.05606351646784437,0.23712647665965533
mid|lw_sign,learn,C,0.87,930647.0975155177,-0.06935290248448223,-0.06704347686679846,0.04415625984567737,-1.579429061171478,-0.10363966249752299,247,0.15384615384615385,13,1.0357142857142858,-0.03548111519785411,0.0132941441291705,0.05606351646784437,0.23712647665965533
mid|lw_sign,learn,C,cs,779789.6411995736,-0.2202103588004264,-0.2134933901808822,0.04480275565275733,-5.439776138188264,-0.23035647766434164,260,0.07692307692307693,13,1.0357142857142858,-0.12399112796344558,0.0132941441291705,0.05606351646784437,0.23712647665965533
mid|lw_sign,learn,C,ar,825708.7543308455,-0.17429124566915444,-0.1688203008577659,0.044532039254226746,-4.2089691225438814,-0.18709166237403208,260,0.07692307692307693,13,1.0357142857142858,-0.0953571317587263,0.0132941441291705,0.05606351646784437,0.23712647665965533
mid|lw_sign,learn,C,tick,951343.7712800927,-0.04865622871990738,-0.04701851604432239,0.04411789811523666,-1.090319864742271,-0.08620353070652176,247,0.15384615384615385,13,1.0357142857142858,-0.024472232756266837,0.0132941441291705,0.05606351646784437,0.23712647665965533
var|cls5_rd,full,A,0.0,3944540.318168676,2.944540318168676,0.4036090808319819,0.037657625392844916,9.178307019249967,-0.018062386039597866,61,1.0,50,4.0476190476190474,0.1758410904921827,0.1758410904921827,0.9354805035623924,0.18796873887009327
var|cls5_rd,full,A,0.25,633410.388741338,-0.36658961125866196,-0.10668510708722434,0.03764755217570806,-3.029728770858132,-0.41456703022684593,907,0.28,50,4.0476190476190474,-0.05802903539841543,0.1758410904921827,0.9354805035623924,0.18796873887009327
var|cls5_rd,full,A,0.87,6787.51752407115,-0.9932124824759289,-0.708723758739709,0.03765691146509524,-33.30346859112338,-0.9932320243289753,1019,0.0,50,4.0476190476190474,-0.638026947607099,0.1758410904921827,0.9354805035623924,0.18796873887009327
var|cls5_rd,full,A,cs,0.052011933344867,-0.9999999479880667,-0.9841346748981139,0.0384565304998978,-109.58401972719108,-0.9999999480138888,1019,0.0,50,4.0476190476190474,-2.1439871779304664,0.1758410904921827,0.9354805035623924,0.18796873887009327
var|cls5_rd,full,A,ar,9.818826874631524,-0.9999901811731253,-0.9420912571166501,0.0382580082046605,-75.7305995171429,-0.9999901866746745,1019,0.0,50,4.0476190476190474,-1.474003814443789,0.1758410904921827,0.9354805035623924,0.18796873887009327
var|cls5_rd,full,A,tick,31006.149481566063,-0.9689938505184339,-0.57606538663689,0.03766251567565822,-23.16139593449886,-0.9691502846213345,1019,0.0,50,4.0476190476190474,-0.4437914313457416,0.1758410904921827,0.9354805035623924,0.18796873887009327
var|cls5_rd,full,B,0.0,2121133.2959259343,1.1211332959259344,0.20415251286038139,0.03687065370239479,5.144345265161895,-0.022891227379660206,89,0.9,50,4.0476190476190474,0.09649744240808839,0.09649744240808839,0.9354805035623924,0.10315280974923326
var|cls5_rd,full,B,0.25,340603.97705538874,-0.6593960229446112,-0.23363058389503932,0.036871820971489846,-7.323200740804386,-0.6614569492738158,1019,0.02,50,4.0476190476190474,-0.13737268348250972,0.09649744240808839,0.9354805035623924,0.10315280974923326
var|cls5_rd,full,B,0.87,3649.707519439872,-0.9963502924805602,-0.7501183616082221,0.03690976418183628,-38.20299788272605,-0.9963554336527253,1019,0.0,50,4.0476190476190474,-0.717370595691193,0.09649744240808839,0.9354805035623924,0.10315280974923326
var|cls5_rd,full,B,cs,0.027964371193279994,-0.9999999720356288,-0.9863897177393837,0.037793581334295716,-115.63283809911155,-0.9999999720463271,1019,0.0,50,4.0476190476190474,-2.2233308260145606,0.09649744240808839,0.9354805035623924,0.10315280974923326
var|cls5_rd,full,B,ar,5.27931508193894,-0.999994720684918,-0.9503217571402705,0.03762440852987347,-81.15103709658437,-0.9999947229546026,1019,0.0,50,4.0476190476190474,-1.5533474625278831,0.09649744240808839,0.9354805035623924,0.10315280974923326
var|cls5_rd,full,B,tick,16672.518728651412,-0.9833274812713486,-0.6363113802461247,0.036899074523829,-27.867211451692036,-0.983380277789261,1019,0.0,50,4.0476190476190474,-0.5231350794298358,0.09649744240808839,0.9354805035623924,0.10315280974923326
var|cls5_rd,full,C,0.0,1127646.0412518643,0.1276460412518643,0.03012458097331483,0.03691575879711785,0.8363736466289025,-0.07729528497466165,644,0.5,50,4.0476190476190474,0.01570785907774646,0.01570785907774646,0.9354805035623924,0.016791220146149005
var|cls5_rd,full,C,0.25,181070.76803327978,-0.8189292319667203,-0.34439103303821506,0.03691368515411075,-11.616823133671533,-0.8189730809729766,1019,0.02,50,4.0476190476190474,-0.21816226681285164,0.01570785907774646,0.9354805035623924,0.016791220146149005
var|cls5_rd,full,C,0.87,1940.1767279331607,-0.9980598232720669,-0.7862346746514215,0.03694355846790886,-42.46650060111366,-0.9980596544620051,1019,0.0,50,4.0476190476190474,-0.798160179021535,0.01570785907774646,0.9354805035623924,0.016791220146149005
var|cls5_rd,full,C,cs,0.014864536837870888,-0.9999999851354632,-0.9883571063744306,0.03775900321246854,-119.94434946081441,-0.9999999851314371,1019,0.0,50,4.0476190476190474,-2.304120409344903,0.01570785907774646,0.9354805035623924,0.016791220146149005
var|cls5_rd,full,C,ar,2.8063465806325203,-0.9999971936534193,-0.9575024080348421,0.037604745185922495,-85.4163420456144,-0.9999971930048084,1019,0.0,50,4.0476190476190474,-1.634137045858225,0.01570785907774646,0.9354805035623924,0.016791220146149005
var|cls5_rd,full,C,tick,8863.174296352949,-0.991136825703647,-0.6888757773241594,0.036940439129356004,-32.13481878124333,-0.991136126201386,1019,0.0,50,4.0476190476190474,-0.6039246627601779,0.01570785907774646,0.9354805035623924,0.016791220146149005
var|cls5_rd,hold,A,0.0,2657052.6893394534,1.6570526893394533,0.3832719333683112,0.03927857249068312,8.418295352501517,-0.018062386039598755,61,1.0,37,3.011904761904762,0.16822274331054718,0.16822274331054718,0.940422695460932,0.17887992720985502
var|cls5_rd,hold,A,0.25,675890.6846649195,-0.3241093153350805,-0.12195596811506593,0.03926520270457391,-3.348132169020394,-0.3605088997867827,662,0.21621621621621623,37,3.011904761904762,-0.06688293055468586,0.16822274331054718,0.940422695460932,0.17887992720985502
var|cls5_rd,hold,A,0.87,22667.085204101946,-0.977332914795898,-0.7155765741484976,0.03926520310637875,-32.535980826583746,-0.9773789845289773,758,0.0,37,3.011904761904762,-0.6499450017404637,0.16822274331054718,0.940422695460932,0.17887992720985502
var|cls5_rd,hold,A,cs,3.2131763717570454,-0.9999967868236282,-0.9849957107228834,0.04004542917108187,-106.5907406136412,-0.9999967857664434,758,0.0,37,3.011904761904762,-2.171587277949089,0.16822274331054718,0.940422695460932,0.17887992720985502
var|cls5_rd,hold,A,ar,234.06607198022803,-0.9997659339280198,-0.9376892513436376,0.039787877393417756,-70.90361687245563,-0.999765869984956,758,0.0,37,3.011904761904762,-1.4352383063039946,0.16822274331054718,0.940422695460932,0.17887992720985502
var|cls5_rd,hold,A,tick,72923.64819980241,-0.9270763518001977,-0.5807680953292622,0.03927843137163172,-22.482990281334047,-0.9273838870185884,758,0.0,37,3.011904761904762,-0.44927583984251235,0.16822274331054718,0.940422695460932,0.17887992720985502
var|cls5_rd,hold,B,0.0,1678374.0173044398,0.6783740173044397,0.1875902400125975,0.038440792166012136,4.566624337751877,-0.022891227379663648,89,0.8918918918918919,37,3.011904761904762,0.08930843359166296,0.08930843359166296,0.940422695460932,0.09496626785244688
var|cls5_rd,hold,B,0.25,426933.0590849428,-0.5730669409150573,-0.24616967436911252,0.038438609846522725,-7.455499994041906,-0.5750940231492954,758,0.0,37,3.011904761904762,-0.14579724027357005,0.08930843359166296,0.940422695460932,0.09496626785244688
var|cls5_rd,hold,B,0.87,14317.459498866356,-0.9856825405011337,-0.755815359108658,0.038467063273260195,-37.24344258950426,-0.9856905687614972,758,0.0,37,3.011904761904762,-0.7288593114593479,0.08930843359166296,0.940422695460932,0.09496626785244688
var|cls5_rd,hold,B,cs,2.0294185549345642,-0.999997970581445,-0.9871187687171699,0.03931984225030576,-112.50263652026143,-0.9999979696604528,758,0.0,37,3.011904761904762,-2.250501587667973,0.08930843359166296,0.940422695460932,0.09496626785244688
var|cls5_rd,hold,B,ar,147.83862118034702,-0.9998521613788196,-0.9465055129828317,0.03910361030621606,-76.11108945563164,-0.9998521001007613,758,0.0,37,3.011904761904762,-1.5141526160228784,0.08930843359166296,0.940422695460932,0.09496626785244688
var|cls5_rd,hold,B,tick,46062.08885778411,-0.9539379111422159,-0.6400775372128957,0.038461324598754947,-26.993624603648975,-0.9540455602539796,758,0.0,37,3.011904761904762,-0.5281901495613965,0.08930843359166296,0.940422695460932,0.09496626785244688
var|cls5_rd,hold,C,0.0,1064261.8329998185,0.06426183299981858,0.020893704128166046,0.03841642177089458,0.5664913096139703,-0.07729528497465776,644,0.5135135135135135,37,3.011904761904762,0.011071718091003614,0.011071718091003614,0.940422695460932,0.011773129407066256
var|cls5_rd,hold,C,0.25,270716.63651750446,-0.7292833634824956,-0.35198361090018626,0.038412806569535544,-11.46391484497952,-0.7293419117066815,758,0.02702702702702703,37,3.011904761904762,-0.2240339557742294,0.011071718091003614,0.940422695460932,0.011773129407066256
var|cls5_rd,hold,C,0.87,9078.409431302523,-0.9909215905686974,-0.7900929826359533,0.03843773138148534,-41.27267384351252,-0.9909200106505507,758,0.0,37,3.011904761904762,-0.8070960269600073,0.011071718091003614,0.940422695460932,0.011773129407066256
var|cls5_rd,hold,C,cs,1.2867318431110433,-0.9999987132681569,-0.9889272141272105,0.03923732025415605,-116.65852762265094,-0.9999987126202431,758,0.0,37,3.011904761904762,-2.3287383031686315,0.011071718091003614,0.940422695460932,0.011773129407066256
var|cls5_rd,hold,C,ar,93.73859483129851,-0.9999062614051687,-0.9540153127968326,0.03902955922628784,-80.19563971746051,-0.9999062171715783,758,0.0,37,3.011904761904762,-1.5923893315235378,0.011071718091003614,0.940422695460932,0.011773129407066256
var|cls5_rd,hold,C,tick,29207.276567835386,-0.9707927234321646,-0.6906010952954382,0.03843882548336889,-31.0101214326049,-0.9707891461034304,758,0.0,37,3.011904761904762,-0.6064268650620559,0.011071718091003614,0.940422695460932,0.011773129407066256
var|cls5_rd,learn,A,0.0,1484554.7978762107,0.4845547978762106,0.46446542052318174,0.03247387838963714,11.987407876842775,-0.01254982944036076,16,1.0,13,1.0357142857142858,0.19804519006897164,0.19804519006897164,0.92107620845396,0.215014988174967
var|cls5_rd,learn,A,0.25,937149.1620059179,-0.06285083799408209,-0.060750799110150355,0.032474579156031254,-1.9504247593287662,-0.0918633550415402,148,0.46153846153846156,13,1.0357142857142858,-0.03222386204451833,0.19804519006897164,0.92107620845396,0.215014988174967
var|cls5_rd,learn,A,0.87,299443.77333715605,-0.700556226662844,-0.6878427828956543,0.03251483541197543,-36.47039861401115,-0.700673345148153,260,0.0,13,1.0357142857142858,-0.6032911112859736,0.19804519006897164,0.92107620845396,0.215014988174967
var|cls5_rd,learn,A,cs,16187.077000203331,-0.9838129229997967,-0.9813395872672404,0.0333724585954247,-121.54047076181067,-0.9838135468483974,260,0.0,13,1.0357142857142858,-2.0635451405000773,0.19804519006897164,0.92107620845396,0.215014988174967
var|cls5_rd,learn,A,ar,41948.95394946801,-0.958051046050532,-0.9532034851649034,0.033352193129227894,-93.52859397124159,-0.9580543282350701,260,0.0,13,1.0357142857142858,-1.586988059235851,0.19804519006897164,0.92107620845396,0.215014988174967
var|cls5_rd,learn,A,tick,425186.4826703847,-0.5748135173296154,-0.5620877901068242,0.032497534136690286,-25.87571946811026,-0.5749945758175545,260,0.0,13,1.0357142857142858,-0.4278068155913383,0.19804519006897164,0.92107620845396,0.215014988174967
var|cls5_rd,learn,B,0.0,1263802.510082105,0.26380251008210487,0.25364055730049917,0.03185500622475063,7.247216768583223,-0.015890603615456023,20,0.9230769230769231,13,1.0357142857142858,0.1174502112715383,0.1174502112715383,0.92107620845396,0.12751410816340616
var|cls5_rd,learn,B,0.25,797792.463730525,-0.20220753626947496,-0.19596855245144507,0.03186728935514603,-6.9587567077816175,-0.2034435566815198,260,0.07692307692307693,13,1.0357142857142858,-0.11281884084195165,0.1174502112715383,0.92107620845396,0.12751410816340616
var|cls5_rd,learn,B,0.87,254913.06748441313,-0.7450869325155869,-0.7327846901382027,0.03193694735510878,-42.090638273006775,-0.7451706906672143,260,0.0,13,1.0357142857142858,-0.6838860900834068,0.1174502112715383,0.92107620845396,0.12751410816340616
var|cls5_rd,learn,B,cs,13779.499120713028,-0.9862205008792869,-0.984026584235225,0.032920055714163274,-128.0229248420732,-0.9862203179746649,260,0.0,13,1.0357142857142858,-2.144140119297511,0.1174502112715383,0.92107620845396,0.12751410816340616
var|cls5_rd,learn,B,ar,35709.98592782314,-0.9642900140721768,-0.9599416106653514,0.032884946168292156,-99.67482393870232,-0.9642909579894422,260,0.0,13,1.0357142857142858,-1.6675830380332846,0.1174502112715383,0.92107620845396,0.12751410816340616
var|cls5_rd,learn,B,tick,361957.5043617199,-0.6380424956382802,-0.6251337954117748,0.03191246417400688,-31.314240153993637,-0.6381739916108498,260,0.0,13,1.0357142857142858,-0.5084017943887715,0.1174502112715383,0.92107620845396,0.12751410816340616
var|cls5_rd,learn,C,0.0,1059556.9683011076,0.05955696830110768,0.05744541000833414,0.03214493854557212,1.7867550135181618,-0.039406348786977574,72,0.46153846153846156,13,1.0357142857142858,0.029220151661342186,0.029220151661342186,0.92107620845396,0.0317239240283805
var|cls5_rd,learn,C,0.25,668857.1872145503,-0.33114281278544966,-0.3218021878530083,0.03214775553703912,-12.292669025476195,-0.331863519171128,260,0.0,13,1.0357142857142858,-0.2010489004521478,0.029220151661342186,0.92107620845396,0.0317239240283805
var|cls5_rd,learn,C,0.87,213713.28784130563,-0.7862867121586944,-0.7746068135046139,0.03219364378717977,-47.141961123459936,-0.7864409400622725,260,0.0,13,1.0357142857142858,-0.7721161496936029,0.029220151661342186,0.92107620845396,0.0317239240283805
var|cls5_rd,learn,C,cs,11552.163659781354,-0.9884478363402186,-0.9865268841046425,0.033055927505806,-132.74311612918083,-0.988449119442446,260,0.0,13,1.0357142857142858,-2.2323701789077073,0.029220151661342186,0.92107620845396,0.0317239240283805
var|cls5_rd,learn,C,ar,29938.005638799223,-0.9700619943612008,-0.966211656166351,0.03304586416551102,-104.43746326143791,-0.9700666825216482,260,0.0,13,1.0357142857142858,-1.7558130976434805,0.029220151661342186,0.92107620845396,0.0317239240283805
var|cls5_rd,learn,C,tick,303457.74539326935,-0.6965422546067306,-0.6838036090233146,0.03217838350923854,-36.444949818056365,-0.6967959383963056,260,0.0,13,1.0357142857142858,-0.5966318539989678,0.029220151661342186,0.92107620845396,0.0317239240283805
var|cls5_sign,full,A,0.0,4099137.8182517267,3.0991378182517266,0.41700405546722563,0.03927884557276119,9.0470664077113,-0.021463814398162917,49,0.98,50,4.0476190476190474,0.18078872828398843,0.18078872828398843,0.9514788629480527,0.19000813924949883
var|cls5_sign,full,A,0.25,637965.928362642,-0.362034071637358,-0.10510208481056826,0.03926806432553313,-2.8572426694511446,-0.3953931827357833,1019,0.28,50,4.0476190476190474,-0.05708098745302479,0.18078872828398843,0.9514788629480527,0.19000813924949883
var|cls5_sign,full,A,0.87,6326.051054746805,-0.9936739489452532,-0.713746747521656,0.0392733860990205,-32.38170079345444,-0.9936977127581994,1019,0.0,50,4.0476190476190474,-0.6469978824808176,0.18078872828398843,0.9514788629480527,0.19000813924949883
var|cls5_sign,full,A,cs,0.03850058396796231,-0.9999999614994161,-0.9852709655389152,0.04005278680803651,-107.10228577290749,-0.9999999615108752,1019,0.0,50,4.0476190476190474,-2.1824099606815555,0.18078872828398843,0.9514788629480527,0.19000813924949883
var|cls5_sign,full,A,ar,8.338586583296602,-0.9999916614134167,-0.9443825498718661,0.03987138587195542,-73.69454488105637,-0.9999916642034523,1019,0.0,50,4.0476190476190474,-1.4948634694804313,0.18078872828398843,0.9514788629480527,0.19000813924949883
var|cls5_sign,full,A,tick,29287.19901122657,-0.9707128009887734,-0.5819971617613098,0.039288535370761705,-22.566084153526944,-0.9709153863714906,1019,0.0,50,4.0476190476190474,-0.4510522972351591,0.18078872828398843,0.9514788629480527,0.19000813924949883
var|cls5_sign,full,B,0.0,2147394.508268717,1.1473945082687171,0.20781869713601853,0.03838728758483628,5.023150405263473,-0.026308905657954185,83,0.94,50,4.0476190476190474,0.09809987748714682,0.09809987748714682,0.9514788629480527,0.10310252944894134
var|cls5_sign,full,B,0.25,334202.3127919943,-0.6657976872080057,-0.2372146648680532,0.03838643532880004,-7.156996780521985,-0.6683780899435874,1019,0.0,50,4.0476190476190474,-0.13976983824986638,0.09809987748714682,0.9514788629480527,0.10310252944894134
var|cls5_sign,full,B,0.87,3313.8009905338504,-0.9966861990094662,-0.756008462656535,0.03841710915685289,-37.33420536861816,-0.9966923236655951,1019,0.0,50,4.0476190476190474,-0.7296867332776591,0.09809987748714682,0.9514788629480527,0.10310252944894134
var|cls5_sign,full,B,cs,0.020165720042745618,-0.9999999798342799,-0.9874458613016822,0.03927548870576491,-113.36022467337052,-0.9999999798396089,1019,0.0,50,4.0476190476190474,-2.2650988114783974,0.09809987748714682,0.9514788629480527,0.10310252944894134
var|cls5_sign,full,B,ar,4.367735170908792,-0.9999956322648291,-0.952594576957733,0.03911813071849876,-79.26853312729071,-0.9999956335804757,1019,0.0,50,4.0476190476190474,-1.5775523202772728,0.09809987748714682,0.9514788629480527,0.10310252944894134
var|cls5_sign,full,B,tick,15341.864329350188,-0.9846581356706499,-0.6437087252464286,0.03841651494981757,-27.309129991154553,-0.9847256624558307,1019,0.0,50,4.0476190476190474,-0.5337411480320007,0.09809987748714682,0.9514788629480527,0.10310252944894134
var|cls5_sign,full,C,0.0,1250053.2137228674,0.2500532137228675,0.056688646995557646,0.03810152682390449,1.4913154817670913,-0.050896580113895085,113,0.58,50,4.0476190476190474,0.028907914545916187,0.028907914545916187,0.9514788629480527,0.030382088001774617
var|cls5_sign,full,C,0.25,194545.28077590873,-0.8054547192240913,-0.3326613312411477,0.03809802038053834,-10.781014664768167,-0.8055835696164537,1019,0.02,50,4.0476190476190474,-0.20896180119109706,0.028907914545916187,0.9514788629480527,0.030382088001774617
var|cls5_sign,full,C,0.87,1928.9645477899949,-0.99807103545221,-0.7865405422178422,0.038122364229987445,-41.190413999891824,-0.9980708676176927,1019,0.0,50,4.0476190476190474,-0.7988786962188898,0.028907914545916187,0.9514788629480527,0.030382088001774617
var|cls5_sign,full,C,cs,0.011737653377885562,-0.9999999882623466,-0.9890170228256717,0.038901106611340004,-117.9473373865847,-0.9999999882591675,1019,0.0,50,4.0476190476190474,-2.334290774419628,0.028907914545916187,0.9514788629480527,0.030382088001774617
var|cls5_sign,full,C,ar,2.5423666529989633,-0.999997457633347,-0.958527069142264,0.03876924376788978,-83.48990716644234,-0.9999974570457478,1019,0.0,50,4.0476190476190474,-1.6467442832185035,0.028907914545916187,0.9514788629480527,0.030382088001774617
var|cls5_sign,full,C,tick,8930.597937461598,-0.9910694020625384,-0.6882927121904392,0.03812217831433924,-31.087555206235713,-0.9910686972390473,1019,0.0,50,4.0476190476190474,-0.6029331109732312,0.028907914545916187,0.9514788629480527,0.030382088001774617
var|cls5_sign,hold,A,0.0,2867552.278775704,1.8675522787757042,0.4187340750059845,0.04192123808209197,8.50412678614968,-0.021463814398162584,49,0.972972972972973,37,3.011904761904762,0.1813713490448089,0.1813713490448089,0.9532005200968496,0.1902761750763425
var|cls5_sign,hold,A,0.25,715995.5589254717,-0.28400444107452827,-0.10498990226435756,0.04190884360941859,-2.6700620264303168,-0.3374196527234976,665,0.2972972972972973,37,3.011904761904762,-0.056928780979403466,0.1813713490448089,0.9532005200968496,0.1902761750763425
var|cls5_sign,hold,A,0.87,22929.58362078951,-0.9770704163792104,-0.7144871854136003,0.04190911611642203,-30.388090089581944,-0.9771558651138911,758,0.0,37,3.011904761904762,-0.6479131034394502,0.1813713490448089,0.9532005200968496,0.1902761750763425
var|cls5_sign,hold,A,cs,2.826998453652662,-0.9999971730015463,-0.9856202159684851,0.04265986536710303,-101.06874479138479,-0.9999971733466457,758,0.0,37,3.011904761904762,-2.1935180329785156,0.1813713490448089,0.9532005200968496,0.1902761750763425
var|cls5_sign,hold,A,ar,225.18869126130804,-0.9997748113087387,-0.9384840413569495,0.042412233095428416,-66.8214509473559,-0.9997748453019377,758,0.0,37,3.011904761904762,-1.441822829341674,0.1813713490448089,0.9532005200968496,0.1902761750763425
var|cls5_sign,hold,A,tick,74486.77245338673,-0.9255132275466132,-0.577805620703439,0.04192671386899078,-20.889543442994935,-0.9260294594770582,758,0.0,37,3.011904761904762,-0.44557891269246097,0.1813713490448089,0.9532005200968496,0.1902761750763425
var|cls5_sign,hold,B,0.0,1757639.3529202212,0.7576393529202212,0.2059257127616727,0.04094183733780538,4.67057311844436,-0.02630890565795274,83,0.918918918918919,37,3.011904761904762,0.09728421087183324,0.09728421087183324,0.9532005200968496,0.10206059356949229
var|cls5_sign,hold,B,0.25,438857.12643812003,-0.56114287356188,-0.23924356865093455,0.040939261902759774,-6.770539521310501,-0.5644944503876835,758,0.0,37,3.011904761904762,-0.1410159191523791,0.09728421087183324,0.9532005200968496,0.10206059356949229
var|cls5_sign,hold,B,0.87,14053.84351260131,-0.9859461564873987,-0.7573173694679061,0.0409646166664617,-35.12347464711822,-0.9859700732692761,758,0.0,37,3.011904761904762,-0.7320002416124258,0.09728421087183324,0.9532005200968496,0.10206059356949229
var|cls5_sign,hold,B,cs,1.7325618007223649,-0.9999982674381993,-0.9877776821950773,0.041786827159112555,-107.1356939202093,-0.9999982673896856,758,0.0,37,3.011904761904762,-2.2776051711514915,0.09728421087183324,0.9532005200968496,0.10206059356949229
var|cls5_sign,hold,B,ar,138.0141562863079,-0.9998619858437137,-0.9477130128505847,0.041573018948636915,-72.1460386567653,-0.9998619859670036,758,0.0,37,3.011904761904762,-1.5259099675146495,0.09728421087183324,0.9532005200968496,0.10206059356949229
var|cls5_sign,hold,B,tick,45654.47556377889,-0.9543455244362211,-0.6411381587835113,0.04096447810763141,-25.41498482772444,-0.9545417788946914,758,0.0,37,3.011904761904762,-0.5296660508654366,0.09728421087183324,0.9532005200968496,0.10206059356949229
var|cls5_sign,hold,C,0.0,1180761.4043759513,0.18076140437595134,0.05671768158091273,0.04058149049884251,1.4024825011041742,-0.03873366685331914,113,0.5675675675675675,37,3.011904761904762,0.02895544886719167,0.02895544886719167,0.9532005200968496,0.03037708043240436
var|cls5_sign,hold,C,0.25,294816.3208448193,-0.7051836791551807,-0.3333732775941616,0.04057694441778994,-10.140928825134338,-0.7052287706230306,758,0.02702702702702703,37,3.011904761904762,-0.20934468115702068,0.02895544886719167,0.9532005200968496,0.03037708043240436
var|cls5_sign,hold,C,0.87,9440.902760858167,-0.9905590972391418,-0.787346529617276,0.040597697592505644,-38.74916024302095,-0.9905574542361789,758,0.0,37,3.011904761904762,-0.8003290036170673,0.02895544886719167,0.9532005200968496,0.03037708043240436
var|cls5_sign,hold,C,cs,1.1638172272553997,-0.9999988361827727,-0.9892902353437028,0.04134585580777481,-111.52672133453811,-0.9999988355967507,758,0.0,37,3.011904761904762,-2.3459339331561333,0.02895544886719167,0.9532005200968496,0.03037708043240436
var|cls5_sign,hold,C,ar,92.71093119887463,-0.9999072890688011,-0.9541833098173517,0.041162189105611514,-76.12898426522023,-0.9999072453201472,758,0.0,37,3.011904761904762,-1.5942387295192912,0.02895544886719167,0.9532005200968496,0.03037708043240436
var|cls5_sign,hold,C,tick,30669.397703251954,-0.9693306022967481,-0.6855423123940236,0.04059790679962066,-28.952689851202102,-0.9693268458863409,758,0.0,37,3.011904761904762,-0.5979948128700783,0.02895544886719167,0.9532005200968496,0.03037708043240436
var|cls5_sign,learn,A,0.0,1429490.1782930372,0.42949017829303715,0.4119850574048176,0.030290744657912736,11.621390645544906,-0.008961742020742958,7,1.0,13,1.0357142857142858,0.17909064744304867,0.17909064744304867,0.9464609967550913,0.1892213710412312
var|cls5_sign,learn,A,0.25,891019.3930812379,-0.1089806069187621,-0.10542823691789294,0.03028602366837495,-3.73341705168992,-0.1323411194860723,260,0.23076923076923078,13,1.0357142857142858,-0.05752460174572422,0.17909064744304867,0.9464609967550913,0.1892213710412312
var|cls5_sign,learn,A,0.87,275890.358907835,-0.724109641092165,-0.7115825906271933,0.03031189693650834,-41.78213840201864,-0.7240929494672745,260,0.0,13,1.0357142857142858,-0.6443304197338809,0.17909064744304867,0.9464609967550913,0.1892213710412312
var|cls5_sign,learn,A,cs,13618.891060310723,-0.9863811089396892,-0.9842063799573292,0.031233291535246236,-135.3078179277819,-0.9863777813882472,260,0.0,13,1.0357142857142858,-2.1500348617910205,0.17909064744304867,0.9464609967550913,0.1892213710412312
var|cls5_sign,learn,A,ar,37029.33098723324,-0.9629706690127667,-0.95851354242726,0.031211071808101187,-103.87870033964623,-0.9629630924926218,260,0.0,13,1.0357142857142858,-1.649453386056636,0.17909064744304867,0.9464609967550913,0.1892213710412312
var|cls5_sign,learn,A,tick,393186.57590586314,-0.6068134240941369,-0.5939513811325337,0.030316741953613616,-30.278471314074963,-0.6067928147822255,260,0.0,13,1.0357142857142858,-0.4670047830579482,0.17909064744304867,0.9464609967550913,0.1892213710412312
var|cls5_sign,learn,B,0.0,1221749.2198845767,0.22174921988457674,0.2133404847253182,0.029715338632820335,6.646330179027191,-0.012564606725928296,21,1.0,13,1.0357142857142858,0.10047718352428084,0.10047718352428084,0.9464609967550913,0.1061609341206488
var|cls5_sign,learn,B,0.25,761528.7360250527,-0.23847126397494722,-0.23128371981180995,0.029721336741733065,-9.003396589978614,-0.24297798230689105,260,0.0,13,1.0357142857142858,-0.13613806566449202,0.10047718352428084,0.9464609967550913,0.1061609341206488
var|cls5_sign,learn,B,0.87,235793.2182440008,-0.7642067817559992,-0.7521618484237316,0.029774470591755513,-47.72607100866885,-0.7641871686642054,260,0.0,13,1.0357142857142858,-0.7229438836526487,0.10047718352428084,0.9464609967550913,0.1061609341206488
var|cls5_sign,learn,B,cs,11639.250059846432,-0.9883607499401535,-0.9864288315801635,0.030804877216228658,-142.2057656086794,-0.988357642026277,260,0.0,13,1.0357142857142858,-2.2286483257097878,0.10047718352428084,0.9464609967550913,0.1061609341206488
var|cls5_sign,learn,B,ar,31647.008455044834,-0.9683529915449551,-0.9643511659731699,0.03077282526461028,-110.37947185882713,-0.968345798388224,260,0.0,13,1.0357142857142858,-1.728066849975404,0.10047718352428084,0.9464609967550913,0.1061609341206488
var|cls5_sign,learn,B,tick,336042.94299510156,-0.6639570570048985,-0.6510798953862146,0.029771600906230267,-36.02316279985464,-0.6639318221919074,260,0.0,13,1.0357142857142858,-0.545618246976716,0.10047718352428084,0.9464609967550913,0.1061609341206488
var|cls5_sign,learn,C,0.0,1058684.0060067233,0.0586840060067233,0.056604217619516284,0.029716325627419243,1.902963390642458,-0.030295130526088787,72,0.6153846153846154,13,1.0357142857142858,0.028769373104084794,0.028769373104084794,0.9464609967550913,0.030396786769575915
var|cls5_sign,learn,C,0.25,659886.4005168548,-0.3401135994831451,-0.33058663499089413,0.029716814891167915,-13.747834535035752,-0.34138337685961784,260,0.0,13,1.0357142857142858,-0.20784587608468805,0.028769373104084794,0.9464609967550913,0.030396786769575915
var|cls5_sign,learn,C,0.87,204319.92539818032,-0.7956800746018197,-0.7841792933120454,0.02975631536724986,-52.49196181018779,-0.7958232220868358,260,0.0,13,1.0357142857142858,-0.7946516940728447,0.028769373104084794,0.9464609967550913,0.030396786769575915
var|cls5_sign,learn,C,cs,10085.478289031857,-0.9899145217109682,-0.9881822567436528,0.03067997139176844,-147.3788864871711,-0.989916157104811,260,0.0,13,1.0357142857142858,-2.3003561361299845,0.028769373104084794,0.9464609967550913,0.030396786769575915
var|cls5_sign,learn,C,ar,27422.512319990412,-0.9725774876800096,-0.968956862302404,0.03065055900178431,-115.41835410791853,-0.9725831727379821,260,0.0,13,1.0357142857142858,-1.7997746603956,0.028769373104084794,0.9464609967550913,0.030396786769575915
var|cls5_sign,learn,C,tick,291189.2181213143,-0.7088107818786857,-0.6961550627394639,0.029753711159623636,-40.78200839920767,-0.7090445900956726,260,0.0,13,1.0357142857142858,-0.617326057396912,0.028769373104084794,0.9464609967550913,0.030396786769575915
var|mid5_sign,full,A,0.0,135990.720035427,-0.864009279964573,-0.38916231796456624,0.06733215516130789,-7.41385800857371,-0.8645002474296056,1018,0.08,50,4.0476190476190474,-0.2539636944328399,-0.2539636944328399,1.037702625167721,-0.24473648642046408
var|mid5_sign,full,A,0.25,17879.73378984559,-0.9821202662101544,-0.6299755884447504,0.06734004066343696,-14.985409837040983,-0.9821578960080546,1018,0.0,50,4.0476190476190474,-0.5133893507247702,-0.2539636944328399,1.037702625167721,-0.24473648642046408
var|mid5_sign,full,A,0.87,116.68349472908615,-0.999883316505271,-0.8932617750285416,0.06740571445970626,-33.73211395544511,-0.9998832269620506,1019,0.0,50,4.0476190476190474,-1.1567649783287572,-0.2539636944328399,1.037702625167721,-0.24473648642046408
var|mid5_sign,full,A,cs,0.00025093094081356655,-0.9999999997490691,-0.9957525804764902,0.06835965124313757,-81.23135763153556,-0.9999999997488302,1019,0.0,50,4.0476190476190474,-2.8250647525937898,-0.2539636944328399,1.037702625167721,-0.24473648642046408
var|mid5_sign,full,A,ar,0.07661183015069889,-0.9999999233881699,-0.982541677934916,0.06808183252743,-60.44673949625537,-0.9999999233183218,1019,0.0,50,4.0476190476190474,-2.0936735832383224,-0.2539636944328399,1.037702625167721,-0.24473648642046408
var|mid5_sign,full,A,tick,619.3794769691871,-0.9993806205230308,-0.8387778813902013,0.06737637247198701,-27.520541586407607,-0.9993802497640337,1018,0.0,50,4.0476190476190474,-0.9433426234007972,-0.2539636944328399,1.037702625167721,-0.24473648642046408
var|mid5_sign,full,B,0.0,334983.6841201999,-0.6650163158798001,-0.2367744458369836,0.06546069657639146,-4.166445766289004,-0.6669749493266292,1018,0.1,50,4.0476190476190474,-0.1387558211787929,-0.1387558211787929,1.037702625167721,-0.1337144359217229
var|mid5_sign,full,B,0.25,44043.8237273963,-0.9559561762726037,-0.5376617472074896,0.06547393375917337,-11.95384891635286,-0.9561409474232145,1018,0.02,50,4.0476190476190474,-0.3981814774707232,-0.1387558211787929,1.037702625167721,-0.1337144359217229
var|mid5_sign,full,B,0.87,287.4465969207147,-0.9997125534030793,-0.8666308752207849,0.06555417577533956,-31.230423104564547,-0.9997125783234997,1018,0.0,50,4.0476190476190474,-1.0415571050747103,-0.1387558211787929,1.037702625167721,-0.1337144359217229
var|mid5_sign,full,B,cs,0.0006182477613497267,-0.9999999993817522,-0.994692677796224,0.06657655894431581,-80.00555700821428,-0.9999999993812377,1019,0.0,50,4.0476190476190474,-2.709856879339743,-0.1387558211787929,1.037702625167721,-0.1337144359217229
var|mid5_sign,full,B,ar,0.18875012923178194,-0.9999998112498708,-0.9781853315578919,0.06618850245693177,-58.75449746087765,-0.9999998111003121,1019,0.0,50,4.0476190476190474,-1.978465709984275,-0.1387558211787929,1.037702625167721,-0.1337144359217229
var|mid5_sign,full,B,tick,1525.7937210787989,-0.9984742062789213,-0.7985543973373193,0.0655272460315885,-24.84129523929257,-0.9984751563295124,1018,0.0,50,4.0476190476190474,-0.8281347501467504,-0.1387558211787929,1.037702625167721,-0.1337144359217229
var|mid5_sign,full,C,0.0,625230.8955274066,-0.3747691044725934,-0.10954907646692458,0.06526417656069661,-1.7759725629773973,-0.38699864290653685,1017,0.32,50,4.0476190476190474,-0.058967942062021675,-0.058967942062021675,1.037702625167721,-0.05682547256974593
var|mid5_sign,full,C,0.25,82206.86386249837,-0.9177931361375016,-0.46059065397961785,0.06528403421748882,-9.586332468971015,-0.9188602712497769,1017,0.0,50,4.0476190476190474,-0.3183935983539519,-0.058967942062021675,1.037702625167721,-0.05682547256974593
var|mid5_sign,full,C,0.87,536.5322521233276,-0.9994634677478766,-0.8443970615208487,0.0653808063555409,-28.91450405586368,-0.9994636478151169,1019,0.0,50,4.0476190476190474,-0.9617692259579391,-0.058967942062021675,1.037702625167721,-0.05682547256974593
var|mid5_sign,full,C,cs,0.001154059644256367,-0.9999999988459404,-0.9938078049536136,0.06656399227733892,-77.66456683215252,-0.9999999988458816,1019,0.0,50,4.0476190476190474,-2.630069000222971,-0.058967942062021675,1.037702625167721,-0.05682547256974593
var|mid5_sign,full,C,ar,0.35232912598390115,-0.999999647670874,-0.974548305616293,0.06604102166905794,-56.51095410145254,-0.9999996476795917,1019,0.0,50,4.0476190476190474,-1.8986778308675039,-0.058967942062021675,1.037702625167721,-0.05682547256974593
var|mid5_sign,full,C,tick,2847.923285192067,-0.9971520767148079,-0.7649724609605353,0.06535745636203012,-22.506240168659414,-0.9971588795539622,1019,0.0,50,4.0476190476190474,-0.748346871029979,-0.058967942062021675,1.037702625167721,-0.05682547256974593
var|mid5_sign,hold,A,0.0,250440.11914392066,-0.7495598808560793,-0.36851914441690037,0.07121374941684021,-6.527439624747292,-0.7500578754070084,758,0.10810810810810811,37,3.011904761904762,-0.2364893415599853,-0.2364893415599853,1.035817368731948,-0.22831181316209878
var|mid5_sign,hold,A,0.25,55442.65704558695,-0.9445573429544131,-0.6172313507702951,0.07122109264681009,-13.673535024161186,-0.9446627389534394,758,0.0,37,3.011904761904762,-0.4954436837429723,-0.2364893415599853,1.035817368731948,-0.22831181316209878
var|mid5_sign,hold,A,0.87,1317.3890824268708,-0.9986826109175732,-0.8894141577967719,0.07128644858855807,-31.36873520041516,-0.998684829371673,758,0.0,37,3.011904761904762,-1.13765045235678,-0.2364893415599853,1.035817368731948,-0.22831181316209878
var|mid5_sign,hold,A,cs,0.07670917444147642,-0.9999999232908255,-0.9956583299669113,0.07222812694105638,-76.52409291768757,-0.9999999233773866,758,0.0,37,3.011904761904762,-2.8119616897171,-0.2364893415599853,1.035817368731948,-0.22831181316209878
var|mid5_sign,hold,A,ar,8.018288215330603,-0.9999919817117847,-0.9796729411663496,0.07190777056250153,-55.04344664784897,-0.9999919908719137,758,0.0,37,3.011904761904762,-2.0136607308317145,-0.2364893415599853,1.035817368731948,-0.22831181316209878
var|mid5_sign,hold,A,tick,4702.177379769219,-0.9952978226202308,-0.8312800379518939,0.07124757379592661,-25.35792622851221,-0.9953061718974716,758,0.0,37,3.011904761904762,-0.919154823096045,-0.2364893415599853,1.035817368731948,-0.22831181316209878
var|mid5_sign,hold,B,0.0,482324.5108887729,-0.5176754891112271,-0.2150108538220903,0.06922377899114053,-3.521061229987363,-0.5222141576301388,750,0.13513513513513514,37,3.011904761904762,-0.12400344139139127,-0.12400344139139127,1.035817368731948,-0.11971554555336024
var|mid5_sign,hold,B,0.25,106779.09137112308,-0.8932209086288769,-0.5241806871749392,0.06923833559111324,-10.87174919742601,-0.8934430486278374,758,0.02702702702702703,37,3.011904761904762,-0.3829577835743782,-0.12400344139139127,1.035817368731948,-0.11971554555336024
var|mid5_sign,hold,B,0.87,2537.3068910065995,-0.9974626931089934,-0.8625290929923495,0.06932290712604226,-29.067786209792516,-0.9974674211723086,758,0.0,37,3.011904761904762,-1.025164552188186,-0.12400344139139127,1.035817368731948,-0.11971554555336024
var|mid5_sign,hold,B,cs,0.14775687411413652,-0.9999998522431259,-0.9946026343184232,0.07036040099928481,-75.41300982622991,-0.9999998524363967,758,0.0,37,3.011904761904762,-2.6994757895485053,-0.12400344139139127,1.035817368731948,-0.11971554555336024
var|mid5_sign,hold,B,ar,15.444383862580134,-0.9999845556161374,-0.9747305512405857,0.06990597894329094,-53.45679015786207,-0.999984576033531,758,0.0,37,3.011904761904762,-1.9011748306631204,-0.12400344139139127,1.035817368731948,-0.11971554555336024
var|mid5_sign,hold,B,tick,9056.309592706408,-0.9909436904072936,-0.7902627751331401,0.0692880952450123,-22.883995140858435,-0.9909613958006982,758,0.0,37,3.011904761904762,-0.8066689229274508,-0.12400344139139127,1.035817368731948,-0.11971554555336024
var|mid5_sign,hold,C,0.0,697420.2955177855,-0.3025797044822145,-0.11276691834837593,0.06882603424501973,-1.7330937068808203,-0.3472850058397805,743,0.2702702702702703,37,3.011904761904762,-0.06068476130423666,-0.06068476130423666,1.035817368731948,-0.05858635232051303
var|mid5_sign,hold,C,0.25,154399.0838544491,-0.8456009161455509,-0.4622044318517341,0.06885081450271477,-9.12527507992972,-0.8506376345733682,743,0.0,37,3.011904761904762,-0.3196391034872237,-0.06068476130423666,1.035817368731948,-0.05858635232051303
var|mid5_sign,hold,C,0.87,3668.9310929586404,-0.9963310689070414,-0.8446223219730031,0.06896097010269724,-27.41556917465465,-0.996341525021994,758,0.0,37,3.011904761904762,-0.9618458721010316,-0.06068476130423666,1.035817368731948,-0.05858635232051303
var|mid5_sign,hold,C,cs,0.2136604304810514,-0.9999997863395695,-0.9938995349693728,0.07019180536559681,-73.82101639028234,-0.9999997865957249,758,0.0,37,3.011904761904762,-2.636157109461351,-0.06068476130423666,1.035817368731948,-0.05858635232051303
var|mid5_sign,hold,C,ar,22.333118520657273,-0.9999776668814794,-0.9714387206687163,0.06956718011774185,-51.928079353770116,-0.9999776958330009,758,0.0,37,3.011904761904762,-1.8378561505759654,-0.06068476130423666,1.035817368731948,-0.05858635232051303
var|mid5_sign,hold,C,tick,13095.246583010206,-0.9869047534169898,-0.7629434426909433,0.06893313485519642,-21.196326561909455,-0.9869753178391232,758,0.0,37,3.011904761904762,-0.7433502428402964,-0.06068476130423666,1.035817368731948,-0.05858635232051303
var|mid5_sign,learn,A,0.0,543006.9291624835,-0.4569930708375165,-0.4454381192650476,0.05445844952167893,-11.004701972803677,-0.45946829600908967,259,0.0,13,1.0357142857142858,-0.3048936746474611,-0.3048936746474611,1.0431973106460353,-0.29226846305675896
var|mid5_sign,learn,A,0.25,322490.5648938138,-0.6775094351061862,-0.6646759505093285,0.05446828440685283,-20.414194745568597,-0.6784789584408006,259,0.0,13,1.0357142857142858,-0.5656930023089699,-0.3048936746474611,1.0431973106460353,-0.29226846305675896
var|mid5_sign,learn,A,0.87,88571.77904809418,-0.9114282209519058,-0.9037068203194006,0.05453616100117622,-43.70020688193903,-0.9114298320015286,260,0.0,13,1.0357142857142858,-1.2124753349095116,-0.3048936746474611,1.0431973106460353,-0.29226846305675896
var|mid5_sign,learn,A,cs,3271.198557937962,-0.996728801442062,-0.9960151987225336,0.05556732005772854,-101.28278222883029,-0.9967272176061018,260,0.0,13,1.0357142857142858,-2.8632543632715883,-0.3048936746474611,1.0431973106460353,-0.29226846305675896
var|mid5_sign,learn,A,ar,9554.636612365899,-0.9904453633876341,-0.9887833811755361,0.05531678893653698,-82.68206843497087,-0.9904412594709915,260,0.0,13,1.0357142857142858,-2.326875523226287,-0.3048936746474611,1.0431973106460353,-0.29226846305675896
var|mid5_sign,learn,A,tick,131721.8443595972,-0.8682781556404028,-0.8587415519495405,0.054537770728506546,-36.539861183738424,-0.868309347005729,259,0.0,13,1.0357142857142858,-1.0138393221867024,-0.3048936746474611,1.0431973106460353,-0.29226846305675896
var|mid5_sign,learn,B,0.0,694519.3050689505,-0.30548069493104946,-0.2966953588930126,0.052986788607440764,-6.74229636421659,-0.3102431971202936,259,0.0,13,1.0357142857142858,-0.18175245837375914,-0.18175245837375914,1.0431973106460353,-0.1742263486676387
var|mid5_sign,learn,B,0.25,412476.10521723446,-0.5875238947827655,-0.5747337619175613,0.052995079721231436,-16.414350071869453,-0.5895165751241678,259,0.0,13,1.0357142857142858,-0.4425517860352679,-0.18175245837375914,1.0431973106460353,-0.1742263486676387
var|mid5_sign,learn,B,0.87,113288.0685184599,-0.8867119314815401,-0.8778767055980656,0.05306034056795774,-40.353965328363905,-0.886780636994188,259,0.0,13,1.0357142857142858,-1.0893341186358099,-0.18175245837375914,1.0431973106460353,-0.1742263486676387
var|mid5_sign,learn,B,cs,4184.223340243117,-0.9958157766597568,-0.9949460826135408,0.054057357163232476,-99.6342900278216,-0.9958131389467589,260,0.0,13,1.0357142857142858,-2.740113146997886,-0.18175245837375914,1.0431973106460353,-0.1742263486676387
var|mid5_sign,learn,B,ar,12221.279327892074,-0.9877787206721079,-0.9857741519847638,0.05378787441596232,-80.5322798266317,-0.9877716844730705,260,0.0,13,1.0357142857142858,-2.203734306952585,-0.18175245837375914,1.0431973106460353,-0.1742263486676387
var|mid5_sign,learn,B,tick,168478.52930156395,-0.8315214706984361,-0.8208505662004107,0.05305859249098657,-32.99665737043452,-0.8317223050845499,259,0.0,13,1.0357142857142858,-0.8906981059130005,-0.18175245837375914,1.0431973106460353,-0.1742263486676387
var|mid5_sign,learn,C,0.0,896490.8241782848,-0.10350917582171515,-0.1001249745744347,0.05354952619469822,-1.9808202296684196,-0.14780525475898076,258,0.46153846153846156,13,1.0357142857142858,-0.053964176218771476,-0.053964176218771476,1.0431973106460353,-0.0517295967580211
var|mid5_sign,learn,C,0.25,532431.0339820023,-0.4675689660179977,-0.45587014416929394,0.0535514655646718,-11.553355948398881,-0.4713142193091343,258,0.0,13,1.0357142857142858,-0.31476350388028024,-0.053964176218771476,1.0431973106460353,-0.0517295967580211
var|mid5_sign,learn,C,0.87,146236.66635577433,-0.8537633336442256,-0.843740136338522,0.0536005284715702,-35.261116822554655,-0.853765897750234,260,0.0,13,1.0357142857142858,-0.9615458364808219,-0.053964176218771476,1.0431973106460353,-0.0517295967580211
var|mid5_sign,learn,C,cs,5401.372830982604,-0.9945986271690174,-0.993533136896989,0.05463399695785377,-93.98517480418502,-0.9945971642077861,260,0.0,13,1.0357142857142858,-2.6123248648428987,-0.053964176218771476,1.0431973106460353,-0.0517295967580211
var|mid5_sign,learn,C,ar,15776.082756110272,-0.9842239172438897,-0.9817972445186656,0.05440240714816707,-75.0054955331078,-0.9842202710300638,260,0.0,13,1.0357142857142858,-2.0759460247975974,-0.053964176218771476,1.0431973106460353,-0.0517295967580211
var|mid5_sign,learn,C,tick,217477.63718225327,-0.7825223628177467,-0.770774790613511,0.053592886397121925,-27.980869297968635,-0.7825326467360355,260,0.0,13,1.0357142857142858,-0.7629098237580128,-0.053964176218771476,1.0431973106460353,-0.0517295967580211
var|oc5_tanh,full,A,0.0,2511083.0475413925,1.5110830475413923,0.255420473953055,0.03349571286271791,6.925485512633131,-0.020108484762674572,61,0.9,50,4.0476190476190474,0.11801692824891741,0.11801692824891741,0.93427733294804,0.1263189462988726
var|oc5_tanh,full,A,0.25,404172.54446010524,-0.5958274555398948,-0.200536098686509,0.03348600108175015,-6.782828642037532,-0.5985020020017631,1019,0.02,50,4.0476190476190474,-0.11555240498809255,0.11801692824891741,0.93427733294804,0.1263189462988726
var|oc5_tanh,full,A,0.87,4356.272781640883,-0.9956437272183591,-0.7389506922564879,0.033496446024821123,-40.77171148637826,-0.9956481661883387,1019,0.0,50,4.0476190476190474,-0.6948043514158773,0.11801692824891741,0.93427733294804,0.1263189462988726
var|oc5_tanh,full,A,cs,0.030962173463553108,-0.9999999690378265,-0.9860429495046658,0.03437500716379699,-126.39162325164823,-0.9999999690438907,1019,0.0,50,4.0476190476190474,-2.210374926088389,0.11801692824891741,0.93427733294804,0.1263189462988726
var|oc5_tanh,full,A,ar,6.664109735552318,-0.9999933358902644,-0.9473789120709843,0.034203053490409405,-87.56073907500398,-0.9999933375544885,1019,0.0,50,4.0476190476190474,-1.523628735369425,0.11801692824891741,0.93427733294804,0.1263189462988726
var|oc5_tanh,full,A,tick,19829.741935113798,-0.9801702580648862,-0.6203904264449913,0.03350760394531974,-29.390592617265128,-0.9802344873941825,1019,0.0,50,4.0476190476190474,-0.5010217425404754,0.11801692824891741,0.93427733294804,0.1263189462988726
var|oc5_tanh,full,B,0.0,1795723.8457737605,0.7957238457737605,0.15561221581100515,0.03294863547374427,4.482112269175874,-0.02307047034759091,76,0.82,50,4.0476190476190474,0.0751320122657065,0.0751320122657065,0.93427733294804,0.08041724830102988
var|oc5_tanh,full,B,0.25,289028.9791874936,-0.7109710208125064,-0.26409659269294905,0.03294742019908618,-9.452163362697261,-0.7125616329982996,1019,0.0,50,4.0476190476190474,-0.1584373209713035,0.0751320122657065,0.93427733294804,0.08041724830102988
var|oc5_tanh,full,B,0.87,3115.1573721019736,-0.996884842627898,-0.7597064489223113,0.032979490472773175,-43.966780663173786,-0.9968879218581992,1019,0.0,50,4.0476190476190474,-0.7376892673990882,0.0751320122657065,0.93427733294804,0.08041724830102988
var|oc5_tanh,full,B,cs,0.02213964917329309,-0.9999999778603508,-0.9871528472624397,0.03393219890602103,-130.52521464472613,-0.9999999778638657,1019,0.0,50,4.0476190476190474,-2.2532598420716,0.0751320122657065,0.93427733294804,0.08041724830102988
var|oc5_tanh,full,B,ar,4.765304169107618,-0.9999952346958308,-0.9515632125146839,0.033771864704687626,-91.17468816198794,-0.9999952357091315,1019,0.0,50,4.0476190476190474,-1.5665136513526356,0.0751320122657065,0.93427733294804,0.08041724830102988
var|oc5_tanh,full,B,tick,14180.305385204781,-0.9858196946147952,-0.650572070512792,0.032977220970471045,-32.419436706066584,-0.9858530031338474,1019,0.0,50,4.0476190476190474,-0.5439066585236862,0.0751320122657065,0.93427733294804,0.08041724830102988
var|oc5_tanh,full,C,0.0,1100586.8174616143,0.10058681746161424,0.023961557413543888,0.03263460753354817,0.7544682763676285,-0.043074344858254565,453,0.54,50,4.0476190476190474,0.012526341115064161,0.012526341115064161,0.93427733294804,0.013407519023862282
var|oc5_tanh,full,C,0.25,177141.85131131046,-0.8228581486886896,-0.3479346620963578,0.032633421905015655,-13.314022249322196,-0.822990401747421,1019,0.02,50,4.0476190476190474,-0.22104299212194586,0.012526341115064161,0.93427733294804,0.013407519023862282
var|oc5_tanh,full,C,0.87,1909.1825797125723,-0.9980908174202874,-0.7870834731602252,0.03266590287681298,-48.156015682332324,-0.9980906513069512,1019,0.0,50,4.0476190476190474,-0.8002949385497308,0.012526341115064161,0.93427733294804,0.013407519023862282
var|oc5_tanh,full,C,cs,0.01356778568066246,-0.9999999864322143,-0.9886167329836827,0.033576120078284685,-135.57448693226715,-0.9999999864285395,1019,0.0,50,4.0476190476190474,-2.3158655132222425,0.012526341115064161,0.93427733294804,0.013407519023862282
var|oc5_tanh,full,C,ar,2.9204112606302868,-0.9999970795887394,-0.9570820361692309,0.03340446899841761,-95.86133341811643,-0.9999970789137654,1019,0.0,50,4.0476190476190474,-1.6291193225032783,0.012526341115064161,0.93427733294804,0.013407519023862282
var|oc5_tanh,full,C,tick,8690.74862501229,-0.9913092513749877,-0.6903822191204173,0.03266339325784778,-36.49837069274575,-0.9913092760629926,1019,0.0,50,4.0476190476190474,-0.6065123296743287,0.012526341115064161,0.93427733294804,0.013407519023862282
var|oc5_tanh,hold,A,0.0,2103036.589515712,1.1030365895157122,0.2799418857166627,0.03611254985721547,6.967138868060111,-0.020108484762675904,61,0.9459459459459459,37,3.011904761904762,0.12800221292987612,0.12800221292987612,0.9371111666743557,0.13659234622519084
var|oc5_tanh,hold,A,0.25,537544.1743467466,-0.4624558256532534,-0.18624580815060354,0.03610065372576204,-5.786468000155429,-0.46636715527764594,758,0.02702702702702703,37,3.011904761904762,-0.10627557873871278,0.12800221292987612,0.9371111666743557,0.13659234622519084
var|oc5_tanh,hold,A,0.87,18243.985492155683,-0.9817560145078443,-0.7353546580891741,0.036104015721780555,-37.41762211972469,-0.9817692510600535,758,0.0,37,3.011904761904762,-0.6872845020768131,0.12800221292987612,0.9371111666743557,0.13659234622519084
var|oc5_tanh,hold,A,cs,2.4885028282663098,-0.9999975114971718,-0.986216393688255,0.036922689973255825,-117.94509777738922,-0.9999975108911823,758,0.0,37,3.011904761904762,-2.2155322950243623,0.12800221292987612,0.9371111666743557,0.13659234622519084
var|oc5_tanh,hold,A,ar,197.67082661543043,-0.9998023291733845,-0.9410892741415713,0.03669060809711556,-78.44691181423681,-0.9998022900953146,758,0.0,37,3.011904761904762,-1.4643187310771,0.12800221292987612,0.9371111666743557,0.13659234622519084
var|oc5_tanh,hold,A,tick,58367.240384199526,-0.9416327596158005,-0.6106424020208102,0.03611375216835415,-26.53770919119293,-0.9418078553887622,758,0.0,37,3.011904761904762,-0.4875744062101116,0.12800221292987612,0.9371111666743557,0.13659234622519084
var|oc5_tanh,hold,B,0.0,1609025.0516511095,0.6090250516511095,0.1710680095352357,0.03549778853195803,4.540877040578471,-0.023070470347586358,76,0.8378378378378378,37,3.011904761904762,0.0820060505372802,0.0820060505372802,0.9371111666743557,0.08750941558865999
var|oc5_tanh,hold,B,0.25,411269.98867094424,-0.5887300113290558,-0.2554667980072638,0.03549431764304465,-8.432485936980715,-0.5908785137029562,758,0.0,37,3.011904761904762,-0.15227174113130873,0.0820060505372802,0.9371111666743557,0.08750941558865999
var|oc5_tanh,hold,B,0.87,13958.05308730422,-0.9860419469126958,-0.7578678167599227,0.035519131659377326,-40.57915851950583,-0.9860497975692353,758,0.0,37,3.011904761904762,-0.7332806644694091,0.0820060505372802,0.9371111666743557,0.08750941558865999
var|oc5_tanh,hold,B,cs,1.9038060351872559,-0.9999980961939648,-0.9873891518758466,0.036410718452897776,-122.08658671894437,-0.9999980954070196,758,0.0,37,3.011904761904762,-2.2615284574169583,0.0820060505372802,0.9371111666743557,0.08750941558865999
var|oc5_tanh,hold,B,ar,151.22890637961993,-0.9998487710936204,-0.9461012918118885,0.03619818767273312,-82.01170128857686,-0.9998487155144156,758,0.0,37,3.011904761904762,-1.510314893469696,0.0820060505372802,0.9371111666743557,0.08750941558865999
var|oc5_tanh,hold,B,tick,44655.73671150462,-0.9553442632884954,-0.6437639193182709,0.03551483335900982,-29.53093708883794,-0.9554320956437202,758,0.0,37,3.011904761904762,-0.5335705686027076,0.0820060505372802,0.9371111666743557,0.08750941558865999
var|oc5_tanh,hold,C,0.0,1076989.4588412342,0.07698945884123432,0.024931194851858463,0.03520660512055236,0.7287723310931111,-0.033155017401912956,453,0.5135135135135135,37,3.011904761904762,0.013053316892338017,0.013053316892338017,0.9371111666743557,0.013929315279276806
var|oc5_tanh,hold,C,0.25,275278.0079278481,-0.7247219920721519,-0.3483786786034093,0.035204555887172015,-12.351777111287099,-0.7249206358490918,758,0.02702702702702703,37,3.011904761904762,-0.2212244747762509,0.013053316892338017,0.9371111666743557,0.013929315279276806
var|oc5_tanh,hold,C,0.87,9342.412795689335,-0.9906575872043106,-0.7880856736678765,0.03523316809200568,-44.75527046605148,-0.9906559613415841,758,0.0,37,3.011904761904762,-0.8022333981143515,0.013053316892338017,0.9371111666743557,0.013929315279276806
var|oc5_tanh,hold,C,cs,1.2741828782580993,-0.9999987258171218,-0.9889631853779981,0.03609959204943417,-126.89322978715131,-0.9999987251755268,758,0.0,37,3.011904761904762,-2.3304811910619003,0.013053316892338017,0.9371111666743557,0.013929315279276806
var|oc5_tanh,hold,C,ar,101.21791906155595,-0.9998987820809384,-0.9528282161038969,0.03587573933817861,-86.52667527197313,-0.9998987343179869,758,0.0,37,3.011904761904762,-1.5792676271146378,0.013053316892338017,0.9371111666743557,0.013929315279276806
var|oc5_tanh,hold,C,tick,29889.236857203112,-0.9701107631427969,-0.6882210286109649,0.03523151684430848,-33.61535094079557,-0.9701095462283906,758,0.0,37,3.011904761904762,-0.6025233022476498,0.013053316892338017,0.9371111666743557,0.013929315279276806
var|oc5_tanh,learn,A,0.0,1194027.2746845852,0.19402727468458525,0.1867482053153673,0.024308051412387982,7.189793213425227,-0.010726877149244474,29,0.7692307692307693,13,1.0357142857142858,0.08891425675436437,0.08891425675436437,0.9260179658250955,0.0960178528233418
var|oc5_tanh,learn,A,0.25,751887.1262092559,-0.2481128737907441,-0.24068278316824598,0.024307802514235463,-11.530263386249526,-0.25277724471566343,260,0.0,13,1.0357142857142858,-0.14259023470190949,0.08891425675436437,0.9260179658250955,0.0960178528233418
var|oc5_tanh,learn,A,0.87,238778.57080701747,-0.7612214291929825,-0.7491328565321032,0.024350908520378998,-57.853592222198856,-0.7612028760210057,260,0.0,13,1.0357142857142858,-0.7167213735134687,0.08891425675436437,0.9260179658250955,0.0960178528233418
var|oc5_tanh,learn,A,cs,12442.088918630405,-0.9875579110813696,-0.9855260644250196,0.025538438391439433,-168.96754174487023,-0.9875546569871423,260,0.0,13,1.0357142857142858,-2.195343485451943,0.08891425675436437,0.9260179658250955,0.0960178528233418
var|oc5_tanh,learn,A,ar,33713.16774284294,-0.9662868322571571,-0.9621064674158135,0.02545612037412747,-130.99493513600902,-0.9662793542396466,260,0.0,13,1.0357142857142858,-1.6964910649284015,0.08891425675436437,0.9260179658250955,0.0960178528233418
var|oc5_tanh,learn,A,tick,339740.95407947956,-0.6602590459205204,-0.6473732814078015,0.02436319617099703,-43.58402402765636,-0.6602353947787541,260,0.0,13,1.0357142857142858,-0.5402147574823158,0.08891425675436437,0.9260179658250955,0.0960178528233418
var|oc5_tanh,learn,B,0.0,1116032.2481810313,0.11603224818103142,0.11181548444292155,0.02402105944208869,4.5085080658818955,-0.01364143603352197,41,0.7692307692307693,13,1.0357142857142858,0.05509724269723509,0.05509724269723509,0.9260179658250955,0.059499107717788866
var|oc5_tanh,learn,B,0.25,702771.8704238829,-0.2972281295761171,-0.28862821976680264,0.02402991272027264,-14.429768938288198,-0.29867141136726993,260,0.0,13,1.0357142857142858,-0.1764072487590388,0.05509724269723509,0.9260179658250955,0.059499107717788866
var|oc5_tanh,learn,B,0.87,223179.93438035468,-0.7768200656196453,-0.7649743226802672,0.024096041384629754,-61.22409200167612,-0.7768040601441056,260,0.0,13,1.0357142857142858,-0.7505383875705979,0.05509724269723509,0.9260179658250955,0.059499107717788866
var|oc5_tanh,learn,B,cs,11629.151690926328,-0.9883708483090736,-0.986440200259209,0.025360198576757677,-172.77616595048087,-0.9883678764530347,260,0.0,13,1.0357142857142858,-2.2291604995090726,0.05509724269723509,0.9260179658250955,0.059499107717788866
var|oc5_tanh,learn,B,ar,31510.537787963964,-0.968489462212036,-0.9644996037192222,0.02527236679099112,-134.5775640319668,-0.9684826614036148,260,0.0,13,1.0357142857142858,-1.7303080789855303,0.05509724269723509,0.9260179658250955,0.059499107717788866
var|oc5_tanh,learn,B,tick,317547.22751111997,-0.68245277248888,-0.6696400828281279,0.02409828064400306,-46.82146692563808,-0.6824325667801145,260,0.0,13,1.0357142857142858,-0.5740317715394451,0.05509724269723509,0.9260179658250955,0.059499107717788866
var|oc5_tanh,learn,C,0.0,1021910.482434745,0.021910482434744916,0.021147016633022542,0.023590255877711755,0.91575141630236,-0.02503968437975057,148,0.6153846153846154,13,1.0357142857142858,0.010990440695436317,0.010990440695436317,0.9260179658250955,0.011868496185863601
var|oc5_tanh,learn,C,0.25,643501.6463710322,-0.35649835362896776,-0.34664172170449525,0.02359276031657331,-18.371840020390497,-0.3571307605204238,260,0.0,13,1.0357142857142858,-0.22051405076083755,0.010990440695436317,0.9260179658250955,0.011868496185863601
var|oc5_tanh,learn,C,0.87,204356.47850986166,-0.7956435214901383,-0.7841420142105666,0.023644003153940087,-66.06134225469411,-0.7957832997080816,260,0.0,13,1.0357142857142858,-0.7946451895723968,0.010990440695436317,0.9260179658250955,0.011868496185863601
var|oc5_tanh,learn,C,cs,10648.224765985358,-0.9893517752340146,-0.9875461929275743,0.024788412292288307,-180.25899178867016,-0.9893532958718212,260,0.0,13,1.0357142857142858,-2.2732673015108715,0.010990440695436317,0.9260179658250955,0.011868496185863601
var|oc5_tanh,learn,C,ar,28852.709952022084,-0.971147290047978,-0.9673950436309884,0.024724945999580233,-141.0635999014076,-0.9711527013393686,260,0.0,13,1.0357142857142858,-1.774414880987329,0.010990440695436317,0.9260179658250955,0.011868496185863601
var|oc5_tanh,learn,C,tick,290765.1562511484,-0.7092348437488516,-0.6965823076341142,0.023637024711649357,-51.40296610824532,-0.7094651168716348,260,0.0,13,1.0357142857142858,-0.6181385735412439,0.010990440695436317,0.9260179658250955,0.011868496185863601
